genre,file,centroid,bandwidth,zcr,rms,mfcc_1,mfcc_2,mfcc_3,mfcc_4,mfcc_5,mfcc_6,mfcc_7,mfcc_8,mfcc_9,mfcc_10,mfcc_11,mfcc_12,mfcc_13
blues,blues.00000.wav,1784.1226412753101,2002.4124072733878,0.08304482066898686,0.13018432,-113.59882,121.57067,-19.162262,42.36394,-6.362266,18.621931,-13.699734,15.339803,-12.274304,10.970945,-8.326061,8.802088,-3.6699412
blues,blues.00001.wav,1530.2617669893777,2038.9876082704006,0.05603980870552978,0.09590782,-207.52383,123.98514,8.947019,35.86715,2.9095948,21.519472,-8.556513,23.370676,-10.103608,11.899242,-5.558824,5.3778763,-2.2344918
blues,blues.00002.wav,1552.8324814348227,1747.7540868495225,0.07629120746326373,0.17547321,-90.757164,140.44087,-29.084547,31.686693,-13.976547,25.753752,-13.66499,11.634442,-11.778322,9.714756,-13.125314,5.791247,-8.901968
blues,blues.00003.wav,1070.1534175250663,1596.4225644535766,0.03330886262567672,0.14104027,-199.57513,150.0861,5.663404,26.855278,1.7700713,14.232647,-4.827845,9.286853,-0.75612015,8.134435,-3.200026,6.078081,-2.478445
blues,blues.00004.wav,1835.12851277257,1748.4107584538087,0.10146053871809745,0.09150122,-160.35417,126.20948,-35.581394,22.139256,-32.47355,10.850702,-23.35007,0.49324912,-11.796538,1.2035192,-13.084959,-2.8104994,-6.9344707
blues,blues.00005.wav,1832.0115969728529,1729.5808044661662,0.09404153373936582,0.103452876,-177.80174,118.20316,-17.57063,30.760927,-21.742554,11.919263,-20.734299,3.1852882,-8.580818,-0.9328851,-11.772245,-2.4087636,-9.348446
blues,blues.00006.wav,1459.4696908114731,1389.068445556609,0.07305223740815932,0.14175196,-190.0688,130.27023,-36.362114,33.036213,11.093892,-0.5918819,-20.890266,0.2784424,-6.496385,-5.5127354,-7.847404,-3.1243007,-6.6028214
blues,blues.00007.wav,1451.859413795751,1577.5671157628296,0.061442246108855375,0.13176751,-179.3723,136.44833,-26.662588,39.96545,5.3108945,10.919133,-20.559534,8.50336,-11.349764,-3.4705548,-8.415842,-6.957211,-3.5460427
blues,blues.00008.wav,1719.4633657271252,2031.8293659117528,0.06402488761600927,0.14232728,-121.38979,122.49833,-14.734729,46.122135,-8.179258,20.172466,-19.171894,23.036837,-11.832729,21.154655,-6.7227974,6.989506,-12.730549
blues,blues.00009.wav,1817.2305900912734,1973.7920387617448,0.07917482356921887,0.08128055,-213.26424,115.16476,-11.69817,39.015358,-20.34833,13.082702,-9.1827,9.017152,-14.104312,4.271254,-6.0507803,3.7858355,0.22263548
blues,blues.00010.wav,1410.0234234402606,1512.304654662329,0.06295882576856149,0.14278811,-173.81046,137.17355,-23.723032,26.979677,-16.67521,4.1947303,-12.571788,5.851669,-2.8769505,-1.1783808,-1.9682404,1.8011796,-3.0069504
blues,blues.00011.wav,1352.7427097237662,1756.8820971332527,0.043930584759280744,0.06570574,-287.9319,124.010765,5.4674478,33.66307,1.091654,14.703699,-4.8811417,8.668892,0.7843316,6.57608,-4.875815,-3.176761,-5.538258
blues,blues.00012.wav,1360.6856016703396,1567.2994690310572,0.06909500676720805,0.118989594,-207.2383,132.82741,-15.45408,60.980972,0.7190263,12.4613285,1.163385,-1.5329199,-17.895847,8.360363,-2.4596508,-0.5846391,0.37226447
blues,blues.00013.wav,1324.5278252945684,1827.8501316965392,0.0514017032820959,0.113129914,-209.80392,124.46476,10.309394,47.016357,6.478227,15.41512,-2.0159416,6.7262187,-21.543222,10.720836,-5.5328465,-2.1957276,-3.0491858
blues,blues.00014.wav,1171.967431930455,1705.3701299892873,0.045036675850734724,0.066998236,-305.66437,113.07102,12.107334,45.052197,17.734385,14.590071,4.147996,0.22631137,-7.021587,13.646477,8.91421,1.3037988,5.9549794
blues,blues.00015.wav,1420.438571434397,1731.176852967896,0.06370125495456304,0.0806058,-238.51962,120.10219,-4.2219477,42.294594,5.923822,13.911398,5.350524,1.8952671,-16.928087,12.343145,3.9388995,-1.3966829,0.013027737
blues,blues.00016.wav,1455.0726339659166,1826.0433384175,0.06134406117072699,0.081422575,-233.77281,120.66434,-3.1640923,39.514828,3.8315241,18.828156,-3.6787386,4.4254684,-14.964929,17.571478,1.8461249,2.5500886,-1.230239
blues,blues.00017.wav,1089.0053435041514,1411.0016368511904,0.048326248912412995,0.09327623,-245.68724,140.48125,-2.7912185,60.404514,18.903513,9.828394,3.563824,0.52286255,-16.378489,6.6293535,7.2584243,-4.021235,1.6011248
blues,blues.00018.wav,1537.4913865266892,2053.965411394372,0.056141769987432324,0.07967066,-252.48178,104.94516,15.296445,42.68784,6.770452,21.611765,-1.3111783,5.681745,-16.636873,12.16935,-1.9619533,1.9602653,-0.89822775
blues,blues.00019.wav,1195.4981309471507,1481.0226384301282,0.05888603900812065,0.09761591,-236.67947,138.4056,-4.9304795,47.6545,5.1578503,8.887806,0.48740575,-3.788342,-14.984866,10.428946,-0.34138408,0.7833589,1.7809838
blues,blues.00020.wav,1390.3828142454292,1911.218377821177,0.05258634232405259,0.07542555,-230.36378,127.07773,7.1146965,39.767056,1.9217218,17.410606,-5.626918,8.2406645,-18.116041,13.844725,-3.7571108,2.579849,-4.3167143
blues,blues.00021.wav,1046.7751266104485,1481.0558466484933,0.047907452387857694,0.1010843,-264.67126,138.85434,11.167329,48.523926,14.904312,20.586437,3.2061763,1.2635795,-15.839373,15.975112,3.358218,-1.506641,1.8969209
blues,blues.00022.wav,1155.8692567088647,1497.9367164622345,0.05856995903422274,0.113379315,-233.96312,136.14453,3.306636,48.930626,8.705184,13.989511,5.3627157,0.4101892,-13.483557,16.860369,5.134752,-2.2307274,3.9538214
blues,blues.00023.wav,1210.1413910383174,1497.6767028673225,0.052467009860788866,0.1019351,-227.2558,137.76518,-14.502317,63.57536,5.6017485,11.988769,1.8891491,-1.8709356,-7.618036,-2.451642,-2.8980217,-9.433825,-10.939208
blues,blues.00024.wav,1120.166568707164,1448.1227679043818,0.04727604770881671,0.08692267,-274.37683,130.40738,-6.357467,70.38822,13.269664,9.472181,7.7330894,-1.2365493,-0.57098776,-2.2971628,3.7794154,0.08548222,-0.9368571
blues,blues.00025.wav,1109.3207630441668,1463.1107858840894,0.051697390999613305,0.0891659,-249.31532,131.00032,0.67787004,66.704155,17.911272,4.623277,6.603809,1.2421156,1.4099408,-1.5849273,-0.9725387,-3.5726154,-2.9297993
blues,blues.00026.wav,1198.8570176825058,1573.3099533109162,0.05197268646075019,0.07705383,-284.64056,108.80131,9.085319,51.198063,18.07189,7.6021547,8.755716,2.3540907,0.0033672713,2.2484956,4.1991253,-3.283064,1.6176828
blues,blues.00027.wav,1392.0263572927067,1494.8775639502574,0.07241441294470224,0.09575479,-228.20984,130.32317,-23.311424,70.20095,1.1310548,7.584427,0.9005107,1.9828155,-6.1644154,-9.382748,-2.56378,-4.5257525,-0.2604643
blues,blues.00028.wav,1115.5894796268226,1398.7226588974142,0.04801998743232792,0.099547915,-248.98882,139.05774,-16.27087,57.13715,20.188509,10.186957,4.54291,0.33107188,-7.8745785,-3.4545717,-2.6574361,-2.8329575,-0.90465844
blues,blues.00029.wav,1648.8848322083284,2190.0464211359326,0.05289486961040216,0.124684155,-233.72897,101.19028,17.647955,23.734173,2.0825462,25.936394,-16.956385,15.084952,-22.273954,4.38161,-23.201656,-6.050581,-5.067927
blues,blues.00030.wav,1379.0236797531356,2003.7311331314502,0.039366118039443156,0.17000204,-206.93233,117.80414,23.241365,28.308992,-1.1260132,18.867393,-21.973022,17.844067,-25.595348,2.1395233,-17.782476,-8.011028,-17.610441
blues,blues.00031.wav,1330.6062681557469,1973.2623612410227,0.04294722484048724,0.15147567,-221.87302,110.8554,18.636082,30.92296,3.2964358,22.585636,-20.40369,12.121833,-26.332514,-4.367301,-26.395552,-13.047178,-12.667627
blues,blues.00032.wav,1309.7746510229813,1883.25814994079,0.03938839846771075,0.10122466,-288.7327,105.90115,18.776207,23.682646,5.6820407,25.54894,-13.463247,12.437668,-11.963671,1.5746145,-15.640525,-6.632071,-11.693039
blues,blues.00033.wav,1430.6028402421161,2075.7185500837736,0.04197368341550657,0.13316597,-238.96988,108.68232,34.158813,30.20716,-0.4982213,27.279755,-21.377928,14.166391,-24.509222,-1.8904003,-28.051817,-11.25711,-16.457558
blues,blues.00034.wav,1537.0761619483683,2157.2970666776923,0.04570244525812065,0.13590334,-217.18364,105.78522,15.602848,25.24884,-1.4500508,30.19327,-17.716623,17.319042,-27.213608,4.338282,-20.0573,-10.700285,-14.228785
blues,blues.00035.wav,1507.1579850499309,2096.930874279644,0.04541997474381284,0.1732646,-171.79478,120.28173,15.331755,21.094315,-5.3954434,24.185543,-24.130846,18.545135,-22.342924,1.3107386,-20.765268,-4.991692,-17.108126
blues,blues.00036.wav,1247.5800479447828,1907.821245646264,0.03690734060808198,0.19766894,-200.18538,116.348595,17.990738,25.287695,0.28717083,24.193773,-22.253931,11.182934,-26.854319,-7.637254,-24.876745,-12.010829,-17.024942
blues,blues.00037.wav,1188.4732078138645,1683.0974006146994,0.048163866130123745,0.06915838,-328.56018,102.70981,19.872597,26.714405,7.1520658,22.708387,-6.9570885,12.789707,-10.729283,-0.442599,-12.38671,-8.909131,-9.215009
blues,blues.00038.wav,1514.1569585845884,2140.992473926623,0.044373172249613305,0.16801718,-192.69032,111.157486,21.351843,26.396648,-0.64950144,23.48705,-25.476696,16.92198,-16.971931,5.785404,-25.736197,-5.0530734,-17.632252
blues,blues.00039.wav,1151.310495788512,1709.5320969670431,0.03532089858855375,0.08582264,-301.70804,111.53328,21.896053,16.15057,8.19879,22.081917,-8.601798,1.4827532,-17.077759,-8.343712,-17.010782,-10.576027,-15.687029
blues,blues.00040.wav,2272.4696393575077,2356.725898674212,0.09764303279679042,0.13481365,-110.285034,90.71587,-2.5352986,74.0649,-11.763082,39.210945,-13.171311,20.544195,-17.162983,12.8139715,-21.437147,5.957196,-8.026906
blues,blues.00041.wav,2390.421813618198,2463.309240183229,0.10226074596384377,0.12910546,-107.203255,88.49288,-4.1719,55.477848,-8.0177145,38.413597,-6.4136605,28.57575,-19.81994,13.2446995,-19.248566,12.076122,-4.582267
blues,blues.00042.wav,2301.5769168965485,2367.5022763134966,0.09782391966357308,0.110940404,-159.5804,69.80602,-4.402107,76.845116,3.9148974,45.175888,-4.860274,32.20158,-9.805075,7.809358,-21.826738,9.69575,-2.5847607
blues,blues.00043.wav,2155.845202161907,2371.995585844167,0.08717463022041763,0.12730543,-109.14071,100.619644,-8.666454,47.35473,-6.568465,39.617756,-8.521923,29.572609,-16.594837,13.170881,-24.213415,6.5830193,-8.652447
blues,blues.00044.wav,2279.0311186490426,2375.2320905788447,0.09252533171403712,0.13620916,-109.53125,86.9288,-8.606026,64.480484,-6.302876,43.645935,-8.295385,28.543201,-14.081493,8.137968,-21.48412,11.087112,-5.095304
blues,blues.00045.wav,1739.1187830723618,2290.362915529216,0.048048310010634185,0.14828186,-163.24342,89.78384,12.974768,80.69835,3.663785,39.734093,-5.409266,26.490929,-13.169032,2.7055442,-20.547697,6.0114055,-2.906491
blues,blues.00046.wav,1913.013075046242,2361.665525153213,0.05845780162412993,0.10254586,-182.60481,90.67421,14.12465,67.552986,2.6751463,38.430412,-8.419176,24.123713,-13.794528,4.8405757,-16.67912,5.827117,-5.1463914
blues,blues.00047.wav,2013.0124617688687,2310.0926355891247,0.07532370818832174,0.11219959,-149.96422,93.663895,6.347333,71.49793,-8.129108,36.19368,-9.783754,17.647097,-21.112293,-0.13059248,-22.204636,5.426575,-7.464398
blues,blues.00048.wav,2148.129104035021,2204.0829869674467,0.09876687270398299,0.123896696,-106.39663,102.66919,-20.160875,59.366917,-9.960423,33.70237,-14.18707,23.52456,-13.328021,16.005512,-18.926495,7.8249483,-7.797836
blues,blues.00049.wav,1318.6118508553814,1904.751803584167,0.039961269818252126,0.08853809,-255.96312,110.83974,21.46607,67.558914,4.2955728,43.095005,-4.5027637,10.435257,-8.718684,1.6503065,-20.581207,-2.4358413,-7.146028
blues,blues.00050.wav,1945.2525228542231,2081.763029936078,0.08579060022718484,0.18228516,-83.02948,107.10442,-25.338032,57.1057,0.079835705,34.69768,-11.060306,20.544292,-11.203026,14.825527,-10.235622,12.548191,-9.764642
blues,blues.00051.wav,1977.0957174136204,1927.7012073969408,0.10660165313225058,0.19659239,-55.631004,114.9514,-37.04922,64.900314,-7.1699824,15.256333,-16.24762,18.646315,-9.762152,21.460814,-5.662462,12.79181,-16.540878
blues,blues.00052.wav,1443.75011263222,1670.6889547376036,0.0671879531612529,0.09884554,-225.26271,117.62649,-14.538812,64.79437,12.911807,19.036669,10.6702,9.886925,-2.3937402,11.683764,1.541284,3.0635996,-7.6256156
blues,blues.00053.wav,2171.3957422720473,1954.254740024489,0.1328151434406419,0.1682386,-76.74658,105.751114,-43.19778,60.959892,-8.785326,21.246374,-12.868538,18.610828,-11.409451,14.548588,-6.0564647,12.733198,-9.375089
blues,blues.00054.wav,2030.617038436817,1987.1997406909852,0.10339893597737819,0.20083979,-57.94168,109.0066,-36.21867,64.044914,1.4201568,26.318415,-17.484892,20.42565,-9.550732,18.168364,-6.064984,13.874472,-11.295739
blues,blues.00055.wav,2031.993384922239,1976.3541224550038,0.11311924485208817,0.15766303,-98.7711,104.79962,-35.097168,60.695198,-2.8405917,22.22947,-7.831078,19.035414,-11.572286,17.017876,-5.3780265,12.197646,-9.955081
blues,blues.00056.wav,1811.5485980815154,2052.001565455246,0.07550308451759474,0.13775411,-145.29242,102.850784,-12.567546,56.993618,2.2211058,26.614082,-4.29843,17.341423,-8.0161295,15.237474,-6.9487624,7.4706607,-10.477944
blues,blues.00057.wav,1886.9577813534856,1913.2410487331017,0.08993966913186388,0.17591807,-92.73328,115.32343,-35.068222,57.875343,1.8522311,26.613142,-14.536868,22.12833,-8.207463,11.016058,-5.6494255,7.278642,-10.204165
blues,blues.00058.wav,2068.3321715132797,2033.9588199378036,0.10435170751160093,0.16190661,-95.44059,105.23433,-26.953482,60.816486,-4.854668,21.543472,-13.520524,12.1355295,-20.231928,12.156194,-5.2262135,10.267819,-9.4598
blues,blues.00059.wav,2235.572388922088,2099.7993513140104,0.1422416527697216,0.169917,-86.268684,91.95878,-23.41585,68.26197,-3.8848531,22.747063,-9.897946,16.88897,-11.390699,18.429132,-7.012551,10.759532,-11.943845
blues,blues.00060.wav,1946.448570450021,1979.9041422588339,0.09742287195475638,0.19617338,-67.761024,111.7113,-34.646255,61.319546,0.044202104,30.56148,-12.693844,21.164927,-13.122508,16.284252,-6.337016,12.300311,-12.475308
blues,blues.00061.wav,2503.937744869009,2180.4392324623273,0.16753371519721577,0.14166255,-82.52998,94.16451,-27.112604,75.65927,-27.521812,35.577274,-20.303492,25.112028,-15.37021,11.353975,-13.391489,8.147321,-8.500548
blues,blues.00062.wav,2280.154186884487,2119.794149811145,0.11714180624033256,0.10622777,-144.92339,95.732994,-21.616442,49.62627,-29.88752,29.351145,-18.850819,17.902308,-9.670823,5.516722,-9.557408,6.359987,-21.088718
blues,blues.00063.wav,2839.8868647026125,2443.989707087495,0.15441054294760248,0.0962278,-129.15756,72.09806,-7.7710886,49.25128,-32.72323,21.60696,-27.371616,15.0016575,-10.260744,12.431697,-17.031103,7.1205482,-18.018093
blues,blues.00064.wav,2553.3610730069104,2280.187545125477,0.14683293153035576,0.11737103,-85.13846,88.807526,-16.32557,59.228165,-35.983376,14.397045,-22.296473,9.660774,-14.823983,11.181689,-14.806866,8.475102,-19.587511
blues,blues.00065.wav,2816.3627737389425,2372.057664509357,0.14628196297370458,0.10029806,-118.35662,74.87531,-19.86609,46.944565,-32.55983,23.820112,-26.35521,17.678152,-13.824853,11.931674,-17.888668,7.5392737,-22.89513
blues,blues.00066.wav,2340.734161475744,2256.3917617942093,0.12179161832946636,0.11043558,-116.60201,97.43107,-13.89173,48.96764,-22.596458,27.759014,-20.245163,18.638865,-14.6395855,8.482747,-16.644682,11.017631,-13.866874
blues,blues.00067.wav,2258.115149720309,2175.9191964932897,0.1127057352088167,0.12903984,-95.46357,101.38746,-20.677706,48.668915,-30.248262,20.8077,-18.291418,14.138235,-12.79949,13.443616,-14.068502,7.7323503,-19.215456
blues,blues.00068.wav,2513.3453575324424,2345.021076813045,0.13510738411156226,0.103048205,-113.20137,88.7261,-8.926565,49.474174,-34.579094,15.856428,-17.74022,14.707291,-11.190547,15.368716,-15.0683975,8.74908,-18.629265
blues,blues.00069.wav,2371.309053062197,2209.900826389146,0.12512877332269914,0.11649022,-121.47392,96.09719,-19.590857,48.038452,-38.784626,24.768978,-32.94141,8.102542,-17.818922,6.1178603,-19.995438,6.80034,-19.33321
blues,blues.00070.wav,2159.398277499849,2130.1820830909164,0.09834769854505027,0.10609345,-133.04897,105.73891,-22.158222,41.830692,-26.992502,19.118574,-26.566029,19.235983,-15.342011,6.989914,-10.814381,6.7986693,-11.726956
blues,blues.00071.wav,2429.0040940870153,2286.7671319832234,0.13464138328982986,0.12049756,-89.39791,93.79924,-14.558413,54.38949,-33.50723,19.428232,-19.761513,13.029956,-13.864508,14.617379,-14.972617,10.598986,-18.020245
blues,blues.00072.wav,2594.754688044524,2518.9037646575443,0.1291906086861949,0.10386268,-118.70431,87.64562,6.5529914,45.10232,-38.911594,20.823198,-26.864548,13.807368,-17.236187,5.111261,-15.712021,3.9887707,-27.53658
blues,blues.00073.wav,2094.777792927683,2158.361875262641,0.10054024374033256,0.2596437,-30.126768,103.738075,-19.742794,56.41043,-12.707871,20.187708,-17.338875,16.300972,-18.438002,8.925146,-11.655669,11.209243,-8.847433
blues,blues.00074.wav,2515.4635686314255,2531.2236880607325,0.12089020507057231,0.19693075,-56.0053,87.851326,-1.6130452,41.199356,-5.618329,27.792627,-23.99084,21.776114,-18.41947,12.326554,-13.712047,11.851395,-3.974117
blues,blues.00075.wav,2224.014584740542,2254.733554259283,0.10850946200696056,0.19198641,-86.491806,92.72617,-15.342206,54.05328,0.8746949,31.574251,-14.615236,23.328945,-14.971667,15.337374,-7.053954,12.179845,-6.0996003
blues,blues.00076.wav,2645.7246950388817,2426.1337925233142,0.13647177711716937,0.2188772,-52.707645,74.45461,-18.709467,56.292683,-3.9566317,31.991102,-16.460793,22.40643,-12.25808,27.22263,-9.23979,7.799893,-10.568794
blues,blues.00077.wav,2207.1391896914824,2191.577407234482,0.11153393573569219,0.24307846,-28.989248,104.531006,-30.983427,38.162052,-8.009196,30.894712,-20.60816,25.823612,-12.974684,16.943222,-12.272945,10.787743,-10.56656
blues,blues.00078.wav,2333.5524820822284,2227.361074119378,0.12381951493619489,0.25799304,-2.5430133,101.26548,-33.930927,41.52805,-13.817938,31.923836,-21.876541,24.470268,-15.8744135,15.808346,-14.370209,12.514341,-13.378112
blues,blues.00079.wav,2442.941257538624,2358.6658883014015,0.12468240948859242,0.27078366,-3.5798953,92.929634,-25.082928,45.179504,-10.856173,31.863396,-18.04439,28.626354,-10.2277155,14.668069,-14.905226,14.741958,-15.603514
blues,blues.00080.wav,1827.2572927983213,1898.4619176162178,0.09403926793310131,0.24235758,-54.706253,119.48301,-34.87408,37.540634,-15.880536,22.081291,-14.661809,18.532047,-9.647198,11.256581,-11.729359,11.540745,-6.4318557
blues,blues.00081.wav,2116.8973667172613,1956.355893699718,0.127271093145785,0.24811445,-27.024073,107.31879,-46.839245,40.927616,-21.476635,24.832184,-18.939482,15.274643,-15.052192,12.273417,-15.24018,14.332184,-13.839795
blues,blues.00082.wav,2141.540773760361,2168.08535438474,0.10512510271655066,0.25124043,-29.367115,108.66699,-25.570349,38.4609,-18.340786,21.792147,-25.148396,22.39537,-17.588984,14.681225,-12.085815,5.48115,-7.6935263
blues,blues.00083.wav,2315.021164983005,2261.837306640343,0.11795032144238206,0.25113833,-19.882248,98.88733,-24.475315,49.579945,-16.198494,30.193226,-18.027517,27.552814,-11.407699,14.870685,-8.914958,11.668755,-10.893209
blues,blues.00084.wav,2060.8418796735327,2084.916613093866,0.11336735063805105,0.23508118,-39.007614,112.05693,-31.819199,38.235607,-6.3202114,23.32046,-18.772533,23.931019,-10.932699,13.236961,-14.371818,13.3270645,-10.916337
blues,blues.00085.wav,1311.9502871452892,1673.9597094122764,0.05939169143948182,0.15012378,-180.20891,131.43243,0.60078645,43.153095,14.135329,25.614765,-5.311873,12.027975,-13.535558,-1.105728,-7.6164746,2.7149742,0.77835846
blues,blues.00086.wav,1245.6864186148591,1634.5054363833008,0.04881868414056458,0.124884635,-212.79181,139.06325,9.446759,35.453796,12.697431,20.420671,-5.582625,10.889944,-8.73331,8.059619,0.16372377,2.6487746,-1.0296488
blues,blues.00087.wav,1441.680806519086,1870.0213726733798,0.05086923880993813,0.1579406,-155.5764,125.66273,1.5785835,45.839695,0.9277811,25.383114,-10.812055,15.559012,-11.919289,1.2735378,-6.6728826,-0.78441757,-7.74382
blues,blues.00088.wav,1006.8718290855177,1530.6891910337324,0.032053605955143075,0.14199714,-194.2843,151.84703,-1.1988219,39.18811,16.589046,18.247795,-1.397014,14.86903,-11.620167,2.4414866,-5.0819397,3.9376056,-0.8988039
blues,blues.00089.wav,798.6570144423728,1284.9100008729715,0.025648171645398298,0.05275917,-346.85635,139.25108,24.052633,22.281025,18.663773,11.662003,9.016559,6.970993,-2.033026,5.4127927,1.650389,-2.3577814,3.2000823
blues,blues.00090.wav,1612.6456368857407,1971.6995942121744,0.05819685626933488,0.13184513,-177.56758,115.369,9.970585,54.043877,7.624313,28.312319,-9.054929,20.04951,-15.044513,6.2095737,-5.692567,1.383352,-5.8288145
blues,blues.00091.wav,991.4865889707818,1396.653097394131,0.03605237637761021,0.09936382,-236.30539,161.68063,-1.1661637,27.27869,9.586513,20.620241,0.22744036,13.798597,-0.5090394,10.1752,-4.4575562,5.508708,-3.7265837
blues,blues.00092.wav,918.6809999781142,1437.0351043764235,0.03231153023491879,0.063039556,-332.2246,128.08928,28.80515,41.830193,31.214472,23.334787,5.784112,9.001364,-3.8817174,3.731323,-0.87422895,-0.43919,1.485128
blues,blues.00093.wav,570.3499042411772,995.5058534728203,0.02169698315448569,0.06586,-350.35263,169.53174,31.77135,16.71844,28.658941,19.246181,7.845076,10.037885,4.7406454,2.9217067,3.900229,1.8129543,-5.969145
blues,blues.00094.wav,1239.6334480091227,1660.2697042703307,0.05087905730375097,0.14094436,-206.24908,126.61618,10.596903,43.210163,12.49674,19.42537,0.35838872,12.735203,-4.57919,4.0611596,-4.404285,3.6691213,-1.455245
blues,blues.00095.wav,1388.6328938873341,1773.0364548714986,0.05714703270011601,0.18699834,-130.57875,139.96141,-1.282277,39.30623,-6.344084,19.768291,-11.21256,27.240305,-16.548758,7.028904,-1.1964594,1.6060346,-6.6385455
blues,blues.00096.wav,1132.1718112407832,1582.7004629114099,0.04829301708720031,0.051363207,-314.57837,139.9112,11.90393,30.14179,-7.5424266,14.91705,-2.7015827,6.727816,-6.3662186,2.8079295,-11.728743,2.0779724,-11.439269
blues,blues.00097.wav,1236.310511771213,1601.9787176890159,0.04461485825116009,0.19822708,-148.64699,145.77013,-9.366609,48.437965,10.546017,18.008686,-2.6387382,16.953346,-11.500735,8.72578,-8.186318,3.209728,-0.68163383
blues,blues.00098.wav,2310.352908011414,2206.40915366028,0.12843231885634185,0.12535533,-90.67999,100.10962,-23.938423,52.602547,-20.93744,31.501324,-11.228661,20.089375,-10.90247,17.561745,-14.096043,12.994767,-11.434561
blues,blues.00099.wav,1538.5123663814206,1703.4818100127725,0.07476858565351895,0.1049854,-177.25548,136.2347,-26.89329,36.36897,-18.752977,20.8976,-1.7674739,3.0104692,-5.596907,5.6413455,-8.101526,5.6564813,-10.778819
classical,classical.00000.wav,1505.357460481124,1559.2288945546316,0.0982227015661253,0.036233008,-268.21857,135.68166,-34.056377,25.616009,-12.971723,17.903263,-9.99086,5.634088,-14.143673,7.493185,-3.9764395,8.258308,-1.3336009
classical,classical.00001.wav,1361.006486221469,1441.7399507883874,0.08776562802107502,0.030609844,-324.09125,133.56267,-25.030157,24.55361,-11.939921,17.658503,-5.5186734,1.7168901,-10.575926,-0.86057466,-7.80522,3.5297625,5.0546646
classical,classical.00002.wav,1490.2748102133896,1600.005082119793,0.09004578439191802,0.043827713,-235.30266,141.11952,-34.68189,30.97919,-16.402012,23.11808,-11.041572,7.6543603,-19.016834,4.2267823,-11.8357525,8.917746,-1.4451485
classical,classical.00003.wav,1526.6289318249846,1499.4620500848146,0.10894638498163187,0.029426444,-326.89743,127.400604,-30.596176,37.471397,-5.2961755,20.813564,-1.7786853,-4.6154566,-4.0401983,5.2422748,-0.64244896,2.7945673,7.2292066
classical,classical.00004.wav,1705.7912691531124,1646.3239737711515,0.11285716659416087,0.042297725,-259.95258,118.92713,-35.608337,31.969566,-16.524868,10.618957,-15.653265,7.425692,-5.82416,8.26638,-17.991137,-1.1879281,-6.356529
classical,classical.00005.wav,1431.0801468671511,1558.0173769522355,0.07521004024071926,0.043239165,-264.33557,138.1797,-30.096487,37.83662,-7.1731243,6.7740793,-11.809729,4.7056303,-9.825993,5.859127,-9.563163,2.6768572,-4.788712
classical,classical.00006.wav,1372.6940993686428,1579.2369224538354,0.07290118365719257,0.033204652,-295.8206,134.53781,-22.434929,40.75837,-5.8729753,9.266152,-11.873936,6.2878866,-8.864132,4.4022937,-9.374511,4.060037,1.6421571
classical,classical.00007.wav,1358.9954445281364,1516.3581505962554,0.07312700901488786,0.04087724,-286.7648,135.92358,-24.43564,36.658123,-6.240166,6.963425,-8.172439,3.8363292,-4.407772,6.43176,-4.1324863,1.5559709,-4.3460455
classical,classical.00008.wav,1516.848913603582,1629.4627805933985,0.07877792983855375,0.03403312,-292.093,127.76223,-29.910952,37.434177,-9.569949,5.109292,-13.825463,7.040886,-7.0332546,6.498645,-9.904662,4.711042,0.36506912
classical,classical.00009.wav,1216.3713864035042,1582.8796260489835,0.056246752344354216,0.023791904,-356.10693,139.79785,-6.2831244,43.18759,-8.871487,11.056036,-8.395702,4.4202566,-8.280071,8.684677,-8.132967,3.4333065,-1.4450535
classical,classical.00010.wav,1497.5036380467263,1570.672937404849,0.08621732707366589,0.029499287,-315.01526,128.71162,-28.93394,30.832693,-8.987341,7.994575,-9.845814,1.4287153,-8.980799,6.0593615,-3.308112,7.6189456,3.8063478
classical,classical.00011.wav,950.1801498031009,1112.634431739494,0.06075721734822119,0.021483667,-385.35327,177.20355,-9.33685,24.37912,5.7992835,-4.5660625,-6.359218,-6.949474,-4.1225286,3.8736925,-0.33930957,-0.9373086,-3.6557696
classical,classical.00012.wav,1180.5324896152026,1332.250312809419,0.06596252960653519,0.03139051,-362.7318,143.90761,-19.005598,30.651041,1.0206413,0.2722509,-7.991961,-3.8471584,-8.934133,3.276335,-4.4292364,3.6627495,4.925432
classical,classical.00013.wav,1388.1392656380106,1456.4228258887367,0.08087606643948182,0.03170561,-343.14352,140.10466,-20.91952,32.316124,-3.6832788,2.940859,-10.663066,0.31063065,-5.795961,7.683308,-3.6783319,2.5477433,-3.4992898
classical,classical.00014.wav,1279.5154519537928,1370.605632524937,0.06845076251933488,0.031600047,-324.6393,147.81375,-31.926256,27.40502,-4.50231,-4.1688004,-12.59746,-5.1306887,-7.7447653,0.84441334,-8.192252,-0.82764465,0.99237734
classical,classical.00015.wav,1371.4447396060214,1562.1162072434677,0.07571871374709976,0.011428219,-449.5024,124.97929,-19.903538,27.45521,-5.76978,2.218913,-6.560758,10.581615,3.3420105,14.3803425,1.979647,5.2490325,4.427051
classical,classical.00016.wav,1054.7328868522359,1455.7671648912903,0.04765745843000773,0.008011807,-482.57535,154.85045,-5.0330462,29.729904,-1.8655614,8.21654,-4.778444,9.632519,-3.3466733,4.530603,-10.102243,-0.6701806,-2.4489703
classical,classical.00017.wav,1358.6023759424515,1417.3935040359652,0.08107885610015468,0.03735472,-311.5614,148.68465,-33.492855,10.352457,-12.897486,1.2300147,-12.900196,0.8069202,-9.733505,2.0582037,-5.113307,6.7274017,4.6117973
classical,classical.00018.wav,1157.8655406408493,1320.6167049696312,0.0706663434116396,0.018675078,-405.63312,145.72554,-0.84949195,23.064943,9.217205,-2.6364682,-5.7427993,-2.079298,-0.638366,6.745994,2.7888033,2.4446673,5.083243
classical,classical.00019.wav,1185.144479134992,1525.2572656860052,0.057628894165699926,0.0079903165,-475.8085,141.50447,-8.465948,34.003716,0.51044405,6.0372624,0.0038525315,9.544265,2.1649945,7.102437,-8.052562,-0.115624756,0.7636801
classical,classical.00020.wav,1218.1514494719818,1353.4574729324129,0.0697996725154679,0.038423505,-300.90747,161.1279,-24.245857,27.956917,-2.8630512,2.3890126,-11.268324,0.22309761,-6.8389354,6.093652,-8.139803,-1.8150443,-4.120981
classical,classical.00021.wav,1371.3948853640532,1441.3355777497557,0.07953924074342614,0.04545146,-278.16513,147.88019,-31.550192,20.351751,-9.574066,-6.2306337,-13.595258,-0.6612342,-7.273572,1.014918,-11.761826,-0.96557987,-2.2157323
classical,classical.00022.wav,1211.4313268289068,1367.4757152666234,0.06844094402552205,0.047870062,-278.80756,160.00061,-28.392517,23.027172,-2.7092493,3.0009243,-11.297818,-0.51610196,-11.366227,3.1746962,-5.085273,4.348031,-4.0713315
classical,classical.00023.wav,983.9717194937225,1404.4080407237955,0.04421683161736272,0.017138014,-406.84668,163.08134,-2.372812,32.416626,7.946261,9.632712,-5.45672,9.490358,-3.060804,10.187205,-10.35241,-5.4048333,-8.054707
classical,classical.00024.wav,1253.0323992049643,1371.2581696144275,0.07162893343967518,0.06666443,-223.18733,163.25397,-34.412884,24.186995,-10.303666,3.2221324,-12.889323,0.80370414,-14.28119,1.6788578,-10.140899,0.23151687,-4.558466
classical,classical.00025.wav,1184.272616731386,1304.9373982761615,0.0682921560808198,0.064087525,-221.30133,173.31781,-37.445774,24.35597,-8.682666,3.3846245,-12.844792,1.0788687,-15.323445,0.4238257,-9.6230135,2.288309,-4.4905114
classical,classical.00026.wav,1278.5184062359633,1311.7939716144738,0.08173216357308585,0.038886134,-319.2353,143.68849,-31.174316,10.929482,-5.559396,-4.257987,-8.956228,-5.580584,-8.02272,2.3428676,-4.4802847,-0.3207867,0.96291184
classical,classical.00027.wav,901.7378802312896,1171.8336152642564,0.053432620963843776,0.028405773,-366.2604,181.60039,-5.51421,26.999447,-4.8282466,4.6016793,-10.550475,0.15556985,-11.136406,3.576607,-10.338357,-1.0807841,-4.597426
classical,classical.00028.wav,1314.399292126819,1371.4197451106804,0.08109509437838361,0.06257815,-228.95596,153.91904,-30.704666,20.802929,-6.0996633,1.1756067,-10.78928,-3.8661342,-11.594046,0.86720824,-8.2999,-0.71556634,-3.077816
classical,classical.00029.wav,1559.304028746667,1579.070912104432,0.09219376873066512,0.041609988,-297.12802,130.24132,-30.590057,27.473576,-7.0638957,1.9754049,-11.136684,4.744581,-8.7696905,5.404951,-5.3879395,4.4562883,1.7435378
classical,classical.00030.wav,1243.6691621009502,1359.0781704941119,0.06370465366395979,0.029710459,-315.7878,149.6681,-30.549932,23.213522,-8.68629,-10.101967,-15.724107,-4.0400286,-7.6393766,0.046328187,-11.144776,-7.673778,-5.867613
classical,classical.00031.wav,822.6139611536199,1136.385886870506,0.03944315545243619,0.026786793,-374.00146,172.43169,6.4013906,20.147358,5.863239,1.5984085,-6.7120857,-1.1907266,-0.28920582,0.33138114,-6.5567055,-7.3027678,-7.334054
classical,classical.00032.wav,792.9088884169765,1205.3041487217174,0.036572756549690645,0.008042203,-498.6033,177.51414,11.2123165,27.632616,-2.8363297,5.0898414,-6.6001606,-1.0522395,-4.139637,-3.0476696,-9.911628,-8.576438,-9.19357
classical,classical.00033.wav,1128.3811387274045,1375.9677083090835,0.054395966260634185,0.012353785,-429.07135,120.768425,-1.7005684,17.942797,7.7381415,-2.054263,-3.9395752,-2.5293143,-0.5850701,-0.80839604,-9.05951,-3.6882565,-0.9795186
classical,classical.00034.wav,1369.5923998136116,1465.8273109928452,0.07354051865815932,0.03889977,-309.26334,138.65692,-29.71562,33.617283,-0.36966026,5.228342,-6.3285327,3.2850165,-6.703107,-0.68848854,-13.24687,-8.538453,-9.6672
classical,classical.00035.wav,1016.2036312413069,1151.987370851228,0.06112352269431554,0.040636025,-319.72226,166.00253,-11.9387,27.27777,7.8312716,1.7412491,-7.853774,-2.4011252,-2.90487,-2.5207543,-11.3745775,-4.6163793,-4.492808
classical,classical.00036.wav,1282.3275301478,1503.4940090040182,0.059409440255220415,0.015997374,-419.33255,127.41256,-3.7806556,23.201252,-4.313285,4.0386424,-8.204688,-7.614801,-7.0662546,-2.9135451,-7.399464,-5.427491,-9.091689
classical,classical.00037.wav,1533.6492784629652,1464.3999469546418,0.09391540385730858,0.041480094,-275.4436,125.33516,-41.033215,24.59948,-4.7629037,-4.2574043,-15.00206,-5.0420785,-4.998162,2.4723501,-10.893561,-8.01609,-5.1683517
classical,classical.00038.wav,1279.480875341797,1339.127468705946,0.07583880147911833,0.04432254,-275.9678,146.32536,-36.601395,24.209837,-2.5517092,-2.155176,-13.30885,-6.500922,-9.406593,-3.1215193,-11.546325,-4.1899295,-1.6999393
classical,classical.00039.wav,1633.5822989966382,1734.7786698526581,0.10895658110982212,0.012809237,-409.5085,116.79858,-16.184534,11.701641,0.6897332,6.0123076,-4.265308,0.4997359,0.4310803,12.586632,-1.1213994,-1.1413047,4.9480686
classical,classical.00040.wav,1396.7128037657276,1525.5363770465235,0.07262022368039443,0.019727545,-358.75812,129.07834,-30.378685,19.878695,-10.365978,-0.6496008,-10.599927,1.5427625,-3.966615,1.8717922,-8.833108,-7.1691914,-8.212051
classical,classical.00041.wav,1329.4563630678226,1415.5981775548419,0.07881720381380511,0.021284299,-368.52054,124.2544,-31.574648,17.583704,2.324991,-5.9451766,-11.797775,-5.5220284,-5.396873,-1.3089094,-8.424349,-3.616905,2.209631
classical,classical.00042.wav,1326.2905913173308,1326.6915009806619,0.09386497754204894,0.13413325,-160.66153,164.26509,-48.742672,1.6567883,-7.6118655,-2.6635227,-11.042241,-7.000248,-8.0976515,1.2511178,-5.369692,-4.139391,-5.4268584
classical,classical.00043.wav,1063.396723083687,1552.7595174328826,0.05100896352958237,0.11531047,-249.65216,161.55922,10.15452,-3.0576775,-0.573579,-2.0703812,-12.1973715,-8.612416,-14.639438,-12.048641,-12.293453,-7.161874,-7.8807273
classical,classical.00044.wav,1181.884073002171,1412.491700634388,0.0717101248308198,0.017921153,-402.20825,153.97675,-15.228629,15.294281,-3.0716236,-3.1837263,-9.759971,-17.305773,-12.305011,-7.9180746,-7.099395,-0.29572114,1.5226655
classical,classical.00045.wav,1176.9449938974453,1504.862179602883,0.06226149338942308,0.13830632,-171.08478,156.89876,-21.83331,5.3263197,-4.0699153,-3.731567,-8.900291,-4.9369226,-7.900487,-5.3933387,-9.340079,-6.6050344,-7.78757
classical,classical.00046.wav,1878.4940039517187,1964.8146727469318,0.11157585315158546,0.11506871,-85.30834,118.44306,-31.477152,20.282328,-4.4176335,6.9121923,-10.952412,-1.6223388,-7.3614726,-3.0186849,-4.444011,-1.417289,-4.253397
classical,classical.00047.wav,1174.3248424595008,1518.1262097791348,0.06634016398395205,0.009491226,-436.85822,154.08043,-19.861963,20.18266,3.1738954,0.45094606,-6.5277185,-4.6089153,-10.058647,-6.156632,-4.53336,-2.7670465,-5.211671
classical,classical.00048.wav,1514.0972710756876,1640.5787077164587,0.08720002350983797,0.1608002,-124.04526,148.59566,-21.581469,17.421335,-1.4155146,4.123948,-7.0207763,-5.1447277,-5.8456483,5.0245104,-6.226354,-1.9116533,-0.90014344
classical,classical.00049.wav,2224.8938399288413,2274.325029414401,0.10944642813951239,0.12373418,-98.35358,98.3555,-20.490532,18.820034,-2.095781,2.665037,-7.3115172,-3.5901136,-7.989524,-1.9183743,-4.731997,0.6237759,-2.5930846
classical,classical.00050.wav,1170.256219376788,1595.7242596609303,0.04948709698859242,0.00796935,-449.5513,151.49677,-12.753423,44.259808,6.250195,4.0544987,-1.4762168,-1.6236228,-2.4865205,-4.2856755,-9.663299,-1.3531811,0.13567686
classical,classical.00051.wav,1527.645526264714,2079.667989385167,0.06010507872968266,0.08052824,-230.27237,119.15338,-1.0512227,28.384487,10.00878,16.125822,4.793946,6.1923785,0.95159584,5.915187,-1.1755236,3.5739167,-2.0996544
classical,classical.00052.wav,2411.5244663469507,2435.8949417202534,0.12693159984048724,0.055439595,-186.65797,86.64906,-15.726744,14.733744,-2.2077508,6.2551727,-0.89246273,0.65540314,-6.0940466,-5.2228494,-7.8795443,-1.725549,-4.7003126
classical,classical.00053.wav,1462.3835644748758,1556.0280335329028,0.08767017105137509,0.13828577,-121.83351,149.66736,-42.832016,24.485321,-5.4060426,10.664615,-2.8184383,0.7835227,-6.3980646,4.4740596,-1.2259257,1.2524998,-1.1988703
classical,classical.00054.wav,1702.24789858299,1602.739219435898,0.11507495897545662,0.17407946,-108.06734,127.27673,-44.952744,31.253359,4.3463645,-4.941817,-15.889656,14.636189,-7.799102,-1.2097646,2.820962,17.278034,-4.09775
classical,classical.00055.wav,1079.788869352158,1388.9508329028724,0.05933844499226605,0.013054552,-483.96786,144.165,1.3792461,8.07079,4.933558,-2.316337,-2.740416,-6.8436475,-10.15446,-8.070669,-7.157022,-10.55595,-7.773563
classical,classical.00056.wav,1681.2723869009876,1708.7129581679008,0.09672226140528549,0.1897104,-81.11545,129.04564,-42.44421,33.13707,5.685447,-6.503762,-2.2667923,7.401878,-18.70608,2.4765916,3.7434185,1.8843731,-10.075478
classical,classical.00057.wav,1751.5809593775805,1930.4849664370809,0.09522957149071926,0.016776716,-367.0708,112.81916,-18.745602,10.175582,-1.6043581,3.799532,0.9256812,5.063905,-5.3709044,-9.514625,-8.494094,-1.7862537,1.2870401
classical,classical.00058.wav,1137.8827996451196,1480.5104233029067,0.08184394334880124,0.029991465,-349.94827,161.8574,-3.3694623,14.163238,5.7316146,3.5070765,2.9739192,-7.0916595,-7.915771,-0.36118275,2.8649027,-2.4754703,-6.782114
classical,classical.00059.wav,1551.3608602773115,1651.3849045281731,0.093266250362529,0.06912917,-197.22751,137.38995,-34.15922,25.363323,-5.2644143,-2.7768815,-9.50855,-7.613304,-7.647625,-5.667732,-4.3843036,-5.424353,-3.5282192
classical,classical.00060.wav,1803.800200335076,1898.2240636826543,0.1040197668938515,0.06871983,-166.42174,122.12508,-32.114124,16.680294,-5.4001336,-2.4928677,-9.827045,-4.8984995,-6.967043,-4.5714536,-6.6540885,-5.4923553,-5.371946
classical,classical.00061.wav,1322.7344268727697,1591.4631454881153,0.0761046560808198,0.04818047,-274.3259,148.35321,-20.328934,21.799068,7.9280887,3.7767048,-2.2288494,-6.0878696,-5.6230106,-6.6903195,-5.9035316,-4.5922475,-1.5412745
classical,classical.00062.wav,1474.7414794976396,1813.3070119082047,0.07402917754253674,0.038906395,-305.44928,135.9327,-11.758563,18.213852,10.375582,3.0047128,-5.5933824,0.14134428,-1.354128,-1.8684579,-3.208138,-6.7502136,-2.693773
classical,classical.00063.wav,690.5300405312647,1358.8453228898059,0.03604482369006187,0.020141035,-465.89728,180.18097,56.64645,11.035487,5.84732,0.73516005,-3.9715195,-5.886589,-8.459515,-9.785687,-7.6918125,-3.2519479,-1.8584505
classical,classical.00064.wav,1118.450246121639,1945.015063714326,0.0422878752175174,0.012558122,-498.64725,145.66858,46.470146,15.258628,3.0686219,-0.83228415,-5.2227077,-6.210678,-3.811383,0.08911605,2.7176886,2.2169223,0.24056222
classical,classical.00065.wav,829.0091477951953,1326.064871077092,0.04750791521655066,0.029224372,-421.5947,172.78944,28.069185,-2.5672545,-3.5711489,-4.8697968,-8.89614,-10.693691,-7.677653,-7.9523697,-7.321746,-2.7029622,-0.91081494
classical,classical.00066.wav,795.5192461669651,1296.7071458507803,0.04502194811001547,0.031763878,-429.1393,175.105,31.898457,4.288325,1.0443158,-5.7782183,-9.484334,-11.283601,-10.578688,-8.663466,-6.3293443,-1.6777816,0.82280564
classical,classical.00067.wav,1117.67544135447,1701.520038463955,0.04635726326856149,0.031705387,-413.4534,143.48242,31.305882,14.029362,1.5161096,-2.2952938,-6.4711924,-8.109996,-5.934282,-4.475447,-2.8047547,-0.8226045,-1.2224383
classical,classical.00068.wav,1559.9200748058706,1616.1762903547888,0.09517254869972931,0.05735519,-234.44064,130.26003,-39.531036,19.348919,-6.7951365,-5.134988,-3.7098153,-4.0319524,-5.0715547,-1.3709053,-7.748646,-4.3807516,0.47027847
classical,classical.00069.wav,1349.5622465655813,1523.3561881481853,0.07925337151972157,0.02913211,-321.24756,136.29433,-28.28276,31.008646,0.5742582,0.23691237,0.6586136,-1.3397088,-0.058611777,-0.42391247,-6.176197,-0.14452073,-0.4549771
classical,classical.00070.wav,1355.7633127675824,1615.6700685934472,0.07083778941898686,0.031924274,-321.1392,134.57178,-18.24004,22.185543,0.42837247,-3.8020203,0.48775446,-1.1469616,-1.9024941,-0.10495498,-2.7560537,0.5838328,2.4930167
classical,classical.00071.wav,1397.3892884939066,1574.4155381124056,0.075862970079273,0.0516711,-269.7108,136.43422,-25.016579,26.403866,0.68106735,-5.372084,-1.1092931,-1.4986668,-0.17736816,-3.8057547,-9.296668,-3.1443982,1.6502777
classical,classical.00072.wav,1285.3702594238277,1660.3917435830515,0.06374241710170148,0.020713143,-360.83868,138.97086,-12.927217,33.778614,7.5961585,-1.7088121,1.0270189,4.0721283,3.938996,0.9415783,0.5166481,4.6864805,3.336596
classical,classical.00073.wav,1211.8707246042638,1338.321478547217,0.0709397507008894,0.043788467,-306.85605,152.84921,-27.586615,16.327555,-3.1488068,-8.940591,-5.437477,-9.772418,-7.1042967,0.29831228,0.8934093,5.4443207,8.212006
classical,classical.00074.wav,1360.1636476762342,1572.5759014703503,0.0721379845804331,0.037281636,-289.74127,143.90283,-27.002756,24.065563,-1.1469277,-6.3004317,-2.745879,-3.524174,-3.0163455,-3.1469986,-7.264607,-1.6910166,3.0758984
classical,classical.00075.wav,1171.477078803794,1466.896056192877,0.06086408787703016,0.016472353,-413.00116,138.53171,-19.246777,34.156403,8.985244,-4.2935634,4.1500463,0.8692793,3.081244,0.12008622,-4.0598006,3.7838356,5.9190683
classical,classical.00076.wav,1340.8675515904358,1539.4431678218646,0.07174562246229699,0.058806058,-238.74171,149.72977,-28.855423,28.25653,-0.80010945,-3.9364913,-2.1363714,-4.325534,-4.18362,-3.438125,-5.753285,-0.09010243,2.5456483
classical,classical.00077.wav,812.1207958821843,1009.9219073591227,0.048334934503093584,0.016747132,-477.94348,155.32089,12.7602215,5.5314426,2.3841317,-10.652273,-16.651352,-12.546622,-11.187111,-9.374714,-3.2156122,-2.7692902,-6.477842
classical,classical.00078.wav,715.8536806386658,1031.2457016633775,0.041281857236078884,0.006627279,-552.1586,173.31636,26.347733,14.1246195,7.2601404,-7.080264,-5.8543334,-10.337285,-11.018615,-9.1995945,-8.825932,-4.9307857,-3.6539578
classical,classical.00079.wav,790.5070052979709,900.4092980707564,0.05208824258023975,0.018832877,-437.6044,170.93153,7.4195814,-3.083473,0.7893821,-11.128749,-12.52278,-6.907836,-5.858702,-8.461237,-8.481487,-8.339388,-7.378575
classical,classical.00080.wav,973.5355866616919,1617.4966766203381,0.03153360341744006,0.0052698436,-549.5697,156.96532,6.631246,34.402447,13.249272,5.748277,5.040782,-3.0072958,2.0624192,3.0736666,2.0175803,3.2438076,5.667017
classical,classical.00081.wav,1214.3502552431958,1540.1999467691455,0.06057444230955143,0.016528226,-374.65198,153.82292,-21.559772,20.833046,7.002672,-3.9453752,-2.5165145,-2.8052351,-4.2927785,-4.506135,-5.7571154,-4.25979,-3.8456016
classical,classical.00082.wav,1415.4129895873043,1449.0029510876852,0.08737817514984532,0.042979293,-263.99594,142.1169,-51.378956,5.016686,-20.275646,-17.12978,-16.075098,-20.311262,-15.041228,-9.737654,-8.4088335,-11.790934,-6.8859296
classical,classical.00083.wav,853.0763810402683,998.0067848662262,0.050776340753093584,0.041856874,-338.83044,190.14244,-16.293915,3.7036424,-0.44072822,-8.890434,-10.38858,-16.360968,-13.284851,-10.792324,-8.643245,-8.279585,-4.624201
classical,classical.00084.wav,1002.6849591662105,1152.7266763123716,0.057944596505220415,0.02199149,-368.99612,171.87369,-27.293062,6.0049872,-0.16409573,-10.674203,-11.9248295,-10.194441,-11.368568,-10.507292,-8.375313,-9.789171,-5.058682
classical,classical.00085.wav,1525.7917091607942,1588.2178499718073,0.09158955372679814,0.0388853,-246.15865,149.42867,-41.988865,11.606256,-10.289648,-4.0193577,-7.1368546,-10.135562,-9.420322,-7.171843,-3.1583674,-5.640657,-2.586296
classical,classical.00086.wav,1356.2906973182814,1495.0511816850062,0.07683462333236658,0.03149893,-283.51343,159.5616,-29.515244,18.527405,-9.859647,-3.4256573,-10.98901,-9.791544,-8.29952,-4.2436934,-2.8717248,-5.970813,-4.0241084
classical,classical.00087.wav,877.3225402716945,1109.2624488875817,0.05104483879543697,0.021454155,-392.925,190.73505,-13.30989,8.256799,1.556012,-11.073181,-11.240291,-13.994958,-10.621299,-9.390467,-4.6211743,-10.071729,-4.821782
classical,classical.00088.wav,1304.1427959179266,1456.7850189139303,0.07056627030162413,0.02825728,-299.62308,157.25868,-37.329967,15.76609,-5.7509174,-4.4520483,-6.8125167,-10.72881,-9.877373,-8.156403,-5.426561,-7.837365,-2.7309942
classical,classical.00089.wav,2423.3323353649416,1884.6631904527787,0.16665269419470224,0.035111424,-301.9321,57.551674,-59.138557,33.53785,-20.924202,17.733927,-0.6399966,49.018703,19.130726,27.11223,-17.640003,-0.28261402,-3.7509396
classical,classical.00090.wav,2172.3382154638084,1883.4673596592563,0.15196460508507348,0.02384028,-326.38028,85.908844,-42.970146,31.839684,-19.570826,9.9973955,-16.449766,9.995579,-8.598667,25.513878,6.546204,16.401815,3.4843893
classical,classical.00091.wav,2192.5069045226314,1911.8310735892937,0.15240530440351896,0.044732843,-251.23933,88.76645,-41.775455,37.914806,-12.039209,21.623262,-5.8672247,25.71373,-5.204475,14.297369,-7.54923,10.474767,-4.9246387
classical,classical.00092.wav,1807.928082376864,1439.04863109303,0.13096813370069604,0.08412108,-299.6929,103.639175,-27.674162,51.015617,12.293651,16.498365,-10.951071,-0.887635,3.8555367,12.946044,-12.410851,2.478124,5.183284
classical,classical.00093.wav,1623.7580253062436,1551.132227424729,0.10824964955529776,0.08244843,-207.42522,117.61353,-41.420906,13.249367,-1.6709114,15.538313,-10.338402,-1.8724031,-12.771743,6.9996595,-0.7737135,2.0700433,-8.253666
classical,classical.00094.wav,1423.5649269846951,1696.698162070151,0.07011877356438515,0.01398589,-385.87155,128.65533,-26.71042,39.469887,-2.1612148,16.753073,-5.728032,14.715788,-3.0880723,12.3004465,-5.8861976,2.797903,3.690245
classical,classical.00095.wav,1800.8758120131474,1781.07705783052,0.12435424521461717,0.013560658,-422.54468,89.863014,-18.73295,37.771908,6.006347,4.1578536,-1.9991796,12.114278,4.1649375,13.789986,2.8316238,5.892905,6.113412
classical,classical.00096.wav,1933.7503480662401,1740.4389584430214,0.11757193179621037,0.05696003,-203.65866,111.14665,-51.54852,39.4677,-10.575404,11.908858,-13.1665745,15.140764,-7.2812214,13.376247,-7.3036685,3.8474364,-3.781568
classical,classical.00097.wav,1494.4657470360255,1671.1997576909134,0.08590993269044857,0.036695167,-280.7058,122.70871,-14.398484,26.855293,1.342496,5.994597,-13.10901,3.3745084,-11.562682,5.1796885,-1.0512308,2.7557733,0.057794534
classical,classical.00098.wav,1952.6079332127845,1865.996046893325,0.12342262120552977,0.029083412,-287.6037,101.75817,-35.34541,41.28016,-12.727132,17.276148,-13.967989,16.304947,-5.592962,13.65411,-8.788416,-0.053095203,-13.757536
classical,classical.00099.wav,1525.0760420116658,1868.967417911651,0.08068536107888631,0.010499871,-378.6962,126.49836,-18.83014,42.88959,-14.325575,25.359526,-14.636545,18.717955,-10.184204,21.119013,4.4280825,18.228247,-10.292282
country,country.00000.wav,2798.0656266251635,2847.5411814192466,0.1072048611111111,0.24829563,-23.104954,70.25588,3.8055308,28.323957,13.754286,5.728135,3.9737794,7.4728084,2.6279068,8.490235,-2.3202078,2.0890799,-3.3720124
country,country.00001.wav,2938.1313051156862,2839.646685978091,0.12698824499709976,0.23040177,-7.9727893,62.724636,-1.45917,28.109985,9.967061,9.363964,5.415904,9.82543,3.0275455,8.420949,0.310713,6.540354,0.7373716
country,country.00002.wav,2308.811438098025,2618.613432216076,0.07416238114009939,0.14652665,-120.3052,79.22588,5.2293863,34.548218,16.506737,13.129608,6.3450894,9.962078,-2.0015073,6.8100677,-6.352069,0.22815081,-6.8128085
country,country.00003.wav,2174.1604935047117,2281.058760714112,0.1025643835864938,0.2042707,-57.75979,95.76648,-10.109319,40.979637,13.979035,-0.98985827,-0.18847127,7.4250774,-3.6333375,9.545139,-2.9410644,2.4362512,1.9947801
country,country.00004.wav,2966.1571589936843,2848.1234947138532,0.12416100280572756,0.2093933,-20.78135,62.950428,2.3044403,30.773718,6.973462,6.5058117,6.3236365,9.873086,3.4352968,9.372202,-0.404158,7.5194154,-0.9842738
country,country.00005.wav,2926.532916728232,2737.079970118491,0.13637249376438987,0.20379831,-24.671667,62.440266,-7.7540884,28.432592,10.997147,5.551389,-0.086744234,13.74509,2.8998165,9.909151,0.85377365,5.952079,-1.2259914
country,country.00006.wav,2807.9125120088343,2778.308824727949,0.1283081334879495,0.21399127,-23.201923,71.15687,1.5760127,24.438925,16.31995,4.5767665,-3.8856642,17.993046,-3.3505054,2.4355412,2.915715,0.81521153,-1.1092839
country,country.00007.wav,2898.787368032488,2878.9661651993006,0.11293582502902477,0.24406008,-20.81746,64.90752,6.7671013,26.357126,11.665423,13.185629,-1.9791069,8.582197,0.4728952,7.441096,-0.41490942,6.945586,3.6606066
country,country.00008.wav,2505.851670781852,2574.313231970527,0.10456258734097919,0.2743448,-19.763226,76.64638,-4.826523,32.23872,7.710495,17.18376,-1.4951018,9.149327,2.7572665,9.145537,-2.6543097,7.5196233,0.38755095
country,country.00009.wav,3191.2596105890007,2948.014284587389,0.15687278464988427,0.23645693,12.145776,58.997505,0.93959504,26.743252,9.245794,3.5632026,1.5272026,8.654258,1.0029399,11.647983,-2.1983073,1.1939831,0.48530078
country,country.00010.wav,1861.4546090166984,2127.2426522755313,0.07654006851798144,0.074670546,-197.70268,106.49648,-4.43353,37.656395,-0.8653605,-0.96210355,-3.4531171,-0.04980563,-9.302802,-5.177724,-4.2500987,-3.5460408,-1.3531575
country,country.00011.wav,2839.25842945996,2798.5048227301195,0.11016274531129157,0.07847474,-199.05687,61.1464,9.977331,23.48061,10.260272,0.0013762885,8.017387,1.1231515,-4.8983784,9.487702,-6.3569746,3.8757424,1.6276604
country,country.00012.wav,1667.5169597765603,2052.754370274817,0.06405358782869296,0.12688757,-141.01443,123.921104,-2.5103798,27.954958,-0.004282185,1.2101254,-11.015173,-1.3653064,-7.0197535,-6.129559,-5.1838574,-2.1625636,-4.5987415
country,country.00013.wav,2811.872177544087,2841.7562730726136,0.1295221716695669,0.08002811,-126.20302,77.6602,3.1578352,19.944595,10.8167715,0.72969556,5.22846,-0.49303123,-0.995941,5.39514,-3.7251055,-3.493331,-5.336726
country,country.00014.wav,2952.9885811173413,3036.4590945849873,0.12478399313611756,0.092618205,-124.6224,72.49065,16.715553,18.250063,12.224811,8.094713,7.986082,-0.5102592,2.3697214,-0.56879467,-5.5688143,0.543314,-5.0568647
country,country.00015.wav,1958.9864228599774,2146.923519804291,0.09423639307811292,0.104739845,-116.19743,111.75399,-5.2453566,33.98964,-12.460974,4.2414293,-14.408438,8.494256,-8.198441,-1.3370373,-12.551117,-5.0011096,-2.139346
country,country.00016.wav,1426.0207482117,1648.467920931343,0.060195297394624904,0.079806626,-210.10042,139.62177,-17.025503,57.99346,-9.658052,-1.9567308,-17.993433,-8.213174,-11.769385,-7.876312,0.6242503,-9.962925,-6.469421
country,country.00017.wav,1470.2190431491572,1960.209861429048,0.06387005752126837,0.088679396,-171.32309,137.33298,7.9547596,28.53364,2.6904233,-0.5032653,-2.9567094,-1.1481972,-6.1525826,-2.397033,-5.854901,-2.1742196,-5.3409767
country,country.00018.wav,2068.869796587892,2370.15807218592,0.09558907941802011,0.09675965,-131.1577,102.98625,-11.529913,17.738117,16.948603,4.4418244,1.2972012,3.413476,-1.5013238,1.6068558,-7.989871,-0.82989705,-8.8802805
country,country.00019.wav,1138.970375102019,1462.5548366603607,0.0509447656854215,0.082008675,-256.0997,163.07938,-22.86085,26.92573,15.294624,-3.5060468,4.2238126,-0.7875759,-9.461129,1.7529933,-4.4277167,-3.6453378,-4.2500978
country,country.00020.wav,2407.9531761672592,2532.4203413039213,0.08680454853054911,0.105174266,-161.19606,74.76473,22.41922,46.01183,5.2807126,25.113438,-0.57611626,10.385749,-6.833753,5.0545835,-0.7702397,1.403467,-6.0123224
country,country.00021.wav,1044.7200862613543,1393.8079039816196,0.04564919881090487,0.10979616,-209.33365,167.1017,-20.841473,36.802998,10.272971,3.9958642,-5.6698804,-4.625789,-6.24442,-4.1741776,-6.6804767,-3.2626216,-7.9688377
country,country.00022.wav,1719.4714520311265,2142.376265771634,0.06805726749806651,0.07508869,-195.07317,114.25745,0.04147549,38.20062,11.286058,-6.0460644,1.228559,0.014777211,-15.4136305,-3.5779057,-6.1284695,-4.5047817,-0.124256626
country,country.00023.wav,1495.5580556268485,2331.9170617315413,0.03546364438321732,0.03888375,-353.09116,110.67462,32.743443,24.189941,18.754097,5.9265885,-1.7344856,3.8793368,-2.979119,-1.9010768,-2.8730128,-0.9832503,-6.486425
country,country.00024.wav,1738.8802794251512,1907.2670832046574,0.08241794760247487,0.09655079,-200.06026,109.140465,-5.5424633,48.140514,1.2196503,4.592618,-9.150065,-1.4768,-11.666416,-5.2047043,-11.545386,4.980433,-4.9844666
country,country.00025.wav,1565.155663257242,2016.0878279617248,0.05727693892594741,0.07988017,-200.6344,119.69184,-3.5907485,31.953747,9.979258,15.293263,0.6465807,0.2359245,-4.4701905,-2.3123803,-5.261341,-2.4783907,-6.041272
country,country.00026.wav,1270.301226914328,1702.208123239175,0.05480418902262181,0.10050229,-194.2351,151.79347,-3.0450046,29.49471,9.111862,5.969347,3.7879229,3.7599013,-5.853435,1.5923065,-3.765781,0.94019216,1.9712703
country,country.00027.wav,2011.7251476004385,2140.448308361406,0.09735036615429234,0.11655147,-100.76679,106.98421,-27.158413,29.09983,5.039681,-5.423927,3.2426603,-5.179371,-5.1185827,-0.8158501,-3.8342147,-2.7052548,-6.645411
country,country.00028.wav,1474.2739870616333,1886.0071281542077,0.05981539721094354,0.09406918,-169.22511,132.78679,-13.487546,31.186213,6.340469,-3.7556648,-2.0590017,-3.6253169,-4.56124,1.2809825,-6.97704,-7.2528353,-1.3950258
country,country.00029.wav,1214.2001323890852,1555.577737612877,0.054210547781322505,0.11706559,-171.242,160.48726,-17.805805,30.491003,7.5109696,-8.247462,-5.6675158,0.1315498,-8.835052,-2.655703,0.71199787,-3.7818258,-6.5020747
country,country.00030.wav,1240.7101460307977,1997.01199708467,0.0428343121616396,0.07958206,-277.10757,128.25293,42.425163,37.693504,12.766559,9.593898,-5.988017,-7.539555,-8.03414,-4.942542,-6.532016,-3.6276438,-7.2275634
country,country.00031.wav,2053.1842219986365,2187.743333767352,0.09532511298820573,0.100796506,-130.48167,104.1242,-19.271059,34.147877,5.397541,-2.171723,-0.7280454,-2.9078915,-5.4620857,4.0693655,-4.4698324,3.5257306,2.148122
country,country.00032.wav,1823.2405420958114,2205.841484150421,0.06758635742942769,0.060507,-237.93953,97.7333,6.486745,45.971268,2.1488123,16.21856,8.811721,7.7636333,-0.5899204,4.483779,0.14919905,3.019927,-1.6625808
country,country.00033.wav,2456.7182165816203,2387.4975939529986,0.12363183065061871,0.1045934,-133.27147,78.98,-5.6516805,35.54217,-7.5470138,7.928213,2.7289069,0.40225086,-1.1442518,-1.1125528,-7.844962,-1.1714913,-4.8177476
country,country.00034.wav,2614.3440997684415,2655.9285724653673,0.11928223789153132,0.07823296,-153.86862,83.66914,-8.426157,13.954346,13.531212,3.7665932,3.0097833,6.355866,2.077902,2.068881,3.1684868,-0.48438057,-3.0256162
country,country.00035.wav,2321.8879492685483,2545.383232254306,0.10436530234918794,0.099928215,-120.41707,95.35442,-6.02527,25.163818,20.953636,-7.1270046,8.549671,2.433669,-14.656027,9.28693,-2.3609254,-3.1556685,0.61143726
country,country.00036.wav,1827.8001725934416,2050.2592014517736,0.08486652890564579,0.022760969,-339.64667,97.738594,-9.763496,50.972683,7.814855,11.721101,0.673925,2.4926813,-4.7740016,0.2095192,-5.9796576,-2.9014666,-6.1582875
country,country.00037.wav,2068.662126290897,2437.6024358625427,0.08496433620939675,0.07204812,-173.44347,105.07096,1.1555927,24.1155,22.134285,2.548073,-1.5893732,0.16644396,-5.3277473,3.8132274,-4.5264587,-4.5881543,-1.5657427
country,country.00038.wav,2860.0275833530027,2919.6222345104266,0.12114926225348027,0.09088994,-118.0589,74.18071,8.265661,15.447167,6.1578817,8.44198,4.1116734,5.726584,-1.9592637,3.1633985,5.048196,-1.1217973,2.4379733
country,country.00039.wav,3760.408113053086,3052.8443953202923,0.21236722375290024,0.09632568,-89.70955,36.28278,11.465646,37.4974,9.179834,3.7314453,2.8276622,6.81722,1.4637537,0.098400876,1.0316732,1.1726794,-3.5680354
country,country.00040.wav,2449.7536777060777,2560.4589639124774,0.10630558778035576,0.10900008,-102.86877,85.338524,-4.320379,30.584402,3.0148716,-1.9487438,4.437098,3.4139795,-4.2582784,-1.7707374,-3.9678407,-1.357331,-3.7603476
country,country.00041.wav,2634.223606489956,2898.649215130567,0.09586022090100542,0.11321748,-111.62214,82.249146,13.051351,31.925335,23.684826,-0.5329459,12.03311,3.6621604,-5.7393713,3.3419154,1.4315193,0.771382,0.5497473
country,country.00042.wav,2387.97203880899,2716.6177620554517,0.08704434636020882,0.11766618,-101.28794,84.11575,7.7757306,30.372738,13.849443,11.625496,-0.11909644,-4.936893,-2.3647227,-1.968338,-8.188102,2.820076,0.54014146
country,country.00043.wav,2530.4998439482647,2491.290219955262,0.13428527407192575,0.094972506,-101.192665,85.44991,-19.70174,20.570631,9.992324,7.598467,0.10015638,3.40321,0.056307368,1.5763918,-1.4527315,-1.2911733,2.1356745
country,country.00044.wav,1729.7885870910534,2247.6077330866415,0.06650367966937355,0.11364318,-162.78079,119.890144,-2.9078407,20.508928,27.810158,5.490171,6.0408688,1.1912667,-3.696575,0.35227898,4.4168353,-0.41024768,2.4561374
country,country.00045.wav,2777.4882405051285,2647.8062084161784,0.13297072880413766,0.14658697,-61.222664,71.25142,-17.037924,17.114265,5.0512624,-4.2119603,-1.6805955,1.1818883,-0.8543821,4.967768,-1.7029345,4.8418956,-0.16024244
country,country.00046.wav,2109.417730689385,1933.8314274427828,0.11588466139791183,0.10329493,-126.90665,103.49357,-31.897821,58.728836,-1.9615222,-3.1359189,-2.9429367,0.36023772,-3.034348,-0.8273261,5.5868716,-10.137715,0.72898966
country,country.00047.wav,1784.0387310049896,1840.0082750714125,0.09410006706786543,0.09062656,-165.54424,117.90447,-33.605473,42.598927,-1.3801005,3.827964,7.166964,-7.171046,-1.6472125,0.86212003,-12.5100975,2.8849213,-12.365843
country,country.00048.wav,1939.8088633748253,2482.5238380341193,0.06396371084686775,0.11688875,-148.98796,107.2436,11.189903,26.696136,11.397693,-3.8045833,14.0203285,-5.876818,-11.04849,2.7971046,-8.450597,3.1810462,-0.7678391
country,country.00049.wav,1599.911202685332,1826.2848279513296,0.07579197481631864,0.14351887,-110.04325,134.77678,-24.017365,19.40414,-4.402763,-4.810312,-7.802366,-0.39133027,-5.4069877,-2.9562922,0.7801953,-4.774832,-0.17851044
country,country.00050.wav,1780.2063536153125,2036.2742186349503,0.07894522186774942,0.10936974,-143.05974,121.874374,-13.355456,47.767853,-12.669739,23.367556,-11.009172,18.85914,-13.707747,15.945983,-11.358796,10.289537,-6.009821
country,country.00051.wav,1553.0252624967882,1848.587709670697,0.0592791563950116,0.09030824,-204.6437,121.91709,-17.759083,46.32515,-1.8045663,17.017439,-14.691548,14.671549,-19.392052,10.927665,-13.47539,1.1953375,-6.2094746
country,country.00052.wav,1115.6797010252174,1662.994993523966,0.03546288911446249,0.06949131,-265.2709,138.86661,6.128691,47.477863,-2.3875465,21.05125,4.0907435,17.65029,-12.018802,15.490483,-1.1288179,7.895354,0.5013676
country,country.00053.wav,2271.8519286411943,2297.372036595188,0.10830818288379737,0.1335271,-84.68879,100.969574,-16.019012,51.744453,-17.08682,22.575502,-20.29776,18.909782,-19.486067,15.338605,-17.739527,8.58395,-15.003451
country,country.00054.wav,1654.4094237766933,2105.4593581100467,0.06018472363205723,0.10427781,-175.00964,115.713554,5.100794,58.16809,-3.307456,29.656008,-10.033722,19.659372,-16.311836,13.744991,-8.834571,7.2225156,-8.883326
country,country.00055.wav,1881.2205095617792,2116.1645631703473,0.08111548663476412,0.1549709,-82.9455,122.53112,-16.672253,40.01724,-15.014211,21.675644,-18.251837,18.362713,-17.989063,16.989252,-16.042936,8.533768,-8.709853
country,country.00056.wav,1468.4574659783857,1960.4811504411425,0.05492503202339521,0.13616844,-164.78546,123.44315,4.22473,48.800877,-5.153331,22.848055,-7.809706,19.28812,-11.021052,21.256647,-9.741074,5.161778,-6.143532
country,country.00057.wav,1741.8884862826515,1985.7526618758284,0.07544530645784996,0.13006952,-137.86005,121.520035,-13.279323,43.328953,-10.695389,17.859846,-7.950051,9.101156,-19.791092,9.442091,-19.604746,6.9056215,-12.5497055
country,country.00058.wav,1796.7119762329241,2148.5828916129603,0.07328712599091261,0.16378078,-101.2983,120.435974,-0.41283745,49.03769,-15.870198,19.87758,-13.09662,18.572926,-15.718034,15.2437315,-5.916708,6.655968,-10.362753
country,country.00059.wav,1535.405936256092,2011.759876319906,0.0525349840487239,0.14542289,-185.06337,120.51211,29.720224,56.37222,-3.028255,22.213936,-10.350044,20.053122,-13.679163,9.170145,-6.4301715,3.3002465,-8.73294
country,country.00060.wav,1373.628372500732,1930.5879081818055,0.04291625882153906,0.14097315,-178.47949,130.10803,12.076066,47.04983,2.611667,24.099432,-4.625375,22.778528,-10.929766,13.5343075,-6.8069158,8.726394,-6.0959067
country,country.00061.wav,1397.8552412349427,1896.199966667019,0.04858304028905646,0.1072092,-186.33115,135.86916,5.9504013,45.837704,-5.776936,22.777603,-12.992677,17.125881,-13.762872,9.738707,-8.365436,6.6548285,-9.0857115
country,country.00062.wav,2166.6058738727033,2277.452693095105,0.10233551757057231,0.13012476,-94.15291,109.18758,-11.85467,41.572716,-19.4826,23.833261,-19.930464,20.372795,-17.291353,16.565329,-10.201443,9.387508,-10.049828
country,country.00063.wav,1614.587918187712,2016.5163398799498,0.05825803303847641,0.1314034,-185.41428,118.49516,17.795776,48.869015,-2.1734657,21.354282,-8.994565,20.53351,-11.412323,9.274986,-5.478168,5.7618504,-2.9883935
country,country.00064.wav,1511.6824075794034,1865.1117334500523,0.06007520966260634,0.08254984,-217.81781,128.37343,-7.5112424,39.284595,-2.5414019,18.173687,-15.148812,16.760803,-15.247553,4.8962364,-6.500653,2.9013946,-11.492002
country,country.00065.wav,894.5392325301367,1195.9852548196648,0.0386682497099768,0.11052865,-250.85716,163.07423,-3.8745751,30.153008,5.589061,7.5009394,4.0263863,-2.1164129,-5.4775133,-1.0621209,-9.981778,1.8189912,-8.753831
country,country.00066.wav,1701.9620057889879,1709.5446449055719,0.09890433161736273,0.13644499,-102.481804,135.68375,-46.884445,32.738888,-11.159096,23.469543,-9.779007,16.897072,-11.684482,13.215306,-7.1829667,4.7462153,-8.193246
country,country.00067.wav,858.1117097118749,1238.2195319306607,0.035363948907579275,0.055416528,-328.71906,167.03047,13.017285,28.825632,11.25177,14.431291,11.699712,7.8014154,-11.720729,2.3800797,-8.350321,-3.8527918,-6.739853
country,country.00068.wav,1131.0769030321617,1458.6956465884275,0.050235945959010056,0.0834524,-229.49329,157.29971,-16.750404,31.881748,-0.10805432,16.648754,1.357668,12.212552,-3.8637102,6.835824,-4.267376,1.3341368,-5.9014387
country,country.00069.wav,1327.7101968688287,1632.7341671284426,0.06107367495649652,0.08714103,-217.11801,136.18945,-10.363231,51.37767,2.598726,15.119397,-0.6796686,12.28111,-6.229038,7.803085,-5.412614,3.6122782,-2.7987616
country,country.00070.wav,1934.7410487910734,1970.0805807414333,0.09472278615622583,0.14430228,-99.33054,117.57579,-29.873354,40.84807,-15.25619,27.988764,-11.962531,13.341765,-11.372492,10.539091,-8.746651,8.420694,-6.837034
country,country.00071.wav,1261.4987366751002,1396.3977374185185,0.0605177971529389,0.11837015,-185.85483,155.27069,-25.015509,20.559324,-3.8406792,-0.5795828,-4.573758,-5.901456,-16.531105,-0.44806433,-16.299582,-4.2123995,-16.80468
country,country.00072.wav,1711.3330130756567,1873.5437095350364,0.08226991492652745,0.15660793,-96.24628,131.92441,-26.341778,35.975468,-22.810158,14.495446,-11.845881,11.814583,-21.22422,11.547977,-12.930905,7.1881933,-13.941332
country,country.00073.wav,1548.9063873637622,1823.557931123347,0.06973622994006187,0.09581993,-167.00668,132.4709,-17.308983,46.921646,-3.6383252,20.937962,-8.8259325,8.533768,-15.142039,8.106652,-16.94435,6.661936,-10.934709
country,country.00074.wav,1534.0502232319088,1696.9819905278118,0.07112819025522042,0.08229554,-207.24358,130.93799,-18.50727,33.30124,-3.9344985,15.381374,-6.393797,2.9486027,-16.781153,7.0790553,-8.595193,4.7997184,-12.249361
country,country.00075.wav,2187.1340254846705,2241.957092541803,0.11371855060904873,0.17967275,-60.91825,105.47954,-16.908377,40.71572,-15.026839,36.03335,-12.812083,17.487257,-16.74124,11.763029,-10.137155,13.196802,-12.209422
country,country.00076.wav,1321.6158527095802,1409.9383463674692,0.06649877042246713,0.12828696,-183.98438,159.79948,-23.137691,43.02262,-9.470626,8.825906,-1.65586,4.3491735,-13.371262,0.83122236,-13.96949,1.4447742,-7.3807516
country,country.00077.wav,1513.0709550116749,1558.0992064311192,0.08782189554331013,0.13141257,-118.21476,152.95572,-46.51243,31.121635,-17.298687,6.282562,-3.6962414,13.058594,-13.142221,15.704863,-13.088502,5.7085404,-10.694908
country,country.00078.wav,1144.8885616291911,1443.9709863470932,0.049895697384957464,0.043314192,-302.41064,150.1164,-3.7138388,26.95196,-0.2614177,13.506062,7.233895,4.227106,1.7578514,6.5712256,-0.500728,7.9061255,1.3247038
country,country.00079.wav,963.6542370411188,1235.6457271521565,0.045760600952242846,0.11524875,-229.05678,180.33003,4.5372114,24.171104,1.091143,4.0153756,-6.0064874,1.9028653,-13.129048,0.015985876,-13.5007715,1.5909431,-13.4221525
country,country.00080.wav,2049.246281139036,2188.093898047959,0.08936113326566125,0.15319121,-101.02087,111.61904,-13.149067,44.606804,-5.94553,29.338867,-7.9442205,19.591711,-22.431093,17.265936,-17.816374,11.403573,-12.458793
country,country.00081.wav,2102.290176447949,2152.6591561071887,0.10104778434358082,0.16783096,-74.15763,107.61035,-21.188368,47.216305,-5.9845843,17.79499,-20.406624,14.978622,-15.971437,15.732458,-14.664344,10.680037,-10.130847
country,country.00082.wav,2253.4147941386177,2261.6012389166626,0.10606314651005413,0.16648406,-68.574776,101.349686,-16.899403,51.507862,-10.240496,20.057524,-21.787132,15.519602,-18.788994,16.34265,-17.896719,12.110844,-13.195823
country,country.00083.wav,1436.1116636001782,1729.5519563242788,0.059544633362335654,0.1310126,-148.53708,141.28717,-15.904905,44.664753,0.9870618,13.670254,-13.241115,12.6545315,-11.708021,12.162337,-10.48279,9.917888,-5.0692515
country,country.00084.wav,1964.9561710023686,2036.4768026599468,0.0929928430732792,0.18060894,-80.230835,108.203285,-23.831284,52.62174,-6.4135385,15.064379,-17.638653,9.731315,-16.172585,8.9045315,-15.960604,8.001686,-10.708485
country,country.00085.wav,1596.3192351340858,1853.3171196002759,0.06926758567768755,0.13540727,-146.03406,124.633896,-17.923777,49.246246,-0.16373,22.78391,-7.1801314,16.748547,-9.71323,15.436437,-7.632503,10.915412,-3.4583304
country,country.00086.wav,1879.437181005724,2085.362339170809,0.07828473934164733,0.13355477,-122.42891,111.49043,-13.700005,53.85051,-2.6792428,19.700176,-14.1241455,13.753135,-14.02773,14.631097,-13.9932375,9.227839,-10.554295
country,country.00087.wav,1591.310655282915,1806.6986668611937,0.07395969281709204,0.10857797,-170.8428,124.75503,-19.23662,39.212093,-3.7663841,15.302875,-12.9792,8.529965,-11.831753,11.324966,-13.776035,3.1141598,-10.082476
country,country.00088.wav,1622.8096134803375,1963.307322870486,0.06605051841647332,0.15261815,-121.959,123.24601,-8.496771,51.599014,-0.106691234,20.418154,-11.878725,16.262135,-11.5288105,11.832639,-8.090614,9.130125,-8.650755
country,country.00089.wav,1321.763474149792,1667.4024816185888,0.052491933729698376,0.10463604,-205.06755,140.98952,-8.963087,36.968815,6.427648,14.8694515,-4.316959,12.225619,-11.42915,11.855211,-7.889388,9.9110365,-2.3491375
country,country.00090.wav,1927.5251167094748,1972.2404208958333,0.09899685203982986,0.14736076,-91.654945,115.8513,-30.201815,52.284874,-5.0187893,16.961174,-15.656676,13.546172,-12.756253,15.970038,-11.965698,11.068041,-9.953225
country,country.00091.wav,1563.3792654565405,1779.1317819389692,0.06473823895494973,0.08944597,-193.73314,125.576965,-20.945107,46.33686,-2.6908517,12.840516,-6.6026425,10.736069,-10.91958,6.1234164,-9.4414,5.1659884,-3.6614418
country,country.00092.wav,2335.0896330198325,2212.517869932969,0.12120930611948956,0.176431,-50.79226,96.71365,-24.32533,66.08502,-14.700228,24.393627,-21.02959,12.470781,-18.150887,13.2603655,-12.813222,9.800077,-11.347794
country,country.00093.wav,1537.7806406173002,1716.2300413475903,0.06812788512664346,0.09251183,-213.623,117.20727,-21.871634,45.657173,-10.280004,5.0579906,-11.914002,5.5748677,-17.799599,0.18725963,-14.1705475,-1.1572179,-10.304957
country,country.00094.wav,1474.747173267392,1745.561195716807,0.0629996102813225,0.20668623,-104.32959,136.42427,-20.96272,52.845562,2.018694,20.423431,-11.615844,17.667425,-15.739916,11.050942,-11.3228245,3.6751578,-6.4964414
country,country.00095.wav,1557.7510489456868,1762.1920755783785,0.0673669518561485,0.17527841,-124.79657,127.310844,-23.381498,47.375706,0.57613724,16.01138,-9.977923,16.199665,-16.736052,6.7884483,-8.195151,3.2016318,-1.5992867
country,country.00096.wav,1754.316930048776,1861.9497283151386,0.09741305346094355,0.21801743,-69.83627,124.2077,-32.48237,47.6898,1.4008857,22.60084,-8.752852,21.427229,-15.660797,15.749121,-12.432543,9.573857,-9.047071
country,country.00097.wav,1561.0425270580379,1782.6517736699661,0.0671992821925754,0.1530273,-148.36998,126.86573,-19.571285,52.87677,8.581605,17.882395,-8.099402,17.780605,-15.515441,13.506864,-10.96457,9.469389,-1.9210476
country,country.00098.wav,1425.2797032637804,1691.0074862059766,0.06172207318252127,0.17621148,-139.56085,128.79108,-20.232744,49.427704,-2.163364,16.994392,-8.339966,9.827166,-20.141237,2.5050974,-11.247482,3.7663162,-6.4156575
country,country.00099.wav,2157.4833631480387,2160.2796737786603,0.10824587321152358,0.22070146,-42.18055,106.264595,-24.218506,44.67555,-12.344403,20.534286,-16.052776,18.492975,-18.786243,15.519279,-15.459702,8.954699,-9.982072
disco,disco.00000.wav,2298.1112240567795,2566.1150752624544,0.09652545382318953,0.14208542,-111.09919,94.025856,12.438059,16.629438,8.1260395,15.663839,-1.4103327,7.014441,0.959783,-1.4994508,-3.0789328,-5.0989857,-3.715649
disco,disco.00001.wav,3292.704549878069,2768.0390848656034,0.1885523173483103,0.17707454,-29.0431,51.860497,-7.5676084,21.507437,8.141378,18.118086,6.8945746,6.569047,0.7113646,11.159763,-1.8163267,1.63559,-2.5911896
disco,disco.00002.wav,3592.2181145867817,3398.4114032727275,0.153338438950116,0.1612736,-53.1693,57.173717,21.160826,11.3052635,18.118341,1.6628118,0.3451027,2.3239794,-5.1052694,2.747911,3.1522436,-5.5144777,-3.1615028
disco,disco.00003.wav,3045.783197240785,2720.412267311668,0.1495607339559387,0.19629128,-44.433094,52.32051,3.242855,43.93931,12.584174,24.506044,4.923503,15.30651,2.041092,10.386366,-1.4623228,8.834608,0.41668227
disco,disco.00004.wav,3328.4809117165955,3111.6719473592766,0.16901441959106728,0.11454933,-83.55509,64.49134,5.6444163,2.70193,0.78633976,6.1651754,1.8841151,1.9749736,-1.8108131,1.8658113,2.4624798,-0.22272585,2.9572232
disco,disco.00005.wav,2722.8382056047735,2569.440633678847,0.1446281579262452,0.20679496,-24.816133,73.69842,-11.7444935,28.304634,6.291743,2.1907134,8.419229,12.195894,-4.0575852,13.498219,1.8683927,-0.9259459,0.5338901
disco,disco.00006.wav,2848.395241985928,2490.6398551435586,0.16364521401295437,0.19189338,-14.574817,65.19933,-19.888515,31.502686,-4.814699,11.8655615,9.996404,5.9602337,-3.8007708,9.38057,-4.387615,3.3392262,-4.445434
disco,disco.00007.wav,3099.082005849926,2728.23313756183,0.1402915488447409,0.15957549,-53.432594,56.165604,-6.337501,31.602524,4.648096,16.339651,4.108209,1.8778181,-0.38534984,2.4980185,-0.5452888,0.96003777,0.49098668
disco,disco.00008.wav,2801.719944106093,2423.6424425279492,0.1643124669216705,0.19048811,-32.569878,65.03629,-26.761168,30.300564,5.697337,11.660783,-2.227687,10.421782,-2.3734117,5.365474,-3.8786147,-0.8631799,-0.2106436
disco,disco.00009.wav,3016.9654959671584,2623.440908104261,0.1706677028953983,0.11894341,-68.92688,63.117622,-15.855327,28.002327,8.173503,7.323385,-4.9316792,9.490028,-0.974049,-1.5963366,-6.184394,-3.9365966,-1.1669565
disco,disco.00010.wav,2877.4074655436298,2624.016008247831,0.15030263619006187,0.23285724,-6.7652006,61.12942,-16.672161,27.438726,7.734437,16.013573,4.646263,11.44598,0.34369335,9.835787,3.1894264,5.0318027,-1.8564004
disco,disco.00011.wav,3132.9752097469195,3008.0152396758117,0.1309711547757154,0.18884107,-41.31514,62.78868,7.3239293,12.122528,6.358506,9.252999,3.0642164,13.849786,0.15274546,8.056879,-2.6997385,-7.2205544,-3.241377
disco,disco.00012.wav,2737.358914673473,2613.804056295593,0.1314991138599537,0.1755619,-57.955585,68.42821,-15.226618,23.4141,14.886023,13.217155,2.1807866,12.793448,0.04898043,12.763609,0.0070236702,3.38002,0.8436664
disco,disco.00013.wav,3391.3650850232443,3108.933195274144,0.1595289992991106,0.17077066,-40.076855,56.219803,23.692863,31.93953,2.4548008,2.5702763,-2.4864347,3.1007562,1.8817089,3.3470373,-0.0018148164,-1.5163457,-2.451519
disco,disco.00014.wav,3087.483970853388,2812.6634814898784,0.156306688999613,0.17372327,-23.927662,61.220757,-0.9586992,25.331013,0.39423463,6.0302544,2.4890816,6.189192,-0.3292669,9.696876,-5.5078354,1.0618181,-2.4369648
disco,disco.00015.wav,2362.4116318966007,2806.8455038185907,0.09022704889307812,0.21586056,-46.762787,103.70078,22.12663,9.2237015,2.2584798,-4.7948833,4.798995,0.9515378,-9.411774,-1.0667287,-0.8673272,-5.279599,-1.7630391
disco,disco.00016.wav,2520.434661747475,2562.6587965455155,0.11424808429118774,0.20567748,-35.856197,83.80528,-2.9019706,32.213963,9.144426,4.18242,0.13708664,11.094397,-2.8947356,7.995451,0.6289427,3.6732092,3.7831783
disco,disco.00017.wav,2564.2888412274115,2669.9240408934897,0.12072102486948956,0.116038404,-98.18701,92.406166,2.659,19.365164,3.5725617,-1.7528334,-1.7048805,-3.1811252,-9.103381,-4.0845356,-5.1873956,-5.4817677,-4.2330327
disco,disco.00018.wav,3043.1123946763596,3000.57859278733,0.14358338771268367,0.1387322,-73.086945,71.74661,12.055069,1.4190236,4.5368185,10.854836,3.8677087,0.938452,-5.9773855,9.039347,-2.3677554,3.5528102,-0.14295751
disco,disco.00019.wav,2117.6008935704253,2143.8668308789474,0.10365534971964424,0.1469729,-95.04604,109.33905,-30.173485,16.371214,20.041512,11.963911,3.490323,6.177454,5.2048135,8.618461,0.33158284,0.38170958,0.53766805
disco,disco.00020.wav,2116.937132007475,2114.1336867953573,0.10326298760150812,0.12454408,-104.13797,105.871155,-14.32759,36.710423,-10.330668,16.791773,-6.818429,8.1312,-4.4643703,0.98136365,-10.006949,0.375473,-1.7045553
disco,disco.00021.wav,3248.710113626103,3305.0654052212344,0.12404534029389018,0.111359596,-115.077194,70.42093,31.231396,11.171844,13.070835,3.8785784,1.8067201,4.9745398,-1.0353943,3.9286358,-1.2870673,-0.688994,-1.0698988
disco,disco.00022.wav,3708.1110849955126,3249.5970110747917,0.17288668249709976,0.13684142,-71.953896,46.87051,21.02663,29.955154,9.50348,2.3987136,8.242609,2.5120273,-2.1593833,0.44539666,-0.22787969,-1.5480236,-3.60627
disco,disco.00023.wav,3167.5553238891907,2934.880440699375,0.15097822409126063,0.17817323,-32.176426,60.042603,3.3742273,18.975922,4.3331447,0.688965,-2.0220764,1.3296518,-4.6426954,3.790977,-6.739723,-4.8872533,-2.336693
disco,disco.00024.wav,2624.814629146055,2709.8971083894817,0.12021650534126063,0.14292744,-69.63065,83.07227,-16.599928,0.1183711,7.420607,0.7700079,1.3374783,4.695799,-1.4168245,3.3194354,-2.8782651,-8.20215,-5.767511
disco,disco.00025.wav,2410.17299144527,2575.783795970125,0.09966035564095127,0.10787889,-124.16993,90.155014,-11.328686,10.931417,-1.1485723,-3.7591834,-0.85792863,-3.8354802,-3.7047462,-0.25987902,-5.8160195,-3.4383402,-4.632643
disco,disco.00026.wav,3043.44261890053,2969.142812448396,0.13159576203596288,0.14299113,-68.05401,66.35393,11.858418,21.977438,9.757756,6.6893187,1.5989807,3.808797,0.95074654,4.7707677,-4.210415,-0.063488424,-1.23416
disco,disco.00027.wav,2908.67464508436,2990.1379592166795,0.10118297745069606,0.115590945,-155.67004,60.623177,23.156448,31.176702,25.046492,16.90212,9.445917,8.451036,5.319857,6.5556526,5.769587,3.9236524,7.5681057
disco,disco.00028.wav,3715.1863608882204,3188.905341597431,0.19837511480085074,0.17249633,-20.4939,53.692123,5.9808583,10.135651,17.066591,9.531477,4.6186805,6.3997,-0.3361653,1.7284749,3.6760638,-0.7774312,-5.881969
disco,disco.00029.wav,3075.0244878578837,3031.615634682487,0.13853592662412992,0.14753455,-58.975624,68.86752,-8.4672365,3.615686,5.0683937,3.2651877,13.515075,-1.3705544,1.667458,3.7045982,-3.7095897,-0.32859462,-2.8358054
disco,disco.00030.wav,3167.957019535548,3047.7515848614516,0.15077543443058777,0.16993791,-40.752613,63.94863,4.9002733,16.338194,12.109655,9.335104,4.537441,5.185624,-0.590275,-0.08554646,2.94747,-1.4827536,-1.7634141
disco,disco.00031.wav,3256.824592073175,2898.247907370289,0.17375184285576178,0.11573668,-66.57301,58.33059,-8.167375,15.471976,5.5654945,7.6850796,4.063464,-3.5938897,-1.3324877,1.6080923,-5.4819927,-3.7419503,-3.2483392
disco,disco.00032.wav,2446.973203805007,2449.1310646825214,0.12325117519818252,0.11106248,-123.33121,86.98849,-22.510223,6.942469,8.465196,12.644244,-0.8552822,-0.8346987,-3.2606728,2.6243713,-0.77050847,-0.41433403,-3.8346293
disco,disco.00033.wav,2450.056640885936,2387.70491588244,0.1244871725154679,0.15692227,-57.816143,86.559784,-11.807115,38.770008,2.3708022,8.82681,-1.2821876,9.910632,-1.6604491,9.840833,3.0085049,7.504814,1.7077206
disco,disco.00034.wav,3653.6600399416443,3234.1174131634207,0.18081285044470224,0.122863606,-65.7685,52.818348,16.573313,12.561863,5.6153107,8.380825,-0.6204211,-0.61569387,-4.0818486,0.68219966,-7.784732,-1.8936242,-7.254853
disco,disco.00035.wav,3623.47282265526,3229.7424316853844,0.17633637253480278,0.15245456,-51.76516,55.671803,11.406057,7.478552,12.002954,6.2611246,4.3525815,4.310239,-5.940638,0.5639912,3.5921662,-2.3924637,-5.827445
disco,disco.00036.wav,3347.8914159725437,3013.0752700610165,0.16203007178074247,0.17306404,-23.554237,57.342735,6.998448,16.543451,5.511961,11.862946,1.6884779,5.4613194,2.7518313,7.33802,1.9618068,1.265359,-2.3449988
disco,disco.00037.wav,3637.157091722293,3198.9280541157386,0.19001126860982212,0.16394664,-26.572124,52.05681,4.1798263,12.867351,16.744804,10.1250925,4.477274,6.3274975,1.1676531,0.651469,4.6326404,2.135598,-3.3680077
disco,disco.00038.wav,3353.4041591983114,2986.9225933221205,0.16820212804524362,0.11308772,-77.44353,52.192024,-9.003063,12.85945,8.564754,2.8909404,8.93061,4.0074058,-7.3485837,-2.2597075,0.9599889,-1.0451938,-3.765717
disco,disco.00039.wav,2328.0941748431023,2431.626228701913,0.10115843121616395,0.12429802,-107.419014,91.06335,-8.360449,34.299164,-1.9180144,3.7762592,10.525865,5.5680933,6.945284,4.772103,0.68487185,-3.846765,-2.577472
disco,disco.00040.wav,2606.2991274506444,2534.060693426273,0.1264267026778809,0.1451297,-78.310104,80.05325,-9.145553,25.454119,-3.38754,16.801464,7.2613983,1.8166608,0.4876321,6.3167944,1.4947494,2.1649706,0.65831167
disco,disco.00041.wav,1776.2078695953194,2452.39520455993,0.05384424243522815,0.17539127,-122.0258,116.833405,28.316168,24.712553,10.907239,-1.8973352,-1.3955238,-0.9501112,-3.5476987,-2.6201527,-1.125432,-4.189509,-2.5425723
disco,disco.00042.wav,2403.5943006159314,2394.759734193427,0.12164094221287702,0.13595319,-62.335667,92.05891,-19.73222,17.626944,-3.195096,5.4077826,-4.014354,8.878788,-2.5088322,3.154782,-0.5376992,-1.5001123,1.2933995
disco,disco.00043.wav,2875.4360880726217,2761.0276574989916,0.1347388129592034,0.17365672,-62.772682,77.844574,3.5485418,26.009861,5.935958,11.293566,11.112388,-1.9588369,1.8317076,9.176684,4.068672,0.9862057,5.6128936
disco,disco.00044.wav,2330.184617913994,2437.1730406230477,0.10958987396075019,0.1488845,-71.29618,97.73015,-18.382887,8.58388,5.191988,-0.9440428,0.4582463,1.6218203,-4.783834,0.061743174,-0.5539029,-4.458565,-5.319331
disco,disco.00045.wav,2248.030510146551,2368.674846952351,0.10971902491782676,0.13538006,-81.30502,106.47955,-9.540607,17.966782,3.0102844,8.300962,3.889344,4.250727,-3.740938,-2.0746686,-2.2095342,-4.5908613,-1.1636227
disco,disco.00046.wav,2259.6134225197134,2273.017281182031,0.11419814626836813,0.11295763,-125.7326,101.78745,-17.478825,33.670853,-15.239169,23.698206,-8.662551,18.543148,-14.054488,19.96738,-15.139362,12.968243,-14.305062
disco,disco.00047.wav,1710.9750338855315,1620.237854066107,0.08700922636310905,0.046983007,-280.8543,120.81254,-37.62976,28.712122,-10.775235,-6.4053197,-13.794428,-4.07455,-14.849012,4.7964478,-20.164255,-5.091476,-6.790002
disco,disco.00048.wav,2617.495747563951,2156.5789823965347,0.15433765951276102,0.11226138,-105.02221,80.18619,-41.07682,54.00217,-8.363626,25.715185,-12.457802,28.7062,-15.013625,15.607914,-7.6197176,12.427019,-7.360461
disco,disco.00049.wav,2396.988699228778,2208.6154032949166,0.13527580904389017,0.20944752,-45.15996,98.66788,-24.665955,40.495197,-18.095556,26.117126,-12.685222,13.979276,-15.417927,16.17709,-14.375685,8.136641,-11.938592
disco,disco.00050.wav,2376.0247896611013,2258.317118856743,0.12873971323955916,0.15894556,-45.837555,101.74323,-32.09262,34.283173,-17.53784,32.319088,-15.645128,22.037209,-16.113321,18.675735,-13.077868,16.480183,-9.910721
disco,disco.00051.wav,2650.7330123265738,2308.757448778505,0.15762987601508122,0.10630639,-77.267006,89.39314,-34.23403,38.691704,-22.262562,31.242887,-16.381735,22.33546,-16.01921,19.276945,-13.239378,16.7234,-10.390649
disco,disco.00052.wav,2590.895265318272,2163.026313215459,0.16977497522718485,0.1252895,-70.546455,90.50209,-48.06134,36.66895,-17.68213,21.58345,-30.1917,24.033106,-20.452553,14.475555,-18.49691,9.121702,-12.047788
disco,disco.00053.wav,3078.4715203424153,2709.9647708913444,0.15421266253383603,0.172544,-108.56484,69.97128,14.885138,45.513443,-5.3743443,41.795094,-13.517867,32.5666,-20.381012,23.436947,-12.128745,18.002754,-9.027057
disco,disco.00054.wav,2565.721387688884,2533.545587108637,0.11460297032095901,0.052147932,-226.30965,78.28395,7.82392,53.82357,-1.1362898,11.3054,-7.822294,24.358282,-14.937524,18.476454,-19.132421,6.134009,-10.059035
disco,disco.00055.wav,2108.222110910722,2072.441784892781,0.11039008120649652,0.12146718,-103.10111,107.495964,-33.53895,52.786156,-9.130404,30.337116,-9.325207,23.037294,-11.889161,18.169134,-7.546332,9.400739,-5.425161
disco,disco.00056.wav,1755.0626026809584,2043.0329118120305,0.07692752138921113,0.07617771,-182.81174,124.19493,-10.053613,41.57794,-7.377843,26.939072,-12.35473,19.813566,-16.044252,16.194204,-10.250695,3.1294544,-8.979432
disco,disco.00057.wav,1937.5108828466305,2099.6513207178596,0.0924305454853055,0.07616043,-143.2467,122.61794,-23.91729,28.138706,-23.6903,23.092947,-17.904812,18.74588,-18.637712,18.351133,-13.917981,9.725552,-12.233235
disco,disco.00058.wav,2218.099825491157,2245.304793079398,0.11094558137567673,0.122181386,-109.57256,104.138245,-16.223967,45.349792,-10.189363,25.546947,-17.156563,22.264034,-16.84386,16.52762,-12.082589,8.661934,-8.848724
disco,disco.00059.wav,2280.0273192565046,2270.0535108917884,0.11017558488012374,0.116905145,-109.0909,106.83238,-18.271952,23.419096,-17.746166,19.014435,-13.604414,18.686167,-18.363712,18.390692,-9.70916,11.85656,-5.5525517
disco,disco.00060.wav,1974.5076873650016,2089.631458075333,0.09297320608565351,0.11445442,-121.1838,116.97426,-22.78105,45.153744,-4.218045,30.24878,-12.239501,21.706038,-16.536747,16.226423,-10.650368,7.3293166,-9.341281
disco,disco.00061.wav,2549.2697567748187,2485.5245481826305,0.11583368075696056,0.1843397,-91.98377,87.6401,-2.0667956,34.27815,-18.124573,19.34566,-14.665754,17.112078,-15.336202,17.028185,-13.534051,11.835089,-9.81468
disco,disco.00062.wav,2387.679352105526,2191.294481593389,0.12762833526682135,0.15107872,-107.9877,81.93319,-30.605755,41.328526,-8.496704,31.341997,-8.859784,26.03168,-8.266655,17.888088,-4.646326,7.425041,-4.354049
disco,disco.00063.wav,2583.5803998593105,2626.602117682715,0.0997170007975638,0.29373232,-51.742363,70.33154,-3.8982093,49.74502,1.5872371,35.711365,-4.094437,24.790552,-9.71473,22.04633,-6.1153893,17.181833,-2.779346
disco,disco.00064.wav,2144.867078927163,2403.8472224133425,0.0648764531370843,0.0921835,-189.154,93.94435,7.849922,41.894196,-7.11126,31.876928,-12.5919695,24.209433,-6.070887,24.529634,-6.031069,16.755129,-2.0233445
disco,disco.00065.wav,1887.0062144326305,2190.841931924479,0.07361868897428461,0.18529183,-106.294304,105.61095,-5.5042877,50.051487,1.2501888,36.981842,-9.61505,23.992409,-8.664799,14.959678,-2.5357456,9.751112,-0.9251958
disco,disco.00066.wav,2492.5900128313974,2277.528939593636,0.13856991371809746,0.16955869,-57.611416,96.703575,-24.457254,39.99736,-17.280684,27.833838,-13.284011,23.197868,-16.52066,19.428204,-15.479724,11.827778,-10.570341
disco,disco.00067.wav,2541.894374434493,2289.5008819088134,0.14323520881670534,0.09131899,-103.8082,92.46262,-27.213505,39.22121,-23.041712,20.625483,-17.76918,18.95148,-15.207714,16.388752,-14.656909,12.241646,-14.979623
disco,disco.00068.wav,2956.079112286355,2599.631125753222,0.1626135168938515,0.10675535,-93.35664,77.85465,-8.789851,42.06367,-11.246892,24.241188,-17.913877,22.249002,-16.031782,16.69252,-15.664026,15.410893,-18.117002
disco,disco.00069.wav,1931.0406859349848,2209.134861932978,0.0836037195475638,0.11154942,-118.40577,114.235756,-6.7641068,37.393322,-17.423431,28.37048,-23.71712,9.2814455,-10.434624,12.624007,-5.141177,12.2523575,-3.8654873
disco,disco.00070.wav,2449.238635818038,2311.5141177568084,0.13458360523008508,0.11097853,-81.76208,97.613686,-27.614208,36.65628,-17.259203,30.749075,-15.952651,20.968424,-16.221739,17.413185,-13.369761,15.092774,-10.377819
disco,disco.00071.wav,2809.0680167308506,2531.020800907524,0.155900310566512,0.09810153,-105.534485,79.2504,-15.200756,40.806816,-12.249134,23.534966,-19.939602,27.30581,-16.492477,21.520199,-11.67163,13.985745,-10.76467
disco,disco.00072.wav,2902.9084645115768,2302.244809669843,0.18406730350928074,0.08449229,-128.43967,67.26243,-36.92178,40.891,-21.749369,23.13522,-13.251678,13.081553,-14.004083,17.78703,-15.169231,16.377792,-10.453286
disco,disco.00073.wav,2847.3774256059246,2460.224228637339,0.17634505812548337,0.095505424,-95.26958,82.22649,-26.235989,37.510376,-16.362791,25.28815,-21.807663,21.805656,-20.065622,16.303896,-16.122408,14.430956,-11.909069
disco,disco.00074.wav,2648.809544128405,2384.074867259157,0.15107338795436967,0.17759283,-40.81154,86.80334,-26.940329,34.944283,-20.04464,21.66503,-23.949266,19.2741,-17.52948,18.05118,-16.0186,12.443823,-13.879082
disco,disco.00075.wav,2690.503166212552,2480.383035220588,0.12989565206883216,0.110883966,-91.738495,86.314156,-17.3545,43.086975,-18.393627,34.048004,-18.388494,26.830929,-13.561455,20.203468,-14.606949,12.665813,-12.592617
disco,disco.00076.wav,2251.7610160342974,2164.9531342533487,0.12186072542053364,0.12421887,-95.91633,103.34938,-36.49247,27.0972,-22.864882,9.97551,-24.651752,15.649426,-20.1475,18.732792,-18.555283,9.852911,-15.085712
disco,disco.00077.wav,2309.274600517877,2278.1626470496617,0.11758099502126837,0.2065751,-56.88446,97.001236,-17.859026,44.92799,-6.9238253,23.798044,-23.31005,25.989113,-10.4754715,10.442651,-15.224969,10.02523,-9.1656065
disco,disco.00078.wav,2218.89166415782,2307.129643752943,0.09612456496519721,0.06821812,-182.10767,103.43044,-18.188179,31.197874,-12.529232,18.83884,-12.868975,19.372463,-17.702715,18.492027,-14.32581,11.538478,-11.629478
disco,disco.00079.wav,2292.3432384956623,2348.2576081037582,0.09976307219160867,0.08474546,-154.65105,97.93247,-10.3476305,39.127403,-11.209807,24.103395,-11.851628,24.192099,-13.451448,20.55775,-8.3087,5.8849826,-9.684563
disco,disco.00080.wav,2144.4212945283607,2414.5894493235623,0.08474190956109823,0.05919658,-219.4053,94.67405,12.12384,48.86188,-7.2065644,16.64001,-15.078675,21.71575,-19.993557,13.237187,-15.69585,5.0565505,-15.275193
disco,disco.00081.wav,2292.7794270588493,2208.6856602596486,0.11640202049497293,0.07869997,-193.1521,89.18025,-19.990849,38.738583,-2.7211246,17.049927,-7.942614,16.082537,-16.751808,7.717519,-15.705438,9.01895,-11.315525
disco,disco.00082.wav,2577.207725556345,2387.48142237022,0.1381975662219644,0.18085705,-63.611023,94.46296,-13.432528,32.754234,-13.734656,26.77005,-19.403435,24.649286,-11.669471,13.728638,-9.449255,8.831939,-4.98481
disco,disco.00083.wav,1959.0741388861084,2210.6474517094857,0.08998536289153132,0.08756795,-167.48877,112.50459,-4.57863,37.091393,-8.612248,27.814657,-14.70463,18.51487,-16.473206,13.755432,-13.324283,10.204631,-11.572749
disco,disco.00084.wav,2455.249157769272,2100.247454271527,0.15141816814095127,0.06199186,-197.21649,83.3477,-38.580997,43.675888,-7.3024435,25.634619,-8.659459,13.366769,-12.161141,12.144545,-12.045273,10.619484,-2.3993301
disco,disco.00085.wav,3004.2823843648275,2745.823220302523,0.1586842311968291,0.089196034,-166.88416,67.67795,11.208783,37.44182,-10.936878,27.39581,-18.942213,27.296139,-15.84909,20.541365,-8.619039,14.184042,-6.046257
disco,disco.00086.wav,1867.9449473321624,1875.1005955510302,0.09446561714520495,0.1652407,-95.78374,122.07248,-29.341267,50.330864,-11.952024,28.39348,-7.055488,11.860459,-8.614768,11.576042,-18.401045,6.876074,-11.656873
disco,disco.00087.wav,2139.9275394701563,2190.4788401887376,0.1002388915071539,0.11922079,-100.28072,109.986755,-26.644407,36.837772,-10.409534,28.786537,-14.84601,21.287558,-19.685312,18.507954,-16.396866,9.154231,-13.790873
disco,disco.00088.wav,2238.5348872355758,2023.290677402401,0.13140618957849962,0.11900523,-97.904755,101.02156,-40.56285,51.033695,-11.7087,25.062588,-14.040237,17.196808,-9.614368,16.974564,-7.166897,11.722058,-5.7177386
disco,disco.00089.wav,2128.9326621445252,2108.8986957351976,0.11182509184068058,0.10029263,-114.935326,113.476944,-29.819769,42.611168,-10.305928,26.97817,-14.481596,21.235638,-17.643867,17.091944,-13.474372,8.586038,-11.412159
disco,disco.00090.wav,2574.459664277503,2396.431955074073,0.14611353804137664,0.09060119,-125.691124,88.54062,-16.764915,42.78476,-9.905494,29.165888,-19.357843,20.46263,-16.48972,15.01323,-8.7628,12.773269,-7.7579846
disco,disco.00091.wav,2038.0233320076643,2079.8453102333197,0.09160579200502707,0.17357677,-116.882385,98.47117,-18.994415,44.840286,3.8026059,28.490915,-1.1055838,14.694503,-7.7551017,9.754843,-10.107706,6.374911,-3.9110441
disco,disco.00092.wav,2457.290836676926,2400.458463665014,0.11746997051430781,0.10665764,-123.83839,89.85542,-1.8465987,51.16645,-16.249851,28.27051,-12.485133,19.029924,-13.273394,18.4808,-13.773316,12.865,-8.755854
disco,disco.00093.wav,2460.976249719336,2302.7645721470553,0.13702236803944315,0.15328684,-86.06048,87.53962,-20.164946,53.994804,-1.0499108,19.554422,-4.0692763,21.03328,-19.54656,12.379771,-22.007032,9.582276,-15.912197
disco,disco.00094.wav,2207.5083642922987,2353.4688289012747,0.09355627356438515,0.09929446,-130.04454,102.52376,-4.4473805,50.050278,-15.527548,32.12771,-18.167599,24.282225,-11.898268,13.758483,-12.887311,7.271593,-9.363437
disco,disco.00095.wav,2487.3290420447815,2276.752800711623,0.11803151283352668,0.09839544,-159.87213,81.97704,-16.80941,52.474285,-4.4832144,22.819843,-8.224292,23.363256,-5.5141973,17.695278,-15.364145,10.800621,-13.514515
disco,disco.00096.wav,2481.7391882072357,2178.6360814569034,0.13436042331303172,0.09197087,-133.85442,93.47158,-24.21527,61.422466,-22.842373,30.967571,-14.948222,20.224098,-9.285205,15.77714,-8.730885,11.959778,-5.31978
disco,disco.00097.wav,2825.987251028338,2680.412391387406,0.12045063865525908,0.108068004,-116.93205,75.749084,-4.221549,37.290447,-5.326528,31.37679,-12.156291,22.918865,-11.431438,14.620312,-13.048337,13.39182,-13.217568
disco,disco.00098.wav,2418.030526971729,2432.294029126342,0.11256940919856923,0.122635394,-91.60158,99.44184,-8.968849,40.157185,-18.011234,22.539673,-21.947449,15.766949,-25.639265,17.65735,-13.664313,15.622417,-15.459026
disco,disco.00099.wav,2418.030526971729,2432.294029126342,0.11256940919856923,0.122635394,-91.60158,99.44184,-8.968849,40.157185,-18.011234,22.539673,-21.947449,15.766949,-25.639265,17.65735,-13.664313,15.622417,-15.459026
hiphop,hiphop.00000.wav,2668.0004395576575,2351.252049555612,0.147308750845901,0.12520437,-80.93423,84.780525,-31.534628,33.90174,-19.836761,23.553934,-22.136858,20.0265,-16.76481,19.219479,-13.098828,11.502166,-10.718429
hiphop,hiphop.00001.wav,2808.9257718085955,2441.416675729923,0.09770647537219644,0.28538305,-81.23491,49.59364,-14.54748,57.964962,6.819769,27.149471,-6.858138,31.304558,-10.085702,20.306627,-2.5411096,12.749884,3.9834008
hiphop,hiphop.00002.wav,1490.683575771141,1910.490628858794,0.05871157192575406,0.09347894,-202.88803,132.37215,12.017283,43.746815,-10.215273,17.12158,-13.547271,15.044366,-16.248146,9.423361,-11.636703,7.0480886,-4.321259
hiphop,hiphop.00003.wav,2492.9547227672974,2330.1743629992484,0.10350127489365817,0.26632264,-40.30154,80.84723,-25.67689,38.443054,-11.072825,24.899412,-7.373214,26.759275,-5.30603,16.782677,-3.5075712,8.458928,-5.6017284
hiphop,hiphop.00004.wav,2372.6884690482993,2359.40948237905,0.0998514386359242,0.20046541,-140.16278,71.62643,-3.788743,38.988525,4.189599,31.528362,-3.9393036,19.742453,-3.7496216,16.006994,-3.1765268,11.83397,-1.247125
hiphop,hiphop.00005.wav,2709.1715224983186,2510.848005701867,0.12458309164733179,0.26158613,-11.706974,81.97666,-8.50863,52.77378,-14.69211,31.962574,-19.680723,22.857765,-14.704154,14.509825,-10.078541,14.002207,-8.07207
hiphop,hiphop.00006.wav,2858.1926146109076,2639.930294665962,0.12817024059841453,0.27054507,-59.565926,63.92967,3.4871747,45.23575,-1.1528627,28.24374,-13.17086,23.591469,-6.623231,16.47062,-7.2728996,14.477064,-5.8007746
hiphop,hiphop.00007.wav,2047.1754195666026,2269.4488308988643,0.07863669458139985,0.2638739,-58.496304,103.04962,-7.211679,44.861687,-8.600805,12.351103,-13.741838,19.971472,-13.119663,17.136522,-3.9439182,15.57406,-0.4531827
hiphop,hiphop.00008.wav,3070.837758466108,2349.664526925647,0.17704972387374324,0.14181587,-111.1565,55.170074,-18.427658,47.191257,-24.79131,22.537811,-21.141804,12.53944,-15.8703985,16.290926,-12.56634,9.6244955,-12.129929
hiphop,hiphop.00009.wav,2200.1104645288874,2285.5671614469156,0.09830917983855375,0.21565284,-94.94584,94.2148,-2.5425854,49.543236,-6.608906,33.220383,-7.631567,20.948034,-8.870919,16.786116,-5.2582693,10.763062,-3.474365
hiphop,hiphop.00010.wav,2284.341189135125,2116.5943117834136,0.12542634921210363,0.17160548,-67.46242,94.84827,-38.84963,37.633415,-12.246916,36.890297,-12.640728,18.295763,-8.845362,17.97754,-7.2741294,9.713927,-8.736391
hiphop,hiphop.00011.wav,2095.493684451654,2241.001468555677,0.09415142534319412,0.20370935,-74.21385,104.603294,-8.389851,49.65144,-9.374009,21.451525,-16.336187,18.779911,-13.071929,18.470474,-14.949953,6.8847446,-15.329198
hiphop,hiphop.00012.wav,1976.8724759558752,2110.123008273574,0.08725355580529776,0.19884692,-67.06469,112.4042,-23.642937,44.273914,-18.864435,23.873178,-13.402471,20.146372,-10.64462,20.617966,-7.5052667,14.423792,-9.388905
hiphop,hiphop.00013.wav,1798.6768468891012,1688.0838761796347,0.09662455288089714,0.13663132,-129.32367,141.7129,-42.47719,34.013855,-6.9758534,8.702186,-11.367335,15.941672,-9.015237,6.635536,-8.340363,7.5527344,-5.472687
hiphop,hiphop.00014.wav,2436.5700963303734,2117.3243435959766,0.1338294693783836,0.1851305,-51.30058,91.1179,-33.764687,69.930504,-12.937068,23.175821,-13.755631,23.783102,-14.731517,10.696287,-13.472491,6.080384,-14.718082
hiphop,hiphop.00015.wav,2397.1443316338377,2346.275923200654,0.11600965837683681,0.14012909,-81.904236,94.720695,-16.211037,40.537342,-12.241579,28.193031,-20.108301,18.112103,-14.630498,14.179908,-7.2731595,13.656333,-8.495124
hiphop,hiphop.00016.wav,2432.633895056764,2247.3131091664304,0.11039989970030936,0.20773114,-88.141426,77.38236,-19.072306,51.598656,-11.7594,22.234468,-4.727125,20.125822,-8.3214035,14.612495,-3.8051765,8.59063,-11.454931
hiphop,hiphop.00017.wav,2145.0454449830463,2358.753660373892,0.08037456798627224,0.19137202,-76.79857,98.390625,-5.0479903,49.339622,-10.298393,33.28461,-9.9737,17.609251,-12.237133,18.658957,-10.978351,11.509188,-10.487104
hiphop,hiphop.00018.wav,2677.2014312905194,2337.2949947868146,0.14572457463263727,0.16548869,-113.53241,68.488365,-15.747566,56.377018,-8.181871,27.015606,-12.3755245,20.661098,-12.6683,15.433944,-10.997763,14.044762,-12.50229
hiphop,hiphop.00019.wav,2470.3099575217398,2410.202245371045,0.10013617495649652,0.22584656,-64.75484,88.22647,-10.355254,41.795155,-2.5577855,22.908054,-6.495011,16.630516,-5.802398,13.089849,-6.9133754,3.0193243,-9.770441
hiphop,hiphop.00020.wav,2678.1366851461185,2262.4928742758884,0.1080872667730085,0.17585227,-122.26182,50.57139,-27.801025,66.5803,-6.6053147,32.071156,-8.241498,22.45073,-6.9437165,21.067606,-6.176521,13.646001,-3.098721
hiphop,hiphop.00021.wav,2405.8304964260956,2268.6671782842473,0.11971916086620263,0.24181972,-27.65653,94.36548,-20.578146,49.886654,-14.699279,23.853004,-17.633308,24.027565,-15.87746,16.434723,-10.632629,13.892765,-10.462795
hiphop,hiphop.00022.wav,2025.6497618309736,2272.73703743151,0.07539659162316319,0.17348304,-100.64651,110.216705,1.0290091,38.75422,-14.497625,20.640646,-18.037575,12.566879,-14.129199,15.096194,-9.243371,11.397926,-9.50886
hiphop,hiphop.00023.wav,2240.2899872227676,2193.9809559450014,0.10665716538573086,0.1904764,-44.723373,101.193695,-26.262499,52.928112,-11.71543,26.944754,-13.282815,20.712088,-17.486723,11.862879,-10.666727,8.381841,-15.426938
hiphop,hiphop.00024.wav,2517.7936351466747,2163.294065311931,0.13885955928557617,0.17854476,-63.147476,86.30365,-37.95675,39.56944,-16.530737,21.098028,-12.261162,13.075492,-12.380371,16.627066,-3.9949179,8.840081,-6.3225536
hiphop,hiphop.00025.wav,2305.1541602197276,2226.967938496362,0.10742489607501933,0.25150633,-44.338444,93.38643,-22.309427,48.852543,-13.904016,34.413067,-6.32592,25.873789,-12.339953,20.430222,-5.7629786,11.865526,-11.55436
hiphop,hiphop.00026.wav,3460.24289862119,2917.5568063224846,0.17268506904625383,0.16455324,-102.89939,30.651878,20.85029,45.66796,9.681037,8.775829,1.5652859,12.388125,0.5594133,5.1369996,-2.7244706,8.163298,-1.3305275
hiphop,hiphop.00027.wav,2639.343177690068,2632.7060086732495,0.10254357665639445,0.13499676,-109.31013,76.75423,2.786183,19.187447,0.5631859,8.245012,-8.03061,6.0124817,-4.275914,3.6560714,-1.5355548,2.663836,2.2838657
hiphop,hiphop.00028.wav,2774.064292349821,2700.4561048453725,0.11452140129543696,0.15451379,-83.2537,67.73527,1.2410202,29.653978,12.586732,5.6169643,6.2087727,8.087188,-4.7669544,7.666656,-1.1727865,4.248984,1.9444283
hiphop,hiphop.00029.wav,3127.2664007991543,2853.6647964825183,0.11533292717889908,0.16663784,-72.31159,57.15118,5.8386006,25.909645,6.706988,11.402706,5.0632772,10.026864,0.9482092,8.561544,-1.6964636,6.0592165,0.21398923
hiphop,hiphop.00030.wav,3725.230349312218,3205.3230898123174,0.172685781008314,0.19390872,-23.859095,43.71672,30.558304,26.47368,4.3383617,21.920883,2.5954418,7.001879,-1.4912325,4.579595,0.41853642,2.47088,-4.068917
hiphop,hiphop.00031.wav,3084.823804546642,2970.61795564429,0.13644361938854488,0.21307458,-25.108788,60.825592,-4.1871734,14.84839,6.795023,6.098334,15.451296,3.784735,5.6598086,10.247506,0.86333096,4.1838894,0.9262049
hiphop,hiphop.00032.wav,2145.890945678912,2441.669949507938,0.07872191436531008,0.13448663,-148.12135,90.56765,-0.27532333,28.855238,19.306164,15.245031,4.281466,15.519956,1.2726043,11.129077,8.849079,6.316172,1.631252
hiphop,hiphop.00033.wav,2987.6879685185945,2731.835588346538,0.15281550480769232,0.21406044,-31.762894,59.70142,-2.744976,33.420628,13.097368,9.410452,-1.7237395,14.170766,3.0802038,6.734939,1.0862201,3.8186073,1.6549313
hiphop,hiphop.00034.wav,3191.9170162946484,2735.4354317870484,0.1693078753591954,0.22744754,5.626782,53.15753,-9.091201,26.983356,0.5944695,15.572928,1.6008064,7.68756,4.9796963,8.549695,3.3433354,8.50685,1.0881995
hiphop,hiphop.00035.wav,2827.4503871683432,2834.132127972592,0.103432186901341,0.19190107,-100.84442,64.227585,12.814461,26.545551,12.6584,12.176756,2.3962328,18.495611,1.5657251,12.027026,-1.5520722,6.7103066,3.8736312
hiphop,hiphop.00036.wav,2967.147962166956,2556.787096748755,0.12188535748106061,0.08996205,-218.08333,40.82961,-14.313482,33.91025,12.158746,13.611059,5.8770003,7.524019,5.3885093,10.563416,4.7587986,6.447478,6.524984
hiphop,hiphop.00037.wav,3785.438539628473,2835.096618166119,0.21422600023674243,0.15857546,-95.94046,30.268175,2.6401818,12.595183,-11.173504,-2.2091284,-3.686765,-7.669313,-5.387625,-0.7307738,-4.0471606,-3.0586393,-4.9752517
hiphop,hiphop.00038.wav,2208.65791984026,2215.035483517546,0.09738436612215909,0.2698501,-61.835876,72.13108,-16.305073,27.443157,5.2088065,1.4985306,3.945992,8.3317,-2.1303647,5.8373547,0.046645932,-0.4366468,-0.7864779
hiphop,hiphop.00039.wav,2693.217660121341,2937.7648619296024,0.11156375769412878,0.18449508,-120.94078,77.27129,29.06561,10.437187,3.5667603,5.3683963,5.1985555,-0.8017177,1.3497723,2.302974,3.0739124,1.1976855,-0.6719622
hiphop,hiphop.00040.wav,2457.2400884546137,2790.1561300248936,0.10350008877840909,0.13083652,-182.9864,95.955444,43.94825,13.522106,5.9876814,-3.019344,3.0836813,-9.802795,-3.7693412,5.308352,-1.0465811,7.543807,5.8555245
hiphop,hiphop.00041.wav,2702.6536727978196,2666.6033742419754,0.11936627012310606,0.18691297,-77.00406,68.31946,-0.64739156,30.70986,3.9499156,5.493636,3.3855941,3.0454912,5.648922,4.724795,4.2856207,3.46072,2.8874722
hiphop,hiphop.00042.wav,2896.950312515822,2759.680802283589,0.10171046401515152,0.24915487,-74.73161,48.89044,3.8210833,36.29552,12.96853,13.447174,9.112768,12.724713,2.4919138,12.091033,8.99561,3.9080641,4.785855
hiphop,hiphop.00043.wav,1846.32383638541,2233.069353886014,0.061756110913825754,0.1363637,-154.78532,113.06958,-3.8357596,18.290535,13.33117,8.434421,8.840064,11.33439,8.993481,10.143328,6.199292,9.774344,9.39089
hiphop,hiphop.00044.wav,2507.355264123504,2322.7197548637637,0.1407455906723485,0.039173033,-268.93674,79.90777,-16.974985,19.053913,2.3454294,-7.1083302,4.773146,-7.59437,-10.017847,10.818717,-2.7683127,-5.4811974,2.2997925
hiphop,hiphop.00045.wav,2693.217660121341,2937.7648619296024,0.11156375769412878,0.18449508,-120.94078,77.27129,29.06561,10.437187,3.5667603,5.3683963,5.1985555,-0.8017177,1.3497723,2.302974,3.0739124,1.1976855,-0.6719622
hiphop,hiphop.00046.wav,2306.891059607127,2601.303368421397,0.09147097653228925,0.22798368,-75.62651,91.01366,9.83432,25.111555,11.793615,10.168802,0.11760899,8.224965,1.6325195,0.48827586,1.8103347,5.4946136,1.3010277
hiphop,hiphop.00047.wav,3235.5558089909523,3272.0505859825503,0.10929758495262955,0.24700375,-76.705734,52.78695,34.63606,26.197575,16.664793,11.354163,5.861285,6.9141855,3.6776621,-0.9586153,3.87444,4.487364,0.6391593
hiphop,hiphop.00048.wav,2345.299206046104,2682.1388436073366,0.07751058886794276,0.23028027,-87.560486,79.35381,25.052843,45.152496,11.185015,18.171783,3.5164936,6.999547,1.263746,2.3608532,-1.7756817,-0.008662649,-2.7024157
hiphop,hiphop.00049.wav,3085.556031555025,3055.7315724614145,0.10873717553654293,0.28870907,-44.586338,41.58716,29.919214,51.87193,12.878272,13.72171,7.9571733,9.288722,8.39591,1.9085698,1.1404613,4.5597878,5.519351
hiphop,hiphop.00050.wav,1683.4272327515525,2427.648677691674,0.04243024337780356,0.27367222,-114.05457,110.12894,17.897541,37.944332,27.98762,1.405787,15.552603,1.4244989,7.359582,-3.319526,8.256998,-0.18890655,0.6798426
hiphop,hiphop.00051.wav,2500.467553526264,2578.186263714857,0.09950325973994587,0.24395056,-78.70536,73.10555,21.826069,49.19616,3.1053555,18.316319,1.8645644,8.3988495,1.426505,4.2215204,-1.3166568,1.2564664,-3.0075817
hiphop,hiphop.00052.wav,2595.994967867747,2881.8281456296077,0.08233033642691415,0.109974444,-146.45955,81.55766,31.96333,22.411772,5.0775967,13.6172695,6.487694,8.408617,4.4354043,4.9975214,1.8295833,2.8662937,4.52971
hiphop,hiphop.00053.wav,3079.2339737601815,3220.9111449688935,0.10707709481341841,0.10891521,-144.9216,66.675064,44.269436,22.51216,6.504938,8.847096,11.890135,5.838831,3.0452945,6.454954,3.565836,2.5241907,3.8298788
hiphop,hiphop.00054.wav,3258.307248271105,3321.339011000736,0.1262363749516628,0.12414034,-104.79348,64.03617,28.8045,10.56003,15.176523,13.067325,8.025533,5.2390757,6.7465467,5.1255465,4.450881,4.4701214,3.3572874
hiphop,hiphop.00055.wav,1735.1780888053472,2055.9282768952953,0.0724604843387471,0.13372414,-161.52745,104.06318,-10.907193,43.697933,13.963114,14.444334,7.506866,9.481524,6.4333916,6.989431,1.3591906,4.434304,-2.9288795
hiphop,hiphop.00056.wav,2355.838782301562,2497.0585103955036,0.07014558560518175,0.16656049,-101.071526,72.41138,-2.371432,46.02547,5.5287857,24.215315,3.5469203,14.532067,5.650925,13.522768,4.9679728,9.9139805,2.933857
hiphop,hiphop.00057.wav,1811.510320100113,2279.639247744241,0.051442110160479504,0.2247038,-113.623055,87.05368,-0.64112383,52.261642,19.37811,19.67521,15.385646,13.703338,6.950013,9.077205,7.971615,4.4166307,-0.1543115
hiphop,hiphop.00058.wav,2677.746993460678,2414.5620817860026,0.13613681542440062,0.1303836,-109.82442,63.054916,-13.828153,43.01986,6.1724057,23.183786,8.03316,10.669684,0.968362,5.329999,-1.8259578,-1.4317563,-1.8608029
hiphop,hiphop.00059.wav,1949.4353476261645,2286.594892043858,0.06298488254060325,0.15123579,-133.19142,93.95369,-2.2407176,50.202217,12.499553,15.040485,11.499115,10.2495985,7.956885,10.791148,1.9635901,5.1979475,1.0622268
hiphop,hiphop.00060.wav,1717.3394378748421,2052.4764667682657,0.053872942647911835,0.18021424,-153.54395,92.79628,-15.8539295,57.933186,8.580763,18.461569,13.279116,11.165099,7.618666,12.9682,5.6574016,7.0170255,2.8851962
hiphop,hiphop.00061.wav,1811.681664691942,2201.181650414098,0.0673042645494973,0.1555688,-127.280014,95.79218,-12.782047,37.926857,20.56561,23.201853,8.269457,9.6126375,8.668725,5.5100327,6.6769104,4.0242624,1.7337765
hiphop,hiphop.00062.wav,2448.908553270967,2508.0552309058653,0.1095162352571539,0.19083652,-144.11632,73.39045,4.6577063,24.01729,12.901474,14.00732,8.624697,6.899631,-1.2319987,-0.85806054,1.1545575,2.5797813,-1.1144273
hiphop,hiphop.00063.wav,2671.1443441180336,2494.6900227127685,0.1221979529195669,0.18605243,-98.853745,71.11213,-10.053335,31.729233,5.1477127,1.8780881,-8.90375,-4.26225,-5.9646845,-4.266651,-0.6641838,-1.8670928,-0.51587844
hiphop,hiphop.00064.wav,2429.7567970045075,2575.167652629,0.07979187814191802,0.23593709,-82.389885,69.9665,10.69905,48.823395,4.6501894,13.297806,-1.7968225,5.1300416,-1.084799,-2.7969444,-2.5503407,0.22138514,-3.1227164
hiphop,hiphop.00065.wav,2447.017199907088,2779.59821443409,0.0885514851604795,0.20691244,-140.10194,77.09097,42.042377,31.247862,12.197926,10.2141695,3.738435,8.296796,-1.5552227,-1.7604901,3.6245475,4.591823,-2.5488021
hiphop,hiphop.00066.wav,2245.0676185562293,2484.0931602339115,0.07937459215487239,0.18972842,-111.97783,89.09961,13.175455,36.359657,-3.2765715,3.877864,0.56019145,6.327396,-2.1887617,2.9669955,-1.6431161,-0.37794453,-3.478565
hiphop,hiphop.00067.wav,3053.843913876579,3025.0175849524644,0.12687080070572312,0.21794207,-74.66587,58.725624,9.914969,21.557991,15.055373,4.9287863,2.2788138,5.4631743,3.1182055,0.5998957,2.4616168,4.2016363,3.4685113
hiphop,hiphop.00068.wav,2544.7011695771357,2747.9991393027904,0.0956740471529389,0.22871886,-66.12838,74.913,20.638704,39.30214,8.165499,15.136998,-0.37553474,5.5735135,1.4621953,-0.64992875,-1.5591092,1.4431081,-2.4078414
hiphop,hiphop.00069.wav,3297.9029244411563,3138.9490189367016,0.12088227474864656,0.27175093,-59.28568,36.266663,39.8319,49.96692,10.147771,16.897055,9.78029,4.4464774,2.4262035,1.7045093,2.3705525,3.9136555,3.1900172
hiphop,hiphop.00070.wav,2500.4618224971823,3049.2102835032524,0.06922378008990719,0.27877173,-81.72639,82.33733,53.536568,25.525997,15.728674,19.205505,8.432267,6.390246,0.20682313,0.13791877,1.2020646,1.532111,-0.7304982
hiphop,hiphop.00071.wav,3185.160631320678,3285.5638334884216,0.1075113743474478,0.24696118,-78.83389,51.52047,42.246727,30.081593,20.089994,6.973851,8.016349,6.873313,-4.6300087,3.650249,3.6282668,4.3236527,2.5973763
hiphop,hiphop.00072.wav,1821.46331961173,2522.0395257494642,0.051527455529775716,0.2527779,-118.05631,102.20693,20.763098,36.992615,24.375978,7.8266516,15.940077,-1.5931472,6.7580748,-0.77758026,8.574868,1.4911983,-4.211417
hiphop,hiphop.00073.wav,2566.9254687003345,2942.488198790913,0.08562104239172467,0.30026007,-78.21304,70.18442,45.89907,42.0747,15.084578,10.687758,-0.6957337,-0.6118224,0.3674376,-0.35835874,1.0923243,-0.6734943,-0.8149565
hiphop,hiphop.00074.wav,2774.785858823798,2712.4689217879163,0.11074241408062645,0.20822197,-68.91117,62.395336,24.27625,53.779545,-1.9351078,12.820083,-4.355874,12.3553915,-0.21981913,9.055807,-0.97975236,3.9336565,1.9129128
hiphop,hiphop.00075.wav,3140.9185615263345,2849.9481075881176,0.14681442744586234,0.19159333,-94.559555,51.677036,17.531384,28.92272,2.0536478,3.729747,-1.8468494,4.372743,8.770599,2.1283352,-1.3841965,4.6820245,4.0688467
hiphop,hiphop.00076.wav,2328.52633694279,2627.5253121218893,0.09665249782482599,0.23710126,-111.27533,89.93035,4.450366,14.5376835,9.927538,-9.4755535,2.9035454,-0.1585431,-3.0790896,3.2574103,-1.5119747,1.5706158,2.3876393
hiphop,hiphop.00077.wav,2987.5950110584854,2900.287043266731,0.1376235619682908,0.23840559,-25.85015,70.90157,9.568535,17.494287,-1.6235468,-0.5374489,0.2639298,-4.636478,-0.57947606,-3.067374,-2.406686,0.3842354,-2.147279
hiphop,hiphop.00078.wav,2328.52633694279,2627.5253121218893,0.09665249782482599,0.23710126,-111.27533,89.93035,4.450366,14.5376835,9.927538,-9.4755535,2.9035454,-0.1585431,-3.0790896,3.2574103,-1.5119747,1.5706158,2.3876393
hiphop,hiphop.00079.wav,3212.057081839573,2833.5391106656207,0.17229266362142304,0.15472177,-79.72858,62.312958,-5.1254992,18.232164,12.871769,-14.090276,4.9098263,1.6790172,-5.7725415,0.82087576,-3.799455,2.015118,3.4152286
hiphop,hiphop.00080.wav,3377.550728575826,2996.999028063944,0.15493130075406034,0.14131808,-64.0287,50.810192,6.6335435,27.82341,6.641089,0.30421928,2.8312953,3.2257662,0.16213265,0.6087187,0.09283668,-5.0643573,2.6649313
hiphop,hiphop.00081.wav,1470.2938674326106,1954.8448319946945,0.05182163270978345,0.08635042,-215.99901,122.53193,0.90698826,39.340004,9.276779,26.041027,-4.0447974,18.255962,-6.518696,13.916698,-3.0740814,8.889011,-4.3479905
hiphop,hiphop.00082.wav,2290.9396470333063,2181.5663392997676,0.11330995021268368,0.10224163,-122.77545,95.02316,-29.384428,46.77722,-16.006794,27.109676,-13.129478,20.252937,-5.38928,15.461106,-6.9193435,15.639389,-6.7110047
hiphop,hiphop.00083.wav,2367.639173778173,2302.8831942477177,0.11083682267498067,0.110620566,-121.9977,89.62222,-25.78171,40.958427,-4.291184,27.560095,-15.568068,22.402187,-10.835225,19.812077,-8.643745,19.082935,-8.475936
hiphop,hiphop.00084.wav,2044.214177024692,1933.5991084288332,0.10510961970707657,0.065865405,-214.28505,100.34033,-33.472843,47.243874,-8.946487,12.985619,-17.303013,11.073051,-11.712201,8.803368,-7.8350797,6.2592897,-0.11005687
hiphop,hiphop.00085.wav,2607.8596297145214,2391.9552710738562,0.12721671379543698,0.106190525,-114.32079,80.860405,-18.20416,50.670105,-14.925235,29.262064,-20.069794,18.574259,-17.683847,16.68106,-11.426418,16.29898,-4.4611216
hiphop,hiphop.00086.wav,2083.4389005825383,2198.235479537311,0.07984399168600155,0.07905619,-198.95903,92.613266,-19.52155,39.53248,-0.6365576,33.590065,-6.4646487,27.523464,-2.3977473,14.995195,-2.9880178,14.89381,-3.3824236
hiphop,hiphop.00087.wav,2473.246187433862,2499.7054922430575,0.08777506888051044,0.10802322,-168.2848,70.928505,-3.0489557,54.81575,-12.119345,30.501707,-1.5368698,28.829435,-8.936954,18.75314,-6.6041923,14.595448,-3.5817895
hiphop,hiphop.00088.wav,2694.78412749389,2389.1395069826526,0.14988572783739365,0.118538655,-89.90493,79.77238,-25.73345,47.74009,-10.016579,31.554688,-22.208488,26.64222,-10.969624,18.825157,-15.554683,14.415654,-10.034326
hiphop,hiphop.00089.wav,2669.9475361239274,2396.50347879877,0.11757230943058777,0.12068817,-103.14578,74.09631,-22.450449,51.598633,-7.0803447,32.66976,-14.982949,19.638306,-7.0651374,22.265232,-7.3165903,17.61653,-0.035863347
hiphop,hiphop.00090.wav,2272.5405031296214,2327.1482067943803,0.10443931868716164,0.10914599,-109.51281,97.39123,-20.617918,37.375572,-3.1134143,28.608015,-14.167001,23.848665,-8.73561,19.89689,-11.290993,17.932451,-3.4741397
hiphop,hiphop.00091.wav,2629.0449785113356,2350.8161857462896,0.1385510319992266,0.1135739,-105.535225,76.67295,-24.781746,55.20959,-8.259848,28.897642,-15.744415,26.299292,-8.478252,20.452374,-8.147399,13.909218,-6.5623593
hiphop,hiphop.00092.wav,2330.136830188641,2664.1010410251697,0.07259227873646558,0.1225821,-145.03775,84.07012,10.8738365,43.602345,6.2924957,36.12595,-14.64767,26.805588,-10.327143,24.690153,-8.718044,18.786041,-4.3923764
hiphop,hiphop.00093.wav,3185.5488967360475,2603.8793384116775,0.15213151947989173,0.06721186,-191.64328,41.31824,5.0136557,65.45381,-4.320505,42.6368,-12.25125,23.813137,-4.262662,16.029984,-5.084965,16.429445,-9.367056
hiphop,hiphop.00094.wav,1929.8045739109696,2249.52935658393,0.05418184756863882,0.11072535,-169.90744,98.044304,-11.313633,38.255463,5.08135,25.405148,-11.835303,25.126324,-5.543401,19.20919,-2.9169095,18.207973,6.095454
hiphop,hiphop.00095.wav,2735.685144773171,2295.5018679407126,0.1575562373114849,0.10344428,-92.64569,77.41155,-32.758095,54.586475,-13.199569,33.6607,-12.074938,28.02354,-11.954623,18.8322,-6.6618686,13.044242,-7.011976
hiphop,hiphop.00096.wav,1752.518630056562,1811.8528990944299,0.08311732646945089,0.11077147,-128.18356,124.55868,-37.18115,43.889126,-12.773454,18.995405,-9.288907,19.782911,-6.878305,13.470524,-5.9719143,12.324474,-4.6459928
hiphop,hiphop.00097.wav,2582.0374965474734,2526.1833702352374,0.11600512676430781,0.1184538,-111.191635,80.62923,-0.8914612,50.620903,-13.467605,35.320023,-14.841076,21.189829,-13.576961,19.619339,-11.7664585,16.967947,-9.359965
hiphop,hiphop.00098.wav,2538.6441653895045,2341.3393617436855,0.10070602523201856,0.11897815,-129.85645,72.016136,-23.281464,63.21336,-6.8841476,34.399254,-12.2047,30.490248,-7.5962567,20.596848,-6.210492,14.676088,-2.949456
hiphop,hiphop.00099.wav,1963.0643813627655,1917.402330920656,0.10151491806844548,0.15363686,-138.8806,100.20721,-31.442928,32.449326,-2.7517662,13.091758,-14.506294,13.94322,-15.174354,8.177486,-4.925513,3.5089593,-7.9849477
jazz,jazz.00000.wav,1503.9322999254405,1754.3003588891916,0.07841653373936582,0.046740487,-252.09982,137.90314,-11.128929,8.363254,0.73125345,1.5888377,-3.731885,-4.1349125,-5.499282,-2.6316204,-3.5324266,-3.1432617,-1.846344
jazz,jazz.00001.wav,1266.4884313587363,1691.2917034209945,0.059293884135730855,0.022786215,-345.75772,146.97388,-0.50894165,22.634275,5.8155456,10.363343,-0.15792401,-1.7160186,-6.119844,-0.522886,1.0385454,1.2205256,-1.9355481
jazz,jazz.00002.wav,1064.7190883164435,1050.3578731864725,0.05785736296403712,0.08082792,-256.9818,175.33954,-44.815453,25.638649,-4.25749,-0.22635292,-11.3197775,-9.186364,-4.102288,-8.307013,-22.554071,-7.60941,-7.656197
jazz,jazz.00003.wav,813.4170141933301,1059.4360254979572,0.044649978248259864,0.05944417,-297.30292,193.07446,10.171171,-1.5964475,3.3883607,9.993823,-7.2564507,4.6935673,-5.391065,-2.8595288,-10.230401,0.3792567,-4.969516
jazz,jazz.00004.wav,1039.4057429757265,1422.0398263486097,0.04775035648685228,0.108704925,-270.31265,137.58981,5.64002,42.49051,-7.95947,9.938035,-6.8108325,8.250219,-6.1824946,5.4758544,-5.4403186,-5.177866,-6.9937267
jazz,jazz.00005.wav,1268.2111446452006,1545.968620055585,0.057875111779775716,0.107499525,-246.27443,120.21053,-0.97663915,30.696602,0.17293577,23.16143,0.43138725,9.166991,-0.5621409,5.726498,-3.753218,4.230339,-0.2852333
jazz,jazz.00006.wav,1219.5124856006728,1458.8753959039157,0.048039624419953596,0.098547824,-234.40953,142.74026,-14.29672,51.96394,-8.197965,12.785138,-4.2762494,12.085669,-13.715139,-1.5637431,-3.9804893,4.9272647,-3.9477925
jazz,jazz.00007.wav,1169.7729218908692,1355.2739051651295,0.06482660539926527,0.093775615,-291.9705,137.69986,2.6473362,35.658165,-12.313128,15.604982,-6.7887726,-2.845075,-3.7737763,-3.4614394,-1.7078483,10.411185,8.302555
jazz,jazz.00008.wav,1304.6447662986704,1636.732175415205,0.04626700865235885,0.11852421,-189.98238,134.4189,-25.65002,45.729492,8.180399,21.443512,-4.585944,14.390953,-12.663227,10.2808895,-7.942295,-1.1352843,-5.053429
jazz,jazz.00009.wav,749.4465657215494,1211.2293162151411,0.03168654534029389,0.085318066,-296.7094,172.36177,16.870981,18.944475,1.3714188,14.397395,1.0102301,9.526041,-7.4072003,3.5161068,-7.660177,-0.1054814,-7.948271
jazz,jazz.00010.wav,829.6061468763728,1037.8346398077867,0.03306037920533643,0.06414246,-318.75613,162.64056,-16.489927,39.12443,31.428144,15.258032,-0.6904927,5.8004074,-8.641589,-4.0020485,1.3683022,0.07209224,-3.1007144
jazz,jazz.00011.wav,1825.7919934436593,2108.133619273639,0.0768886250483372,0.07116314,-192.50862,113.1928,-6.349792,39.581062,-9.180212,17.197966,-19.102736,12.200302,-15.4702015,9.694097,-10.955244,12.916771,-7.2863307
jazz,jazz.00012.wav,1650.9582872211786,2040.7208687666034,0.06368954828886311,0.037519317,-253.17776,122.693375,-5.6654377,40.575787,-5.8344774,18.414371,-16.655176,14.596437,-15.156902,8.209847,-13.885359,8.284788,-7.303147
jazz,jazz.00013.wav,1790.2436399601108,2313.009871801148,0.06107594076276102,0.05546204,-217.6363,112.63075,12.674138,39.518566,-9.819439,17.37019,-12.366685,20.703709,-18.293848,16.35072,-10.01516,9.042705,-6.878432
jazz,jazz.00014.wav,1171.8345898377106,1278.0267644982348,0.06491837055297757,0.039290268,-358.2756,137.95386,-10.996048,20.851852,1.9459162,-3.4097784,-11.533094,-3.2747328,-11.018584,-8.387629,-7.478257,-0.9960916,-6.7370696
jazz,jazz.00015.wav,1782.220467473971,2061.769257168727,0.07355637930201082,0.062371545,-200.0005,117.24072,-12.38803,39.11275,-6.3558517,16.52946,-17.309965,13.6309805,-17.660389,14.04195,-10.207223,12.181232,-6.7178407
jazz,jazz.00016.wav,1465.8580996844978,1738.8147828826322,0.06984498864075793,0.060548145,-259.90985,123.19317,-6.395086,37.57145,-2.9789445,13.065518,-14.084049,5.309153,-11.972437,3.51741,-9.638736,5.3370905,-7.83725
jazz,jazz.00017.wav,1934.3602751013964,2187.2734417477054,0.08414373670726992,0.049843065,-233.11557,105.91353,-2.6636257,37.423096,-8.166696,15.727241,-15.060575,8.373821,-16.369574,8.638241,-9.372576,7.0943284,-5.9968596
jazz,jazz.00018.wav,1993.4129867783488,2127.193077376527,0.08770822759570766,0.052224174,-192.11354,105.56805,-26.025105,40.168938,-6.6581736,26.505718,-10.3861,18.47399,-13.997672,14.939583,-12.698397,9.578539,-5.196666
jazz,jazz.00019.wav,1352.8857477220745,1715.0484721550633,0.05545069907675947,0.050191432,-267.31512,129.0458,-14.71859,41.268223,-1.0152897,22.954586,-8.12934,11.185736,-9.07311,11.3224125,-5.502239,13.576353,-1.1756657
jazz,jazz.00020.wav,1171.3366948620226,1678.1466293123667,0.03296332717034029,0.027113363,-376.71182,119.157196,-2.9485693,48.497326,13.156253,21.246126,0.022175683,8.012308,-0.405818,2.373185,-0.034592677,0.8998018,1.6660526
jazz,jazz.00021.wav,2915.2020776967365,2420.424422331274,0.18137212695765662,0.047954846,-174.72078,75.8943,-12.799819,52.615498,-29.40738,22.755056,-22.368855,18.625555,-24.709671,21.171358,-13.808962,13.011256,-7.863235
jazz,jazz.00022.wav,1451.8621242970448,1920.270843279046,0.051224215124709975,0.05047974,-298.75613,112.07628,6.4888177,28.38917,-6.7709866,16.645588,-11.807551,12.744363,-8.340971,13.893223,-4.237726,2.317613,-4.3295827
jazz,jazz.00023.wav,1988.7524361987282,2100.288833446233,0.08013779123163187,0.08778412,-188.1169,98.61235,-11.277219,47.221462,-20.341473,18.784271,-15.795817,13.686597,-15.463714,17.43076,1.0079583,18.28063,4.641811
jazz,jazz.00024.wav,2034.4917204627848,2084.4823311170585,0.09322282240912606,0.05883789,-202.62045,105.849625,-20.564375,43.892128,-14.27648,25.298754,-15.593871,15.321755,-13.29383,12.2762575,-8.766582,10.16218,-1.8646472
jazz,jazz.00025.wav,1697.9171784792436,2065.918166230217,0.06359853840390564,0.069333844,-237.67996,108.312355,2.04028,41.773415,-10.450012,16.938732,-8.598846,12.791259,-9.114674,15.943176,-6.5168304,7.1786137,-8.255826
jazz,jazz.00026.wav,1367.435200194703,1638.9549228243195,0.05861036591260634,0.03193886,-414.08255,104.827614,-7.8329196,37.852913,0.19328876,23.407959,-7.2962813,5.744218,-1.0660864,8.488759,-5.5004673,0.8773022,-1.4534107
jazz,jazz.00027.wav,1769.4282675269487,2113.3603976094173,0.06268088686678268,0.04059417,-262.10797,108.99054,-6.340923,55.173943,-10.668641,18.520815,-4.25078,18.553394,-19.70442,17.577572,-10.98687,11.923827,-3.4338589
jazz,jazz.00028.wav,1854.1337840481792,2096.2569960443584,0.07490491166376644,0.048747774,-233.78688,108.448845,-10.692217,38.697773,-10.757062,14.163576,-16.255836,10.371212,-20.810995,10.070447,-12.022905,7.7604136,-12.027533
jazz,jazz.00029.wav,2235.248011846126,2259.068865089602,0.09937373114849188,0.03632046,-232.95944,93.831406,-16.192348,49.591522,-13.951524,13.50087,-11.832385,13.296763,-25.825914,17.382801,-13.31809,9.286801,-5.4947696
jazz,jazz.00030.wav,1687.9309171434163,1762.9877729056168,0.08464938913863108,0.029581375,-319.02478,115.672615,-23.037462,52.595093,-12.8111315,14.634927,-8.212764,0.305449,-23.86931,10.836662,-9.588441,7.4765005,-4.249779
jazz,jazz.00031.wav,1752.7248668089467,1990.315447100089,0.07237627187258314,0.043577813,-237.51991,115.94363,-15.43163,47.1034,-13.503622,18.200197,-13.963651,15.332401,-17.5261,13.422289,-6.2284956,8.632212,-7.2494073
jazz,jazz.00032.wav,1522.0894311198458,1909.705793787323,0.061381069339713844,0.040505677,-305.4654,121.930756,2.6112542,36.931583,-8.555872,17.913818,-9.265583,10.559933,-9.93475,2.3150375,-12.682137,0.3106361,-8.614856
jazz,jazz.00033.wav,1169.439675583144,1498.6352447669826,0.04233319134280743,0.06974877,-261.82486,139.53577,-17.112345,49.890068,-5.8632746,19.849518,1.8529809,5.7118235,-7.836344,-0.42400107,-1.2595353,-2.1943364,4.4571304
jazz,jazz.00034.wav,1759.6144140848987,1779.727009111932,0.07934929065158546,0.12999395,-146.37517,118.19466,-34.673393,58.782375,-14.961517,34.299007,-6.591182,13.8928995,-14.637521,9.193353,-11.336161,1.0952282,-5.4995704
jazz,jazz.00035.wav,844.1729949398201,1104.4627955493022,0.037725674303944315,0.091462374,-261.9065,182.52736,-16.897045,49.855297,-1.2192539,6.3459206,5.9968686,-8.87631,-10.314593,-3.2035499,-5.370093,-3.5455356,-2.8951979
jazz,jazz.00036.wav,1481.5814852961125,1411.8576431665472,0.09950288210556844,0.080526754,-196.93747,152.82791,-36.87057,41.80115,-8.697372,4.414522,-11.569147,1.4216534,-14.735709,0.473305,-10.165451,-6.9279656,-6.249939
jazz,jazz.00037.wav,1276.65130991172,1570.684436252314,0.05150064348897912,0.10659271,-198.47012,140.68791,-18.40507,30.508652,-6.6951494,15.716474,-0.7360026,7.2920203,-6.588792,6.0721865,-5.131031,3.4454892,-2.8457658
jazz,jazz.00038.wav,1554.348779839451,1774.872827648013,0.06639416569992267,0.0977495,-179.60382,124.33756,-29.747341,45.366802,-10.197358,17.78607,-8.814063,12.764595,-10.758047,8.61604,-12.397632,3.39003,-12.025345
jazz,jazz.00039.wav,1311.1445630270323,1446.2128274237411,0.07648568916763342,0.0822344,-237.32549,146.8242,-24.415499,64.26624,-10.813705,3.2741916,-1.3289616,2.707299,5.143976,0.40130147,9.623003,2.5155437,3.119005
jazz,jazz.00040.wav,1317.0269708114588,1475.6012299441811,0.054847239341647334,0.13801351,-179.8,147.75923,-20.459309,58.603146,-23.800596,2.4622712,-3.1939633,-9.311168,-5.76392,-0.42221218,-8.364214,3.093961,-6.8591576
jazz,jazz.00041.wav,1617.409384435443,1568.4366650433094,0.10058782567188708,0.07820094,-216.33937,135.02338,-35.487026,61.59968,-14.557851,11.047007,1.2091343,10.954964,-8.300718,-1.4434431,0.11894798,8.277707,-4.5797057
jazz,jazz.00042.wav,1344.620126251233,1548.9896603738434,0.061185832366589324,0.09949224,-206.79463,141.81705,-13.789803,49.32459,-24.800512,11.800834,-12.790984,-16.55076,-8.390814,-1.2141521,-7.660741,-1.3785262,-9.3491535
jazz,jazz.00043.wav,1761.2131331366036,1793.1994885944387,0.08571960496423048,0.11169214,-173.19873,111.66873,-35.907608,45.83885,-11.437211,19.691479,-8.076202,17.946383,-8.960496,14.693592,-10.340895,4.678985,-11.800859
jazz,jazz.00044.wav,1004.7574201659099,1246.8335111965353,0.04966836148975251,0.08646611,-246.96924,168.01538,-19.797491,21.995052,-0.73890436,15.092532,-1.2764797,4.740402,-2.0533223,6.5338626,-1.3891008,5.62546,-0.28566718
jazz,jazz.00045.wav,937.3823871861681,1186.6650247074094,0.042621704007153906,0.10030164,-231.30544,174.38911,-19.74983,47.356174,-1.9784858,6.667481,-1.1242052,-5.498746,-13.734889,-3.6913314,-6.3084717,-1.4986175,-2.635248
jazz,jazz.00046.wav,1295.2393474800779,1446.1536900917415,0.05863604505027069,0.11046955,-204.23126,147.6004,-25.210436,49.35248,-15.658071,2.7013888,-7.84962,-10.641352,-4.8027873,-3.6693342,-3.5079243,1.5647384,1.4762619
jazz,jazz.00047.wav,1981.9823821841665,2145.059569858149,0.09353588130800464,0.05389259,-201.77866,109.287796,-15.506362,44.262638,-11.043766,18.838415,-11.305834,18.402468,-18.90308,11.213676,-11.905747,6.9541726,-11.655336
jazz,jazz.00048.wav,1748.3486883454468,1947.9220004793158,0.07930246398878577,0.058648378,-204.78166,117.437454,-20.935831,42.01605,-10.355554,19.221495,-11.642017,7.983561,-20.268,8.788081,-11.700528,5.1742783,-11.235282
jazz,jazz.00049.wav,2049.705424466469,2467.129879372664,0.06476844970514307,0.1843305,-165.51665,87.27495,24.825937,28.404272,-2.7653043,-1.3249931,-14.071616,-4.758404,-19.202238,-0.60245854,-11.94831,-8.32714,-8.228104
jazz,jazz.00050.wav,2486.0099199626684,2760.0110054655725,0.08126299096903669,0.19040252,-54.897827,77.32104,8.338181,31.679045,11.31049,11.7354355,7.8756256,13.472067,-2.214122,5.59056,1.5235485,7.4191575,-0.92256814
jazz,jazz.00051.wav,1193.6599936500752,1559.708376046556,0.042435530259087396,0.069750376,-260.92548,138.5347,-16.334736,49.145832,-5.252644,19.349974,2.2014174,5.547832,-7.8814015,-0.20591298,-1.6223303,-1.7267847,3.9365222
jazz,jazz.00052.wav,2289.4808402193494,2592.510132215596,0.07725502618178325,0.1882998,-91.53226,82.66672,12.093825,36.69266,-0.7732234,13.448074,5.6481614,9.667838,-3.7435045,1.8151722,1.5047323,1.2590992,0.8051054
jazz,jazz.00053.wav,1804.7976374158895,1861.9248653104196,0.07952338009957463,0.13001709,-141.05447,110.755295,-27.479687,51.97261,-8.659801,28.612816,-1.6032472,9.656118,-11.177464,6.511756,-9.409139,-0.12349961,-4.9262433
jazz,jazz.00055.wav,871.7965368873743,1205.6555880351484,0.03777854311678268,0.091461584,-260.38052,180.59885,-15.351955,48.54308,-0.07772119,5.433353,6.595534,-9.157926,-10.286931,-2.9881864,-5.8197937,-2.928516,-3.6202674
jazz,jazz.00056.wav,2976.3136721854653,3035.9683679183013,0.11474045973557692,0.19825299,-37.92366,65.09798,14.327614,21.301477,7.49353,6.316901,1.9001935,6.5574055,-2.9158833,5.5678763,2.4430568,2.9960213,0.5928096
jazz,jazz.00057.wav,1378.6753716271073,1773.7599612811105,0.06185877682714617,0.07809878,-248.04065,125.96372,-12.62705,30.244604,-1.0868208,-2.2237856,1.9342353,0.2369827,2.699163,-4.4125104,-6.465382,-6.510919,-3.995319
jazz,jazz.00058.wav,1545.8301777915788,1580.916969126098,0.099600311774942,0.080529675,-190.61761,144.0196,-28.387869,33.79657,-1.2907627,-2.2981575,-5.6472545,-3.6466978,-10.5329075,-2.8500466,-7.7049165,-8.587104,-5.3027043
jazz,jazz.00059.wav,1391.5959542659566,2133.0459484799926,0.03801713930407464,0.18228659,-179.79295,114.698,28.397093,36.0584,11.13554,12.761848,3.798271,8.478696,-0.06284362,5.388269,1.0202453,2.6880953,-3.7270627
jazz,jazz.00060.wav,1427.9245373060999,1887.552795508065,0.05241074233855375,0.10660699,-190.4065,129.51292,-7.8296256,20.722414,2.1996531,7.7903314,6.18631,1.3470623,-1.5960288,2.017078,-1.9909496,1.1614685,-1.3529067
jazz,jazz.00061.wav,2455.008879715117,2656.8714376589696,0.09425926647640061,0.23172186,-23.793097,82.98356,2.3204923,29.46328,6.617261,6.4766674,-0.7065422,6.221644,-3.372559,5.657924,-0.36495137,3.1989357,-0.21585414
jazz,jazz.00062.wav,1725.6171874007612,2091.10623750538,0.06751573980085074,0.09777056,-168.13132,108.280045,-14.153984,30.439228,3.8875537,4.6804056,3.1929495,1.9267527,-1.1429433,0.23423405,-5.2528405,-2.556729,-7.2262635
jazz,jazz.00063.wav,2481.5395079724226,2688.38335845447,0.09874629682721713,0.16242883,-50.615818,85.04832,3.5498574,22.806694,-1.5829431,6.1165333,2.3547208,3.6508038,-1.8693411,4.3229847,1.0399419,0.7945606,-0.7855246
jazz,jazz.00064.wav,1574.959956587146,2069.6779972005947,0.055842305926140756,0.2119892,-69.57057,125.992775,-5.1503735,30.77484,8.313546,5.0850725,-3.913447,5.374507,-10.77791,9.031306,-8.25954,4.7895656,-5.1246743
jazz,jazz.00065.wav,1337.777103820417,1518.833998927612,0.07649135368329467,0.08223485,-235.76547,144.76729,-22.573074,62.554108,-9.30633,2.0314922,-0.33484912,1.998136,5.5365386,0.30647522,9.452853,2.900288,2.5636392
jazz,jazz.00066.wav,1579.597166735635,1854.2680441845785,0.0883246111723543,0.17286155,-118.444305,122.29463,-12.950322,26.842342,4.370559,6.8966103,-6.8170652,-0.3957851,-8.276583,-5.0274334,-4.3593554,0.3311734,-4.525175
jazz,jazz.00067.wav,1353.9940370893112,1567.0213086501299,0.054932207076566125,0.13801786,-177.28923,144.32109,-17.248318,55.66755,-21.235043,0.34852913,-1.5764664,-10.412312,-5.180942,-0.5102532,-8.733682,3.8595126,-7.9607005
jazz,jazz.00068.wav,1382.8810942210137,1643.4574817138032,0.06120433645108275,0.09949384,-204.40417,138.56189,-10.7713175,46.531643,-22.296581,9.674001,-11.094681,-17.79282,-7.5867662,-1.6089342,-7.6591063,-1.0280541,-9.978247
jazz,jazz.00069.wav,2011.3793005237949,2227.911724332324,0.08750241686001546,0.111734815,-159.17877,92.01376,-16.731047,27.372526,6.108614,3.2374399,7.151189,4.027298,3.5904977,3.537207,-0.580228,-3.7204585,-4.718692
jazz,jazz.00070.wav,1117.2614806332522,1545.152703760625,0.05004033135150812,0.08647344,-237.89583,155.84558,-9.223945,13.184577,6.6045504,8.891065,3.9869585,0.2617937,1.7506257,3.356517,1.1839762,3.6197555,1.1614976
jazz,jazz.00071.wav,971.5184947924217,1301.6314592279884,0.04257072336620263,0.10030232,-228.37425,170.4156,-16.073599,43.94548,1.0996212,3.997021,1.079717,-7.2045374,-12.51627,-4.418202,-6.0617275,-1.3315177,-3.1522162
jazz,jazz.00072.wav,1336.3546002724486,1554.5636044977155,0.058720635150812064,0.11046993,-202.82185,145.7447,-23.561142,47.848927,-14.353488,1.6448873,-7.065911,-11.128286,-4.6043057,-3.6093202,-3.7902675,2.0428383,0.84764105
jazz,jazz.00073.wav,2967.826756749952,2921.8330539368476,0.12970003746133024,0.13313222,-84.05484,63.09341,5.613019,24.932241,6.1947927,-2.9102545,-0.36938918,-1.0819331,-4.2484245,-2.3233378,1.5739508,1.9415085,1.5482017
jazz,jazz.00074.wav,2415.076791967096,2552.8255059224193,0.09553696587393658,0.11266223,-149.20642,79.08024,2.0129535,27.603142,0.32049346,1.7403431,-3.6078987,-0.16264425,-5.0342765,1.2452917,1.1467863,-0.61477995,1.8223752
jazz,jazz.00075.wav,2902.237371028965,2854.7296978197974,0.12648901235015467,0.14688885,-78.206566,63.23094,-1.6779568,21.02095,4.4600124,-3.5970638,-1.5601112,-3.0758893,-6.0766597,-1.953726,1.7829206,-1.2087538,0.94777805
jazz,jazz.00076.wav,1733.7356811346049,2068.2160498614826,0.06870037884280743,0.119098485,-154.33812,110.678246,-22.29611,21.155048,4.270861,4.7511244,-4.084911,-1.0139267,-6.4087467,-9.243103,-3.6306064,-5.5059047,0.5389927
jazz,jazz.00077.wav,2777.8434123208845,2691.227405583129,0.1308816554282676,0.1457161,-77.04768,64.53718,-2.8516345,28.523897,4.68933,-2.8045924,-5.941858,1.9067209,-5.199494,-2.319647,-2.938013,-6.1523376,-0.76270944
jazz,jazz.00078.wav,2503.5410170407163,2598.597083896597,0.09586928412606342,0.11916989,-141.47614,70.87621,-0.52493167,33.563366,1.4298356,-9.165381,0.772524,0.5435524,-9.180862,-2.5613806,4.0683784,-2.233298,-0.69560075
jazz,jazz.00079.wav,2634.043115077565,2728.2919813424173,0.1078452031370843,0.06982318,-163.56102,65.98095,5.354575,41.90309,7.0279517,5.4982114,8.927303,2.682466,-0.1786163,5.16272,10.484863,3.3343596,3.836848
jazz,jazz.00080.wav,3029.524006692204,2829.078711471935,0.14034857163573086,0.07571336,-117.26823,56.985897,-2.100188,35.6115,4.7055225,3.8937654,11.592541,6.0795307,0.58258206,2.2728043,2.699062,-1.8532667,1.6794043
jazz,jazz.00081.wav,3026.5185290322397,3302.3417210018733,0.10012748936581593,0.043226168,-228.37268,67.551735,37.07074,21.323814,17.05992,10.132071,10.780065,8.01709,2.0439801,0.283121,2.4854755,3.843088,1.5900073
jazz,jazz.00082.wav,3905.0663421586682,3328.8714437290246,0.2066977988447409,0.047818083,-158.35344,49.6283,21.610638,16.520687,11.4244,6.2550488,5.6390004,-0.18564107,-0.2379513,-1.9907087,2.0271473,2.6864684,-1.4627907
jazz,jazz.00083.wav,3393.080458875416,3147.319911313142,0.14964517473897912,0.07430314,-125.98232,56.631195,23.469534,23.709396,-0.29916176,7.154332,0.18178771,-0.8391557,-4.1526923,-1.8885244,2.5274887,0.5238576,0.92152727
jazz,jazz.00084.wav,2875.155262931994,2802.961209947392,0.11831247281032482,0.05166333,-178.03915,61.93402,1.4865072,36.045277,7.582727,5.1545825,-0.90878844,2.948956,1.4483311,2.140209,5.176123,2.027973,0.5181927
jazz,jazz.00085.wav,2860.6831509039876,2566.170784403403,0.14755912243812838,0.07137948,-131.90503,61.60795,-12.67634,35.07376,-2.1412582,-0.9574649,-4.8419356,-4.1117215,-3.2795613,2.5008752,6.4012136,3.4144216,-2.8996136
jazz,jazz.00086.wav,4135.738578404693,3220.6479293446114,0.26163718097447797,0.052383415,-156.65346,22.764954,10.47278,24.15443,10.1406765,2.9690418,2.4916868,0.48640975,2.690116,1.2295191,3.3203456,-7.8132567,1.1047308
jazz,jazz.00087.wav,1846.8634833838028,2731.2712860932206,0.04283468979601701,0.045787524,-340.9211,89.82105,44.52626,28.849882,16.312696,10.603151,6.996853,0.838772,6.085583,7.1257286,5.425999,2.7258346,9.359518
jazz,jazz.00088.wav,2428.058768410789,3007.019818392754,0.069027032579273,0.091520354,-192.53928,80.9684,25.694563,18.537584,14.170472,1.2607203,4.0871086,-1.4164065,2.6693683,5.248078,3.7233064,0.2904216,7.335002
jazz,jazz.00089.wav,1787.7638893804722,2485.50184386976,0.06275188212973705,0.045032978,-322.4348,90.67423,27.020731,37.843822,19.696075,4.6111484,3.0710325,7.9741745,1.9310689,2.082464,0.44003147,4.8904376,13.061074
jazz,jazz.00090.wav,1875.1521594572132,2569.4886461121373,0.054141818324632635,0.06135448,-217.63109,105.63394,19.312328,28.34839,8.654819,0.14195958,6.3652163,-2.540636,-12.9904175,-11.146648,-6.1566696,-7.739082,0.42071098
jazz,jazz.00091.wav,2959.1578862773017,2832.7603174225164,0.15147972254447023,0.040916957,-299.35794,60.76391,32.084476,25.690987,7.444089,-1.2945149,1.8584757,5.254534,-5.537015,-3.092252,3.6521976,-2.3015044,0.89002097
jazz,jazz.00092.wav,2215.267218635689,2795.00303259973,0.07547665011117556,0.053534985,-294.05438,84.6363,39.074047,28.610287,14.117953,1.0143454,7.343283,5.2076173,-3.747638,-5.045501,2.2260773,-0.5776967,4.209762
jazz,jazz.00093.wav,2152.8430463253017,2775.45858091221,0.08172045690738593,0.045283854,-215.3706,100.935074,17.103338,12.981271,16.05995,4.7681456,4.571938,-3.135014,-4.15295,-2.2979836,-4.922637,-3.3403125,-1.4198282
jazz,jazz.00094.wav,1077.2680007298775,1539.2702937086358,0.04150088517498066,0.03976792,-366.40802,131.7068,16.492437,36.311737,5.0585704,14.669265,-6.169326,4.7203755,-9.589378,-1.2988945,-2.697992,1.5731221,-2.2846932
jazz,jazz.00095.wav,1854.6319159218997,2215.6086477855492,0.06336251691802011,0.06815121,-219.79694,100.832466,-1.4313542,41.2765,-0.943615,23.37852,-11.5095,20.015314,-15.975561,13.942784,-7.988526,5.7343793,-6.879345
jazz,jazz.00096.wav,1873.8376247337064,2083.7564324906257,0.07771677723801237,0.044383854,-277.2662,95.78777,-2.9489677,43.91847,1.9368118,22.255892,-6.1426473,22.457829,-12.839392,10.77821,-7.53352,3.594645,-5.0788703
jazz,jazz.00097.wav,1176.326568022795,1753.3771368323373,0.039907645736658934,0.021176668,-413.57648,118.27753,31.093847,40.150215,13.0943165,13.9397745,-3.7187622,4.747173,-9.887995,-3.0664465,-6.288996,-3.6193843,-5.2701
jazz,jazz.00098.wav,1885.6190151488076,2230.5435545862933,0.058131147887664346,0.060133778,-222.99565,102.8713,-1.6640548,45.21429,-6.754359,25.362495,-14.371586,24.249865,-10.4132,11.150229,-9.152708,6.6299033,-7.8272076
jazz,jazz.00099.wav,1492.5309939204085,2014.4559100407412,0.046179019842420725,0.0392551,-315.03824,112.72009,9.759592,38.984005,3.9417918,20.022207,-7.2148595,15.278688,-13.678441,10.154263,-4.878445,4.704112,-2.7004828
metal,metal.00000.wav,3274.50233695886,2722.4884522973516,0.18301936811194897,0.11605348,-52.940304,50.09013,-11.491269,46.324932,6.5430007,10.116378,5.4855285,8.844899,5.929942,6.625154,-4.0330343,9.778293,-3.1172316
metal,metal.00001.wav,2922.918811417647,2620.9441075191394,0.1528407168406806,0.09723436,-80.19851,64.840294,-15.457802,46.845818,7.9143405,21.7688,-2.1780024,21.984137,-7.7135425,11.146057,-4.2872386,11.4456625,-10.364868
metal,metal.00002.wav,2198.9192293914725,2006.3317772520952,0.12834093133700697,0.13272823,-62.234993,115.17359,-42.7843,54.301395,-24.871058,20.127165,-21.635332,20.841627,-8.395903,20.32247,-10.730717,9.666508,-14.542503
metal,metal.00003.wav,2752.293220771919,2205.750624658053,0.16667346408546016,0.15011945,-43.095963,75.37249,-47.823303,53.022266,-12.325954,36.862835,-8.285685,28.386372,-14.524615,22.091656,-7.3449435,15.974339,-13.12713
metal,metal.00004.wav,3403.076270500999,2825.1012483991854,0.19235071357791958,0.063436955,-107.15857,47.66012,-8.623368,38.404957,8.464611,9.544071,1.0112348,20.752398,0.7103535,11.781386,1.1649987,11.065437,-2.537655
metal,metal.00005.wav,2464.5835110221637,2204.6845786304452,0.13431926116589327,0.12173561,-79.6058,93.465515,-27.727808,64.066574,-18.799423,23.316315,-10.544774,13.356813,-17.534973,16.389614,-10.039802,8.944684,-16.07516
metal,metal.00006.wav,3237.0244682555635,2572.8561991203346,0.1980427965487239,0.050436046,-140.7743,55.93842,-12.305976,44.334286,-10.598108,10.867342,-0.94542086,22.24718,-9.377725,15.238384,-3.057164,9.061381,-8.799073
metal,metal.00007.wav,2939.593464244178,2522.764063583591,0.16831088674593966,0.06945514,-108.10116,65.7679,-20.839346,47.553825,0.8670945,8.987104,-3.2015545,20.969145,-10.341167,7.8690696,-8.121823,12.04054,-9.151338
metal,metal.00008.wav,2966.0022578655708,2759.0013960891283,0.14056155742459397,0.058365826,-149.9959,67.87112,-6.6622195,32.076023,6.0948653,12.234471,9.144557,10.1837845,3.7711596,10.598272,0.76798576,7.7185936,-1.1560501
metal,metal.00009.wav,2250.8283209687615,2390.045881974274,0.09464725928074245,0.3126573,3.6384408,104.7562,-0.8330118,55.920498,-29.22942,31.247383,-14.18906,20.21433,-8.2728195,15.177011,-14.592086,15.659341,-12.991373
metal,metal.00010.wav,3048.9220500098186,2358.945156910617,0.19649222979505027,0.11807427,-58.747185,70.53281,-19.41459,73.597404,-27.754702,23.767187,-17.899994,21.221153,-16.954805,16.129747,-15.227396,14.870985,-18.699234
metal,metal.00011.wav,2699.8589074887423,2240.001110045003,0.1714403428315932,0.23059022,8.767137,82.828575,-30.575233,66.71375,-16.364315,16.565092,-10.755587,29.541245,-25.093517,16.819788,-11.389716,12.785203,-13.344586
metal,metal.00012.wav,2803.074835916438,2183.1989681544537,0.1768272972254447,0.11425508,-64.16982,74.51786,-45.95962,65.874855,-14.656126,23.85036,-13.76839,37.754734,-10.581906,21.380354,-9.340069,17.906586,-10.783356
metal,metal.00013.wav,3047.617764168932,2303.53262803851,0.20352264899941996,0.0862796,-84.9103,64.6441,-36.324474,65.36853,-13.865839,22.854403,-15.553914,36.286213,-13.659295,21.254707,-9.240201,19.162218,-10.595865
metal,metal.00014.wav,2877.5418766654234,2101.3628254924083,0.18525232018561485,0.07754347,-117.906,65.43348,-51.41982,74.08295,-13.754418,25.73151,-13.124018,32.21793,-10.338713,21.69744,-7.7939715,12.340983,-14.446545
metal,metal.00015.wav,2986.8439274816596,2458.8502452509774,0.16920927892981438,0.110896595,-76.82907,68.00133,-11.254527,76.371796,-17.47723,25.340322,-17.897217,20.36891,-21.417898,14.218315,-15.766988,12.519557,-18.503286
metal,metal.00016.wav,2743.501897552695,2140.599534652953,0.1795621253866976,0.26962695,26.65341,79.78971,-52.055866,51.3199,-16.369469,22.01802,-17.463215,30.917307,-15.998287,16.131706,-12.1922,11.308361,-12.454751
metal,metal.00017.wav,2656.941556285865,2337.704931468942,0.15871519721577726,0.11373729,-75.53899,81.87488,-22.043093,69.87399,-11.727045,25.740551,-18.521591,27.030558,-14.075854,22.139402,-12.094865,14.948557,-13.516832
metal,metal.00018.wav,2291.710323082219,1583.8051705155344,0.18026074898491878,0.11836017,-76.3725,123.24473,-89.86509,76.42124,-21.255945,22.29254,-13.6527815,14.644068,-6.308824,9.905394,-3.9231298,5.387962,-2.4860642
metal,metal.00019.wav,2699.3192596794,2324.2361798620072,0.16142736731438515,0.10085118,-89.35648,82.35881,-23.250647,68.10648,-13.075439,22.44569,-18.513552,26.229427,-14.34578,21.501032,-13.874236,12.476178,-14.113441
metal,metal.00020.wav,2657.9674957731663,2345.6871620289253,0.15234903688128384,0.11726673,-75.01482,81.182755,-20.20419,68.30383,-11.353893,23.65647,-19.828419,24.192091,-13.164456,22.281841,-11.552501,13.55542,-15.050375
metal,metal.00021.wav,3046.6375964393765,2324.274183051299,0.19154597471964424,0.10841584,-76.301384,61.76604,-37.11394,62.4425,-14.826138,34.56099,-11.486592,30.955881,-12.274118,22.304583,-7.5076523,17.840624,-11.123554
metal,metal.00022.wav,2218.825904089443,2226.2748939203034,0.10695209783449343,0.19874765,-45.855606,107.999084,-11.737645,66.32688,-30.20683,9.242658,-25.778023,21.871576,-17.935884,10.272776,-14.112474,18.74616,-14.23165
metal,metal.00023.wav,2575.3453604073156,2237.060875903496,0.131706408908546,0.19521451,-43.79751,82.774704,-29.60919,70.39718,-21.588846,31.144142,2.0903714,28.873163,-2.6873274,19.882483,-6.9340773,19.120056,-7.368736
metal,metal.00024.wav,2410.87784256885,2227.683409308154,0.12828881779292342,0.23133783,-16.719742,94.1185,-32.79254,61.47652,-10.095501,34.224144,-11.96456,28.192856,-15.318691,19.325191,-8.285293,17.9421,-7.449494
metal,metal.00025.wav,2384.6349581046015,2072.7598996233983,0.12607323690061872,0.10041095,-120.14749,91.317215,-38.84589,75.0084,-3.8132598,22.665588,-8.119441,23.6549,-14.6307745,13.3709755,-9.403306,13.706296,-9.315235
metal,metal.00026.wav,2870.915156290069,2126.853907874827,0.1981458907337587,0.13815899,-61.545593,71.761055,-46.299236,75.412506,-18.5159,35.931072,-12.677866,28.369665,-9.348156,14.502804,-4.2636037,11.863775,-16.02711
metal,metal.00027.wav,2398.1820899923205,2218.778826799489,0.1282435016676334,0.16501737,-36.520527,94.80008,-36.593456,54.991047,-8.216152,29.664177,-13.687591,28.703135,-11.987736,19.361517,-15.656162,13.932657,-11.961838
metal,metal.00028.wav,2789.433630096567,2247.7305241458034,0.17988877912316317,0.14405736,-28.094532,84.013565,-43.699223,47.963398,-22.446867,19.900108,-25.177614,24.78486,-13.102411,24.660822,-16.40272,17.5464,-15.407458
metal,metal.00029.wav,2954.987188644721,2478.2750494604347,0.16328041920436967,0.08897911,-103.65422,73.85045,-16.147516,53.16935,-25.08461,33.998917,-13.661814,25.987873,-18.908802,18.671436,-12.789649,9.549379,-16.15425
metal,metal.00030.wav,1525.819725147997,1868.573833609333,0.051180787171307036,0.23018019,-77.4267,130.8787,-23.27522,61.981148,0.90219665,30.512102,-8.751037,19.438396,-2.2219026,13.104674,-3.2966614,8.926949,-8.95898
metal,metal.00031.wav,2566.91858339228,2408.7330633112547,0.1251472774071926,0.22039165,-12.502043,91.31737,-23.075956,50.965084,-12.095052,30.911148,-14.991018,23.05281,-14.263139,23.069014,-17.673542,13.15619,-15.185923
metal,metal.00032.wav,2502.977404109766,2134.2963011913325,0.1481127344354215,0.13645852,-61.91036,93.01313,-39.94318,56.141373,-19.668215,23.387537,-7.6445394,17.707832,-19.321178,17.783268,-13.084654,14.295796,-13.077747
metal,metal.00033.wav,2030.4879168259463,1929.8624210255596,0.09999833840873937,0.25668892,-35.695076,115.43363,-40.62704,75.3601,-12.551094,21.83495,1.8066261,15.609134,-0.17512879,10.240898,-11.757829,15.403562,-12.46797
metal,metal.00034.wav,2707.018738290395,2234.822828310659,0.16082730628866976,0.09046083,-104.72376,87.753716,-33.24886,48.474255,-28.912521,22.51424,-24.98013,20.53738,-12.0629835,18.249126,-15.186173,10.295276,-13.891189
metal,metal.00035.wav,2836.9908685116243,2339.3829884951156,0.16275324161349575,0.27069268,13.4749975,78.02255,-32.99472,55.53537,-9.96921,35.403954,-17.637697,29.051128,-11.246763,14.006471,-10.087249,16.530062,-8.482169
metal,metal.00036.wav,2685.678092352649,2317.5797699315112,0.16043343363302398,0.112159654,-71.29067,82.33941,-30.162804,56.456177,-10.86737,26.810652,-15.801576,25.331217,-15.626408,17.750357,-13.054565,14.61381,-14.269172
metal,metal.00037.wav,2292.5497866867986,2149.4407493244744,0.12360086463167054,0.11196359,-79.10418,106.81736,-38.745987,39.85337,-26.75446,32.47149,-15.025887,29.70176,-11.370744,13.771314,-14.506494,16.162413,-3.0711157
metal,metal.00038.wav,2690.7078061431353,2118.809583006876,0.14825774603634959,0.14582604,-122.13073,62.294144,-34.455505,75.62576,6.265152,22.035965,-10.951549,23.228693,-12.286276,5.607922,-6.9927683,5.608427,-14.394314
metal,metal.00039.wav,2098.946281494044,2062.9067794559082,0.08823464991782676,0.15425298,-99.87088,102.13179,-23.61975,63.055237,-8.763341,30.725077,-9.637298,14.158516,0.38010976,13.219311,-10.086185,9.18603,-4.92889
metal,metal.00040.wav,2710.685063554155,2194.85859517659,0.1665242985063805,0.10457902,-74.115265,80.08523,-46.961487,51.019073,-9.135112,31.777958,-6.3894787,24.861723,-19.146336,20.790167,-11.678598,13.847807,-16.471899
metal,metal.00041.wav,2269.1618713103626,1928.9447572525814,0.1373478888727765,0.09754965,-100.42342,104.69321,-57.254005,56.57685,-5.555651,22.83327,-6.1715164,23.097109,-19.071959,17.795357,-13.782983,9.962791,-14.858659
metal,metal.00042.wav,2464.2908932653336,2037.687557797889,0.15186113326566125,0.09362837,-93.58541,89.861046,-55.879726,51.63358,-5.5666103,28.788872,-13.892081,27.35178,-15.314686,22.830261,-12.409005,9.700516,-19.727627
metal,metal.00043.wav,2683.2329169635404,2126.6960341043696,0.17726459783449341,0.09044641,-110.88208,83.1775,-45.262383,56.575737,-7.4917903,19.974426,-13.3807125,21.210558,-15.712456,18.088774,-18.111538,12.935681,-17.24048
metal,metal.00044.wav,2760.046329477624,2242.641755824688,0.17120583188321734,0.095366985,-86.23198,76.77148,-42.36282,53.992195,-8.330779,29.406782,-7.8969398,26.659842,-14.230666,18.45901,-17.954203,9.866014,-19.030064
metal,metal.00045.wav,2390.3250702324603,2027.623777033118,0.14432166292053364,0.08802084,-135.4813,93.3442,-43.302967,59.231857,-8.52645,20.959759,-6.5426955,21.902744,-18.983,17.052896,-15.888565,11.074282,-18.491041
metal,metal.00046.wav,2795.3269859130346,2321.701947416382,0.16367995637567673,0.21236151,0.36834213,79.70758,-30.644737,61.064266,-17.46055,26.701656,-21.24414,22.358158,-13.016821,17.87094,-13.373003,19.25502,-10.970987
metal,metal.00047.wav,2908.3001309605806,2286.2525915644214,0.1781082330336427,0.21747482,-1.9132974,72.68616,-32.791992,63.605476,-18.55635,25.870161,-13.8591,18.078884,-11.946615,19.672186,-13.954248,18.755697,-11.187991
metal,metal.00048.wav,2889.070230029977,2337.44295794068,0.1765742821925754,0.22439936,9.593644,76.35295,-31.271177,56.885223,-20.743324,27.245623,-16.636316,19.367926,-13.913679,19.664995,-16.060602,17.488628,-12.95419
metal,metal.00049.wav,2980.0365062158285,2297.4097538606256,0.19398775860402165,0.21749426,10.019839,74.12789,-32.235733,62.768585,-23.328833,30.029894,-14.879809,20.1592,-12.146163,19.189722,-14.9750185,18.799034,-12.281958
metal,metal.00050.wav,2986.810443330355,2408.5889201598466,0.1774496386794277,0.24894612,16.490421,71.18601,-22.352018,60.271378,-18.553722,27.623323,-12.408052,16.954391,-8.729571,17.86587,-13.46914,18.92659,-11.023099
metal,metal.00051.wav,3400.8644228665357,2458.5508972723046,0.22838043189288476,0.22616892,9.602478,54.68124,-21.033062,60.16367,-21.077375,32.142235,-15.838814,21.44647,-8.722074,19.363522,-12.378997,19.74797,-10.804131
metal,metal.00052.wav,2716.919668513006,2208.8088417462245,0.16219169929427688,0.23981513,4.0256367,83.2709,-37.250732,62.33895,-14.855973,23.411692,-10.471727,16.797787,-7.959584,16.292543,-11.260961,13.323189,-7.821479
metal,metal.00053.wav,2906.6272868814203,2374.528030477664,0.1725668261794277,0.22736318,4.921885,75.08444,-24.7378,57.01522,-21.784542,26.046984,-12.561588,17.442467,-10.24161,18.605198,-13.02789,18.95047,-9.700774
metal,metal.00054.wav,3113.773135146241,2411.5633343766262,0.19571807932134572,0.20701885,1.1601229,66.66129,-23.696735,60.959904,-18.8799,29.750109,-17.541328,21.03256,-11.1868925,18.81291,-13.0625515,19.956678,-10.566299
metal,metal.00055.wav,3108.521763898349,2361.478698580192,0.19684040869102862,0.23246978,10.451379,63.716393,-28.423779,62.608288,-19.60048,28.830822,-15.230641,19.305824,-10.69831,18.866392,-12.708805,18.040705,-10.834188
metal,metal.00056.wav,3010.922425177517,2386.8119095662273,0.17930646691318639,0.24282901,11.953702,69.42064,-23.265295,60.70008,-20.821873,25.098858,-16.187572,15.548446,-10.504553,18.777107,-13.392752,17.374575,-11.054032
metal,metal.00057.wav,2718.6937188160364,2271.302364275169,0.1437182031854215,0.20710793,-24.984938,77.5327,-30.377945,68.362,-6.511033,24.695713,-9.807751,19.519594,-11.459886,18.600405,-14.158085,14.448771,-5.925431
metal,metal.00058.wav,2459.5208919140086,2221.3730531280544,0.1428334058391338,0.18441163,-15.672693,100.08496,-37.59761,45.951027,-20.771992,25.640266,-18.628998,26.507004,-20.164482,21.119764,-13.650189,10.966076,-15.529786
metal,metal.00059.wav,2442.504289617461,2102.881568574062,0.14982190762761022,0.18228553,-15.625049,99.14236,-45.630257,55.01213,-18.020164,23.897812,-19.600197,27.33792,-15.103913,18.797401,-16.146685,9.214215,-16.21849
metal,metal.00060.wav,2315.2761541025193,2066.5542503748793,0.1394849218145785,0.1257114,-58.26438,105.85012,-43.89204,58.44615,-18.43399,27.973726,-17.970457,21.04627,-15.554038,13.396519,-15.686207,9.36363,-15.322578
metal,metal.00061.wav,2710.685063554155,2194.85859517659,0.1665242985063805,0.10457902,-74.115265,80.08523,-46.961487,51.019073,-9.135112,31.777958,-6.3894787,24.861723,-19.146336,20.790167,-11.678598,13.847807,-16.471899
metal,metal.00062.wav,2269.1618713103626,1928.9447572525814,0.1373478888727765,0.09754965,-100.42342,104.69321,-57.254005,56.57685,-5.555651,22.83327,-6.1715164,23.097109,-19.071959,17.795357,-13.782983,9.962791,-14.858659
metal,metal.00063.wav,2464.2908932653336,2037.687557797889,0.15186113326566125,0.09362837,-93.58541,89.861046,-55.879726,51.63358,-5.5666103,28.788872,-13.892081,27.35178,-15.314686,22.830261,-12.409005,9.700516,-19.727627
metal,metal.00064.wav,2683.2329169635404,2126.6960341043696,0.17726459783449341,0.09044641,-110.88208,83.1775,-45.262383,56.575737,-7.4917903,19.974426,-13.3807125,21.210558,-15.712456,18.088774,-18.111538,12.935681,-17.24048
metal,metal.00065.wav,2760.046329477624,2242.641755824688,0.17120583188321734,0.095366985,-86.23198,76.77148,-42.36282,53.992195,-8.330779,29.406782,-7.8969398,26.659842,-14.230666,18.45901,-17.954203,9.866014,-19.030064
metal,metal.00066.wav,2390.3250702324603,2027.623777033118,0.14432166292053364,0.08802084,-135.4813,93.3442,-43.302967,59.231857,-8.52645,20.959759,-6.5426955,21.902744,-18.983,17.052896,-15.888565,11.074282,-18.491041
metal,metal.00067.wav,2254.606986104016,2071.0284398514377,0.12011605459686775,0.13622083,-82.511116,97.34172,-34.367928,71.4085,-3.2920291,17.375372,-9.026282,16.017792,-19.010939,12.084585,-9.567409,13.953283,-14.459843
metal,metal.00068.wav,2302.533109168331,2069.6124853377037,0.13070114619586234,0.09829889,-99.95563,106.37162,-40.666348,52.714966,-20.737127,25.27559,-11.828839,22.08307,-12.473506,13.768815,-14.382096,15.966247,-11.72228
metal,metal.00069.wav,1740.9312223433867,2098.71118455616,0.05375889706593194,0.17353307,-111.67717,111.15006,-10.645004,69.673256,-4.9053626,29.825844,-10.380657,21.256948,-6.6366296,20.076212,-7.225974,16.22662,-10.115574
metal,metal.00070.wav,2743.073339684432,2450.8768853978645,0.14284662304234338,0.048833318,-197.25984,74.13584,-10.736385,54.705547,-7.6014204,18.409927,-18.879755,11.596195,-14.562567,18.414227,-16.470964,12.57096,-10.469236
metal,metal.00071.wav,2807.8057561672995,2407.4894835302443,0.15372966816511988,0.1152983,-78.647804,80.88358,-24.585787,47.030445,-23.746134,27.425705,-17.417694,22.277847,-13.530479,21.572742,-11.101341,15.58534,-9.702447
metal,metal.00072.wav,2339.8927465134484,2152.035359354963,0.11677021401295437,0.19426143,-35.23795,93.94743,-35.17942,62.7964,-11.723904,26.99777,-10.754326,24.073627,-13.038538,13.60275,-12.412999,13.56914,-12.245766
metal,metal.00073.wav,2642.0924576803404,2461.348759167464,0.1212886093387471,0.2933532,2.7837267,77.06304,-17.550632,57.951275,0.7442921,28.829195,-7.858991,27.606932,-13.541932,17.285963,-7.569737,13.035099,-8.743485
metal,metal.00074.wav,2725.3111027767286,2400.1015931750558,0.13498352003576952,0.0408314,-201.1977,76.78211,-14.798453,68.737755,-12.944738,36.95659,-10.983901,23.68839,-12.268321,16.671509,-11.074646,15.571094,-11.184892
metal,metal.00075.wav,2068.4834099126797,2199.4087969672987,0.08885850190931942,0.24464075,-40.49335,105.29485,-14.107665,54.843636,-1.1911942,20.0772,-11.698836,22.17539,-10.231948,14.189077,-6.911011,13.343561,-9.252238
metal,metal.00076.wav,2792.6082415451833,2250.712806505966,0.16249154098994587,0.09689618,-100.889046,76.13688,-29.544008,69.70981,-17.342714,21.39084,-12.918476,22.007465,-9.841167,18.424643,-12.047207,8.983145,-20.870852
metal,metal.00077.wav,2740.9191494780016,2301.9114258838003,0.15991871797660479,0.14906156,-42.05907,86.99415,-27.527782,62.616234,-27.00237,32.331196,-18.957167,22.128767,-14.316716,19.505413,-10.960919,16.760107,-12.377029
metal,metal.00078.wav,2814.947126588473,2547.9267859040733,0.13179062137470998,0.2694679,-1.694594,73.40456,-15.908845,55.804432,-1.9026612,34.030216,-8.318228,32.759865,-9.707088,20.836563,-9.03743,13.959178,-9.585643
metal,metal.00079.wav,2710.4946367774082,2264.2673703121195,0.14385528446442383,0.12733027,-74.911835,79.12138,-40.891678,54.720924,-9.688235,37.25772,-14.983511,20.934235,-17.433067,16.575285,-11.098043,15.470943,-11.12968
metal,metal.00080.wav,2847.6827665456854,2497.4780375557416,0.1440546754156999,0.13984975,-73.529945,74.65846,-16.444176,55.64547,-7.73465,36.538662,-18.304913,27.82096,-11.9202,20.062939,-11.357838,14.71152,-7.2920494
metal,metal.00081.wav,2138.144345986772,1970.8392521568358,0.12193549702726218,0.19033647,-19.165884,118.84071,-52.14489,42.700325,-21.57285,27.6777,-14.611529,27.019527,-17.12797,18.968195,-10.767421,9.388282,-4.6614876
metal,metal.00082.wav,2378.4924001543222,2092.421779848281,0.1412658455384764,0.13156159,-57.683716,101.41867,-41.490356,55.114075,-23.33916,28.144375,-12.126062,18.141897,-15.424081,11.882042,-10.80153,9.3880205,-12.276187
metal,metal.00083.wav,2340.9255025807374,2140.627460806763,0.12287165264887857,0.2085754,-29.381208,101.87547,-29.11233,69.73011,-16.168983,19.438528,-18.33918,19.062609,-18.282995,15.279576,-8.244228,2.4893928,-14.794669
metal,metal.00084.wav,2522.1247438723517,2275.6554221972538,0.1385170449052591,0.22971004,0.25672,94.18565,-32.401512,45.45294,-15.199273,25.886078,-12.390217,19.618542,-6.8050222,17.22498,-12.98589,13.681323,-8.688227
metal,metal.00085.wav,2647.101020975536,2256.609599766276,0.1577129555781129,0.1518885,-46.60955,86.80201,-34.77667,49.88421,-18.167683,28.716509,-23.474312,15.655808,-8.934668,10.588919,-18.180574,12.43322,-13.548779
metal,metal.00086.wav,2629.8501440745704,2248.6904965785,0.15901012966453984,0.08825739,-96.319695,90.949715,-32.21954,54.32833,-23.034355,27.715986,-16.943092,21.053059,-18.197136,22.608377,-9.003789,14.271802,-10.993185
metal,metal.00087.wav,3338.5301942115357,2697.1444825624217,0.18673944436388246,0.2671389,22.829609,60.819424,-6.397703,53.160336,-13.251242,27.90263,-14.308226,29.683228,-17.330418,20.300093,-9.741711,17.123072,-8.25026
metal,metal.00088.wav,1988.3335983380534,1987.1486342475157,0.09239202677880898,0.13327341,-129.66246,104.03299,-26.97075,68.23634,2.4252663,22.584345,-12.082626,17.048145,-5.671186,13.66289,-2.7942126,5.3808393,-2.9976447
metal,metal.00089.wav,1443.8328603987704,1727.2151796545024,0.046537772500966745,0.26595938,-90.71683,128.03282,-34.72987,73.73097,4.348353,28.08752,-0.521448,17.3454,4.391154,12.304352,2.2642078,5.6752715,-6.7603726
metal,metal.00090.wav,2141.580203124421,2217.634537092959,0.08463503903228925,0.14654946,-93.54413,100.64616,-23.339111,52.490635,-7.746713,39.590942,-7.766726,26.725874,-12.482563,11.733807,-10.551813,23.023441,-9.955353
metal,metal.00091.wav,2323.601876230782,2263.873465274725,0.1200435487964037,0.11595993,-96.652916,101.72488,-16.835794,47.300335,-27.080929,28.283823,-17.181023,21.641132,-17.88522,7.021394,-14.604523,15.221765,-16.001877
metal,metal.00092.wav,2090.193243882934,2065.324523631683,0.09328588735015468,0.16623126,-67.92382,108.93854,-33.82898,50.489887,-21.362123,21.491247,-14.870391,11.620577,-19.260174,10.52665,-13.919647,5.5538163,-14.430823
metal,metal.00093.wav,2644.877602537062,2268.124641763541,0.1416087375531709,0.091984704,-105.01983,80.71132,-28.524954,66.808876,-20.705503,29.117426,-9.36118,22.350224,-12.045787,13.597408,-14.733175,11.056683,-15.270405
metal,metal.00094.wav,2707.018738290395,2234.822828310659,0.16082730628866976,0.09046083,-104.72376,87.753716,-33.24886,48.474255,-28.912521,22.51424,-24.98013,20.53738,-12.0629835,18.249126,-15.186173,10.295276,-13.891189
metal,metal.00095.wav,2446.2488617975387,2331.004908877427,0.12111678569702243,0.18539381,-35.46846,94.10064,-24.217218,43.31534,-16.380928,29.513052,-5.864533,28.445436,-13.962112,13.745398,-9.199171,15.588234,-8.49749
metal,metal.00096.wav,2493.5070129592455,2286.3574723864886,0.12817326167343387,0.18817005,-51.620953,86.17162,-20.278292,59.064,-10.875286,27.535135,-11.259489,23.944515,-11.562588,13.299591,-9.01621,13.918654,-10.735527
metal,metal.00097.wav,1983.7751575084244,2112.325696658404,0.08622601266434649,0.18602574,-82.13019,98.281494,-16.521841,68.43462,1.4349229,29.857725,-5.2819605,24.396568,-10.477876,14.397423,-7.8960547,10.021555,-8.499246
metal,metal.00098.wav,2241.1592830281006,2115.9491769285764,0.11569735474671307,0.13896145,-95.38948,92.07625,-28.034975,52.784756,-3.0201979,25.395441,-6.132024,20.092928,-10.223895,12.403391,-8.271537,11.690028,-9.267028
metal,metal.00099.wav,2375.3719707454475,2231.730875766868,0.10796566850348027,0.17008242,-66.68023,88.369576,-27.548222,53.182358,-9.191762,27.966816,-8.108185,26.2966,-8.240403,12.689763,-7.1285152,13.682774,-8.3691435
pop,pop.00000.wav,3422.0718638777685,3409.782871188017,0.1267201245891338,0.18578337,-94.507706,55.67104,29.26626,27.035044,20.046722,1.1847868,12.946829,-0.7985385,8.866569,-0.6815193,-5.3425074,2.2080843,-4.6136193
pop,pop.00001.wav,3702.062802894826,3431.8534035602524,0.14939442551237433,0.26224416,-59.167095,45.31407,36.86272,15.6994,15.664842,1.6692803,7.293103,8.811882,5.8277197,7.989068,-2.279585,1.9039612,-0.91525316
pop,pop.00002.wav,3214.01967827975,3269.587993759097,0.11886608480761794,0.21508695,-59.60099,62.973675,31.116804,16.918835,8.888802,10.814813,10.554176,5.161603,5.3897095,6.1492314,2.269166,4.2469974,4.121749
pop,pop.00003.wav,1837.4928259861476,2067.3993701581285,0.08532308886794276,0.12934098,-125.878746,126.59248,-23.16423,36.222904,20.94108,-1.1781331,16.49263,-3.6442106,6.5201015,9.341534,-6.4032426,3.8655267,-7.9430027
pop,pop.00004.wav,2753.2347231451085,2861.5569996470863,0.12370886806361175,0.21107702,-20.932325,83.24618,5.0522323,16.362148,9.399238,-0.56426704,4.0395784,6.204656,9.118702,5.8642225,-3.5043364,-0.6381916,-3.169014
pop,pop.00005.wav,2290.14021271062,2436.188548647075,0.10673155935808198,0.13958415,-113.55395,90.0178,-5.540908,25.571491,2.6110346,3.1918452,1.1313877,6.1513777,2.7998388,-1.8603817,-7.1145782,-3.4467702,-5.915337
pop,pop.00006.wav,2125.387814463357,2673.8359770958978,0.06768001075502707,0.093941845,-169.12946,94.64907,24.48003,27.384008,11.639039,14.885311,4.2372394,12.381323,10.709881,5.124197,-0.34837672,1.2524844,-4.157143
pop,pop.00007.wav,1967.744332450365,2326.158326790175,0.08230050331109823,0.08430226,-224.40593,107.35062,-1.5871214,13.89054,8.119407,-9.372527,8.1145,9.291044,9.097891,6.020981,-6.662428,2.0678563,6.1881633
pop,pop.00008.wav,2884.9162662284352,3009.471410755311,0.12125651041666667,0.19541575,-52.421513,74.03342,12.680926,24.495552,21.09758,1.9039341,6.8095055,4.729847,8.409067,8.243973,-2.2749782,-1.1975456,-2.679471
pop,pop.00009.wav,3279.5319127248636,3026.2086959079884,0.1727420485305491,0.15963759,-35.28506,61.266712,14.046019,28.64897,4.323977,-1.3649801,-0.7844542,5.1287475,5.3517685,1.2258381,-7.2616506,-0.5204303,0.21532694
pop,pop.00010.wav,1900.384454029494,2420.0936288076728,0.06617287195475638,0.18395777,-111.209496,103.16529,10.905522,34.357307,22.339897,17.869793,6.80789,6.331836,5.4936476,0.61402774,0.33871168,3.8301575,2.0371509
pop,pop.00011.wav,2200.3688928202637,2579.579748350041,0.08708475323859242,0.055756837,-240.68845,97.13303,0.40796408,-0.27154112,-10.476205,-15.742858,1.3774214,-17.877537,-9.08661,-8.762852,-14.263193,-5.5000772,-8.357249
pop,pop.00012.wav,2679.229420619229,2661.758074512505,0.12588517498066512,0.16415471,-50.826904,80.23307,-9.298024,20.283499,12.087593,6.780584,6.2779336,3.426205,-3.9560766,2.5737891,-5.7011876,0.49102297,-0.57155293
pop,pop.00013.wav,2150.030333919017,2917.5456250824986,0.05164452218677494,0.17301951,-161.62132,85.57526,53.263668,32.207474,27.182007,11.316002,7.8897896,8.760385,1.2601905,13.195228,0.065503985,4.827264,3.107736
pop,pop.00014.wav,1997.9152625255454,2291.452673927379,0.08802619574149265,0.078025505,-135.34387,107.812935,-13.434144,19.037148,8.818381,12.483625,1.0202106,11.321146,2.5564575,1.2326733,-6.3871174,5.8662148,2.8857546
pop,pop.00015.wav,3207.617470903022,3125.923874181563,0.1415838136842614,0.1960698,-45.799076,65.26662,12.929744,14.511338,7.0173607,4.410114,6.6034317,3.2921524,7.7337317,4.0534663,3.6582375,2.6003695,4.0506835
pop,pop.00016.wav,3488.897943286259,3205.348888911562,0.1533135150812065,0.14656842,-97.05398,51.834522,18.751598,20.487318,5.6106114,3.575838,5.5739875,0.74090767,7.338095,1.6581378,-2.6979017,-0.44195834,-1.0840603
pop,pop.00017.wav,2789.3877172068255,2795.7392914058632,0.12616349151682135,0.14306945,-53.10433,78.31421,2.261835,18.830137,3.8708808,2.5123835,-3.8090515,6.8069897,-0.8187624,8.751581,-4.80215,-2.151533,1.2934911
pop,pop.00018.wav,3433.9852325067322,3405.766699592917,0.12767176322022428,0.20743433,-48.96048,62.627907,34.227123,12.322167,16.563198,8.6150255,8.76582,5.259592,6.7995486,9.060048,-4.08107,-0.74512845,-0.38003916
pop,pop.00019.wav,3131.3254325021653,2944.9857252295656,0.15598678883894046,0.21086523,-25.120617,70.808525,2.9293947,7.533097,1.4523046,2.8564467,1.9144237,-6.8212695,0.29936558,-1.943024,-6.645997,-0.24678156,-0.75799644
pop,pop.00020.wav,3486.4421684913805,3132.0290825436546,0.17964142860595514,0.24800573,13.437182,58.23463,-2.180756,5.017562,8.057978,-0.49256966,4.0949907,2.2513356,4.302015,3.597891,-0.49684015,2.4198663,1.8900307
pop,pop.00021.wav,3501.7665177124118,3027.1371830199087,0.18691957596191028,0.19351788,-23.21333,53.82879,-0.67234534,14.730807,4.8800464,6.7325773,4.8463492,4.9538517,4.270914,3.1137922,2.547736,2.9871147,4.6368046
pop,pop.00022.wav,3206.647958001011,3126.207007255885,0.14153094487142304,0.19603845,-45.730503,65.273964,12.928245,14.523945,7.0328503,4.3946295,6.6237683,3.2991152,7.7277794,4.0600505,3.6625175,2.6021338,4.0489707
pop,pop.00023.wav,3758.7805887809614,3293.5288823010783,0.1775614184551431,0.21067925,-44.29027,51.353466,24.98347,12.159331,10.8779,7.6190553,8.214766,-0.76355857,5.949929,4.7551455,-2.5091753,1.3244871,-1.9542974
pop,pop.00024.wav,3301.0929850079233,3175.4641267443717,0.14444628226508122,0.20741427,-40.904087,61.54,9.868571,10.098781,8.45437,5.3719335,8.382931,3.5187213,8.25046,5.878693,-0.09783143,-0.56062317,0.55596244
pop,pop.00025.wav,2927.9899764980723,3200.83575564453,0.10568551213263727,0.18959826,-106.827194,81.033424,47.809032,13.651416,13.011486,6.8780904,7.5865817,-2.6358702,-2.5064445,1.8714427,-5.1371155,-2.7479079,-3.6657841
pop,pop.00026.wav,2525.5919589591927,2848.409561296772,0.10349447747486465,0.19562604,-73.37298,97.49157,16.85425,-0.59438705,7.1818285,4.8678546,0.7571247,-5.5480394,0.9984068,4.9286504,-5.832595,-4.9275804,-0.031149738
pop,pop.00027.wav,2682.2841409756757,2923.9677288760545,0.1018672509425754,0.15790229,-75.35942,83.35071,10.695162,14.4605,14.239106,7.397377,5.2808986,-0.3932319,5.7210793,3.3658254,-2.5226789,-4.2161746,-1.8445048
pop,pop.00028.wav,2945.9657785971135,3051.3134268784397,0.12120741794760248,0.19454771,-45.62334,74.72908,15.965053,14.792886,8.999276,8.206913,5.6837645,5.2507954,5.396192,2.4387598,0.77768695,1.1752402,-2.3549674
pop,pop.00029.wav,2988.4872553900304,3142.962821876344,0.11151920799497293,0.23409334,-40.52333,73.49026,22.620024,12.349805,14.86184,8.942539,5.3013206,9.018853,2.0854676,4.2992563,-3.1375759,1.8477219,2.035557
pop,pop.00030.wav,3070.672740776136,2975.765677265415,0.14867918600154678,0.20309304,-18.16849,72.28313,-4.8913684,-0.37640283,1.6872772,-0.92444575,-1.3286743,-0.3421871,0.65162975,-0.18650617,-1.2240083,-1.051329,2.5230043
pop,pop.00031.wav,3110.8981962269786,2992.0106380347183,0.15285733275328692,0.1983218,-18.84539,71.32566,-3.766896,-1.4087263,0.70546305,-1.0589548,-1.0548252,-0.24742085,0.6257233,0.42704326,-1.5037423,-1.0761551,2.4198706
pop,pop.00032.wav,4225.461048306688,3404.380733308111,0.22864062197892498,0.09786053,-113.163,41.597984,21.517519,11.098094,17.437098,0.609657,3.0298927,0.08525039,3.452267,0.28739417,0.6187023,1.2615824,2.8980768
pop,pop.00033.wav,2835.1193752816057,2731.752386690104,0.1370099061049884,0.13989581,-68.98024,73.7614,-12.468053,9.550569,-0.04061061,12.724537,3.1635811,-0.07432033,2.5329218,2.8792171,-1.6728499,-3.015692,1.6231787
pop,pop.00034.wav,3141.575395070785,3230.4645793986965,0.130993435203983,0.1875196,-59.553257,77.30153,26.371853,3.1852462,6.7586684,-0.05026795,-0.6197854,-0.6796597,4.141291,-0.44345006,-4.5369034,-3.5553582,-2.195729
pop,pop.00035.wav,3194.0815505953037,3052.790791870117,0.15931563587587008,0.28242227,24.324636,68.961525,-4.2270355,-1.0471315,5.240408,2.9899147,4.3333716,4.2808633,6.4307766,3.6318948,0.11112189,-0.010404748,2.0621688
pop,pop.00036.wav,2944.414729189786,3162.449253817359,0.11505650920823667,0.25651452,-44.171143,76.18005,22.90793,16.79628,22.996109,3.277612,6.9057794,0.09506842,6.495517,6.5422907,0.8548563,2.7227676,4.5149565
pop,pop.00037.wav,3237.8331637065016,2954.271045120286,0.16480568445475638,0.24084239,4.7703767,64.47058,-2.4510317,10.431801,3.2528353,7.8335495,3.1029253,1.4057888,6.74539,4.8804116,3.2767138,1.7484332,3.3328586
pop,pop.00038.wav,3267.766911666797,3014.2803759097005,0.14650325671887085,0.22168663,-15.75989,59.259125,-1.6016735,12.55983,8.738309,3.9566615,2.043591,4.2241693,4.9797945,2.8969738,2.3294625,1.9885528,1.7153721
pop,pop.00039.wav,3934.6761086209804,3509.656095559288,0.18711179186001548,0.27967092,-19.463871,51.93026,36.98562,13.087389,14.581278,3.2041862,15.301875,-0.7822042,7.2343645,10.400961,-0.37910375,6.2263556,-1.1840758
pop,pop.00040.wav,1962.10174151712,2325.133286197485,0.09577563080046404,0.1992373,-76.910484,113.30772,-6.22412,19.930395,15.107155,-3.284023,4.7830315,1.0138454,2.2947927,-0.014044813,-3.773473,4.239927,2.3016148
pop,pop.00041.wav,2053.421991383234,2559.2979840868443,0.07533088324149265,0.08331509,-204.71895,101.62682,26.381647,9.190344,10.471229,5.1170764,-9.461806,9.306169,-12.484944,-2.4797275,6.2220006,-9.4853945,-2.545013
pop,pop.00042.wav,3001.3998390078727,2971.8793280275754,0.14367213179137664,0.22344695,-37.086514,68.898674,10.490168,23.945831,15.3574505,3.5560462,11.680305,2.9196262,2.5507562,4.7550306,-1.5914156,2.5622606,-1.0137556
pop,pop.00043.wav,2702.9067305248905,2725.929593439329,0.10325052566705337,0.25418848,-50.853703,68.05084,12.076207,36.321774,8.664504,19.5016,10.7166815,12.310911,1.6588453,10.158866,4.8325033,1.695949,2.7262328
pop,pop.00044.wav,3145.363680952142,3017.3747525826047,0.13560510622099767,0.22269987,-47.975613,54.1544,-3.9600956,21.494438,13.905075,5.9985585,13.758749,1.0650278,6.7291703,6.2205725,1.6177514,0.45703456,2.4155867
pop,pop.00045.wav,2843.3506413882114,3039.5268473844667,0.12496148129350348,0.2022344,-71.62305,81.1083,16.360794,8.947616,13.826506,-0.75399697,12.51142,-0.6541831,3.0359156,3.063342,-3.2248902,-1.329191,-0.6551508
pop,pop.00046.wav,2838.5120944344094,3045.8682152156275,0.1221488604505027,0.20334217,-72.144135,81.281204,16.711231,8.694822,14.176612,-1.0479516,12.842173,-0.5259743,3.1425319,3.158665,-3.4713526,-1.1356596,-0.68155915
pop,pop.00047.wav,3151.3426232441357,3220.369558523437,0.12735455034319412,0.21573293,-45.02928,69.7547,11.873838,8.160096,12.596263,7.7551703,11.303386,0.25089413,9.658154,2.8055394,3.8566477,-0.8445408,2.09968
pop,pop.00048.wav,4052.736284626131,3426.4159903430204,0.2106100909947796,0.15650387,-52.642094,47.784134,13.462859,2.220573,13.260102,9.145648,14.452528,0.8663765,9.462137,6.998185,-0.6944441,1.734682,8.505544
pop,pop.00049.wav,1988.190131263531,2580.3989172204265,0.06611396099187936,0.14742191,-170.91998,105.89472,31.076893,22.2533,12.815128,-5.15837,11.237187,-2.1015577,-0.15285526,5.0800486,-11.545419,-3.6124883,1.3871292
pop,pop.00050.wav,3046.523748324695,3095.301264191177,0.11862590934358082,0.20830256,-78.1564,65.98365,24.558344,25.632708,13.826037,3.599383,16.210997,0.5761337,3.3100333,4.1550455,2.7108681,3.645202,1.3963097
pop,pop.00051.wav,4157.988001710874,3451.4209556625515,0.23009564723511214,0.21315025,-14.19234,44.35686,12.703167,10.150148,11.268912,3.9660032,12.500947,-2.1676478,10.718737,2.298257,5.047687,-0.86594415,3.802936
pop,pop.00052.wav,3663.396966933648,3276.4364331961433,0.15602568517981438,0.32138827,-39.893642,35.581356,8.926843,15.078342,15.204771,10.564198,21.816221,10.004616,13.969252,16.55245,1.4722148,3.263471,0.06657288
pop,pop.00053.wav,2638.945071813565,2753.646332330367,0.10692755159996133,0.17207895,-145.93051,62.57327,-23.071827,-18.756536,-14.746655,-28.40494,3.1406605,-24.918982,-13.635363,-4.6096063,-24.374552,-15.802279,-17.45696
pop,pop.00054.wav,3497.720405933398,3294.82979917523,0.13598953801720803,0.27340764,-46.88898,55.891518,26.080194,16.541317,7.097385,-3.3452632,9.254672,-0.84966624,8.30775,7.1216865,-0.54325247,1.7571971,-1.8302137
pop,pop.00055.wav,3941.417696318185,3361.6411249924004,0.16747971348124516,0.24072388,-56.15306,36.4485,11.9794,-6.415675,3.7821662,5.2883563,3.3959649,4.2619233,7.989973,5.857593,1.5882744,4.8537254,0.49577475
pop,pop.00056.wav,3682.7414342574343,3222.7138439826213,0.14555350625966745,0.24992587,-80.39707,35.971542,20.43451,26.347641,17.400066,4.578968,13.495072,3.620712,7.3269696,5.481911,3.9622955,5.3203077,3.5403306
pop,pop.00057.wav,3672.8534749746746,3279.628966712498,0.15405896534222738,0.32924145,-39.63845,33.950104,9.583241,16.655977,14.907743,11.196753,21.489483,9.8847685,14.73506,15.624816,2.0449588,2.5801914,0.3670874
pop,pop.00058.wav,2939.0735059732497,2629.168577058898,0.14566604130413766,0.16735059,-87.756744,64.35611,-12.972931,16.032888,0.49571216,0.4093678,4.4360785,-2.724951,-0.31445348,-0.049785145,-5.9333587,-4.269221,-3.506904
pop,pop.00059.wav,3728.3891590040334,3224.6342590024806,0.14473441729505027,0.25176802,-77.92487,32.373642,20.107264,27.610147,16.27146,5.3237567,13.487586,3.502206,7.34457,5.269122,4.0074425,5.2748632,3.7537496
pop,pop.00060.wav,3497.720405933398,3294.82979917523,0.13598953801720803,0.27340764,-46.88898,55.891518,26.080194,16.541317,7.097385,-3.3452632,9.254672,-0.84966624,8.30775,7.1216865,-0.54325247,1.7571971,-1.8302137
pop,pop.00061.wav,2949.6800647860855,2908.8037325096284,0.11193838215390564,0.22074887,-65.17127,65.454155,4.1113796,32.74291,16.913876,-5.8198285,14.964588,-0.23903231,9.035487,8.4366865,-6.577897,-4.4804807,-2.632375
pop,pop.00062.wav,2467.9251572056874,2624.879762315866,0.09815737081883218,0.39773378,-6.970078,68.913506,3.7833157,28.208189,2.2899938,13.620598,1.0365926,5.998481,2.752038,15.027528,-8.769488,0.7971256,-7.2107625
pop,pop.00063.wav,1826.4363763466288,2294.444049437431,0.07461564373066512,0.12607248,-125.979675,117.34161,-0.067499876,10.210602,4.4887323,2.1780977,-3.6399233,3.3827174,1.7389079,4.5570374,0.84083223,2.4257443,-3.111211
pop,pop.00064.wav,3647.914740974154,2886.9189517341424,0.20587380063321734,0.16904928,-88.39745,34.34531,-11.279142,2.1954029,-4.848073,-6.146539,0.3227966,2.4406168,-8.163182,5.6395426,-9.395805,-7.3565564,-3.950928
pop,pop.00065.wav,2519.3455234656853,2684.3184920573453,0.10012635646268368,0.13344806,-111.60004,85.56209,3.5251434,16.362411,2.20312,5.9770145,-5.0359426,-3.9642663,-0.10538284,1.5665889,-5.7904086,-5.0873823,-0.2128253
pop,pop.00066.wav,2844.9380068612104,3219.567936576407,0.0997370154195669,0.24325845,-63.56813,79.03119,42.745155,16.09252,15.271024,10.789155,13.308312,3.6865609,4.9269943,10.664272,-0.016068343,3.4758782,3.4151354
pop,pop.00067.wav,3889.1427979836844,3271.0610892744326,0.1909561098221191,0.19133395,-52.5842,37.492367,14.0829,18.178389,16.777842,5.952137,6.4206614,2.6906488,-0.4442706,3.2166364,-3.9433198,1.6200885,0.31675982
pop,pop.00068.wav,3262.9888381783744,2931.274188813361,0.1549981420388631,0.245588,-29.299528,53.877113,-1.700412,15.489958,1.0905544,0.5373254,4.8971496,-3.2253232,-1.6960158,2.227417,-7.136839,-5.9993052,-2.9869275
pop,pop.00069.wav,2327.3042883656067,2516.6762247035786,0.09544520072022429,0.21548757,-30.302332,88.46916,-6.565683,32.79242,8.502236,8.387787,2.0520325,6.863294,3.578138,2.7206445,1.2915944,3.2918952,1.5701153
pop,pop.00070.wav,3142.6674697923404,3002.05900266733,0.13640418056361175,0.16773868,-91.86157,56.67706,13.78416,15.054892,0.9043137,-4.078767,-0.23014724,0.56696546,-4.5866685,-2.6130123,-2.7646897,-3.1039546,1.7949009
pop,pop.00071.wav,3889.1427979836844,3271.0610892744326,0.1909561098221191,0.19133395,-52.5842,37.492367,14.0829,18.178389,16.777842,5.952137,6.4206614,2.6906488,-0.4442706,3.2166364,-3.9433198,1.6200885,0.31675982
pop,pop.00072.wav,2568.447243315681,2558.8094069334275,0.13159538440158547,0.23431744,9.566639,88.86886,-20.312075,5.1106977,-2.9176502,-0.17563917,0.33215395,1.6097705,-2.263265,-0.9502328,-6.214681,-2.9705684,-1.8106345
pop,pop.00073.wav,3669.810466570258,3295.063698977605,0.16179669373549885,0.25978214,-8.573005,54.295788,20.964115,13.100406,9.715855,6.0221763,10.730787,6.1068163,0.69694126,5.003989,-3.447254,0.8748061,-1.9368967
pop,pop.00074.wav,3420.362078342947,3369.237131912718,0.130859375,0.21034999,-93.60379,59.69202,32.112217,13.114083,13.279964,-6.8682327,2.3307683,-7.890427,2.2889934,4.4886527,-4.0437446,2.6732008,-3.0848534
pop,pop.00075.wav,3644.7182707334355,3200.8017239876526,0.1591457004060325,0.18559822,-68.860146,40.489044,25.370588,35.75651,13.383733,2.8279078,12.753465,4.485296,3.3516154,10.027184,-2.3804996,2.9910667,-1.797354
pop,pop.00076.wav,3543.3211015342667,3311.2162509112377,0.14274050778228925,0.24525866,-38.28165,47.846977,20.056114,23.821383,19.78131,13.649931,14.685269,4.5588145,7.7040772,8.944438,5.4234066,1.1563925,1.087511
pop,pop.00077.wav,4036.598130555536,3342.1673492869427,0.21382753589037123,0.23100165,-34.210648,40.406387,17.489128,13.413984,13.248571,7.451953,18.189602,2.7271252,4.3492947,5.8229604,-1.1435416,3.1195772,2.4273856
pop,pop.00078.wav,3123.159015699048,2970.17709218884,0.14262155295340295,0.22339483,-42.77917,62.83609,4.7744255,24.058712,9.644877,-1.8775446,9.271585,-2.9615216,3.1853056,5.93049,-4.7646003,3.0226665,-1.2427323
pop,pop.00079.wav,1995.1863128060938,2424.919018383104,0.07252581508604021,0.037541915,-273.31802,103.152855,8.712923,31.704931,12.510407,3.4897332,3.9333584,-0.15388498,-3.9061587,3.2333572,-6.3654838,-1.5428927,-3.2172756
pop,pop.00080.wav,3151.406047783485,3220.6233816096524,0.12755734000386698,0.21566187,-44.98689,69.775894,11.840672,8.117906,12.628617,7.8121014,11.339221,0.18483151,9.63579,2.8409944,3.853339,-0.84170926,2.1321976
pop,pop.00081.wav,2246.5077750266328,2684.3093231194107,0.08596620021268368,0.092144385,-137.74448,100.25638,14.398747,15.412896,2.327178,-1.0672592,-2.105049,-1.6893662,-5.3147173,-1.78285,1.7410489,-6.184868,-3.032749
pop,pop.00082.wav,3169.134248059376,3341.543632201225,0.1003438738640758,0.20792219,-62.048714,64.204506,29.86741,23.252483,16.257404,7.444108,8.867356,6.4148307,7.411366,3.0190263,1.4687114,2.9790933,1.8576168
pop,pop.00083.wav,2489.447357851833,2941.850498795865,0.08426080336426914,0.14295633,-104.46266,86.86334,28.752209,26.619091,8.907512,5.6653743,7.7535825,0.4625298,6.6260905,6.566947,0.37621814,2.1416807,-0.022565164
pop,pop.00084.wav,3263.2580881824388,3047.5290765767513,0.13584263824439288,0.17923316,-112.48632,59.74963,14.487183,19.165525,15.12468,-3.2217548,6.0984907,-6.6846037,1.4646186,-1.1716869,-1.2355337,-0.7678505,1.8864989
pop,pop.00085.wav,2516.3904027255376,2465.9151106406716,0.12202575164346481,0.19529577,-81.73381,78.610695,-17.252422,24.50192,8.414266,2.1506557,5.525916,1.9490923,8.798312,-0.12679602,0.4980501,4.6413984,2.3908505
pop,pop.00086.wav,3593.7703164134628,3171.0019787410743,0.18515413524748647,0.13245592,-50.462906,56.43463,12.568678,11.273363,-2.7383478,1.3627746,4.54315,-0.95957243,2.2985399,2.7476234,-1.9773546,2.5896602,-4.0241513
pop,pop.00087.wav,3588.1493148981713,3336.585477336325,0.14645907349671308,0.19086911,-47.046474,55.77844,27.639791,19.186356,15.182665,3.1780558,5.622395,1.6052535,4.1364326,1.6200366,-1.5827998,-3.0032368,-7.6308455
pop,pop.00088.wav,3510.545185903128,3148.4515676875453,0.17195732429427688,0.23481187,-42.878845,54.879192,17.034237,19.789734,6.8593764,2.7694361,11.8246565,1.2087955,7.942111,1.1286346,-4.0773544,0.12817997,-4.238941
pop,pop.00089.wav,3400.226425763872,3070.5169963143985,0.16564063406322505,0.22049896,-47.762146,55.56731,19.230349,24.48204,4.050312,1.5448122,6.95316,-1.0432365,3.0896835,1.7900028,-3.0425475,1.9349972,-4.6770983
pop,pop.00090.wav,3603.816900374411,3334.330761261135,0.1475236248066512,0.19402906,-44.74116,55.06154,27.15506,19.494202,14.693746,3.204387,5.5031357,1.4257253,4.4955463,1.372112,-1.658604,-3.5341785,-7.919715
pop,pop.00091.wav,3694.9173925155565,3245.8503220882585,0.16674106063901778,0.26519832,-8.454617,42.056644,8.262312,17.968647,14.042866,7.3565307,5.724671,-1.8928553,4.611337,2.0782142,-1.0689781,-0.65995014,-2.4383576
pop,pop.00092.wav,3270.0808829080115,2988.7582143570103,0.14528500821732404,0.22702415,-26.023748,60.92531,6.0020447,17.740946,5.115728,10.427114,2.4726002,4.9311967,8.130399,3.8599815,-0.1778276,7.2514496,4.965224
pop,pop.00093.wav,3259.351118526445,3144.5113342829245,0.13163352547370458,0.24572903,-20.244307,57.762615,16.79944,18.260643,8.965957,14.902181,2.6743507,3.7542834,1.1086355,1.8431586,-5.9786644,-3.6034944,-3.6503112
pop,pop.00094.wav,2806.873512822643,2858.2355915164476,0.12851841949439288,0.1985883,-42.241444,82.16851,-2.227361,19.91206,13.8555565,0.85311645,7.9228992,-0.7122788,6.8727417,-1.9014206,-4.6892295,-3.169999,-2.9372368
pop,pop.00095.wav,3047.4927543771933,3306.7960074112634,0.10640263981535189,0.30359313,-36.638824,73.07811,39.13519,20.312122,12.493178,2.1483605,11.728564,-2.4226382,6.638518,3.1705885,-5.384551,-3.1425965,-5.773089
pop,pop.00096.wav,3126.570348199454,3162.8049330192166,0.10530825538959783,0.25110945,-59.051575,61.004276,27.743502,23.84954,12.297715,7.377119,12.317067,7.139927,13.406534,2.4973202,-1.9689049,-2.4171176,-4.5162864
pop,pop.00097.wav,3508.793497842634,3309.975742853328,0.13715000845901004,0.20420928,-125.51832,51.231625,38.500435,14.496834,16.24374,4.6439257,12.31821,1.1781602,1.729141,9.767175,-2.8228533,2.080858,0.8581092
pop,pop.00098.wav,3633.1617304451615,3133.8022963309218,0.18300841671500387,0.21295623,-26.940434,46.743637,8.683473,8.586894,6.084411,12.43607,6.9747324,2.4991586,1.1518143,7.257162,-3.1354442,1.2637734,3.8410106
pop,pop.00099.wav,2765.1075887449138,3222.4481088277003,0.09597275594547564,0.13809818,-119.3696,85.97376,33.870014,9.980801,17.702011,0.5173518,9.578704,-5.3154035,4.174863,8.122891,-7.98327,1.5733019,-2.9313238
reggae,reggae.00000.wav,2133.3521515473035,2289.5782061974546,0.09779937342904099,0.094102465,-159.48033,104.85739,-10.333498,34.647846,-4.978135,26.803732,-21.9402,23.42468,-14.025368,19.575533,-8.296037,9.729553,-10.074866
reggae,reggae.00001.wav,1638.9307245186242,1995.1894577900885,0.06396975299690642,0.0819897,-190.9372,127.41596,-3.7882683,26.704466,-12.820788,23.924116,-8.222865,9.962504,-12.229612,13.450587,-7.066006,1.6455318,-14.52819
reggae,reggae.00002.wav,1796.8948919886882,2103.0586758202944,0.07510279207753287,0.092447795,-189.09105,110.86749,2.982771,48.36251,-6.4262414,20.728699,-12.56162,15.884039,-13.630971,9.418686,-8.044495,8.090904,-10.641822
reggae,reggae.00003.wav,1923.603059591631,2108.0590439675548,0.08490731341840681,0.09414366,-201.19154,104.14675,-15.439406,30.81282,14.260963,31.42331,-7.8610992,17.96708,-4.053848,16.94223,-11.208057,12.122964,-5.282073
reggae,reggae.00004.wav,2009.7625946802286,2141.3681996178643,0.08445301926237432,0.10105628,-175.57849,104.87788,-15.688772,27.520798,-8.110774,24.028858,-10.312878,18.851534,-8.380903,11.850701,-7.579116,12.561645,-6.039826
reggae,reggae.00005.wav,1798.3807585425818,1964.172675864807,0.0730159845079273,0.10028513,-176.76518,116.84069,-21.308065,38.76341,-5.4505615,26.620836,-8.181732,15.778048,-10.484447,11.044603,-10.051371,9.914849,-3.2497032
reggae,reggae.00006.wav,1417.9574886379262,1704.483861760768,0.06082141519238206,0.10504521,-207.39706,134.70505,-9.09317,38.44704,6.303592,22.595772,-8.299388,16.295506,-8.471838,4.140334,-4.3538995,6.340493,-6.9138722
reggae,reggae.00007.wav,1754.1768111795132,2026.2008748333612,0.07387510271655066,0.09058583,-192.26941,116.4957,-10.950728,29.891136,-0.659651,21.443462,-11.864701,18.651209,-13.07924,14.4656515,-7.3812265,4.820051,-2.8101099
reggae,reggae.00008.wav,1691.338555436706,1963.2127149972694,0.06943789878190255,0.10192524,-194.54175,118.60043,-6.408213,40.801094,-3.293511,25.461584,-9.303606,11.395714,-6.1569276,15.344735,-5.1625943,5.759956,-6.27916
reggae,reggae.00009.wav,1609.837286010451,1990.4036604258893,0.06057066596577726,0.086658604,-232.50473,131.2295,2.6469772,18.397951,11.315558,22.92844,-10.467937,16.771238,-15.256651,15.530609,-8.389645,8.022548,-3.7816064
reggae,reggae.00010.wav,2149.1587886569278,2036.7628281690284,0.10275318119199536,0.06165027,-233.64262,87.52444,-22.214462,52.048756,-8.575607,24.966368,-18.236242,1.8883245,-9.132005,-0.22732626,-17.069843,-3.0311315,-9.793286
reggae,reggae.00011.wav,1995.2769651140734,2295.6840965175948,0.07027624709976799,0.07837962,-198.73212,102.408325,-9.996929,30.804916,-3.2927678,20.279371,-5.631608,28.096033,-11.504986,18.203848,-7.3605947,12.280453,-4.3624167
reggae,reggae.00012.wav,2300.0428803814098,2303.7429281149575,0.11374762845610982,0.07554815,-191.19943,96.34123,-17.658962,24.837395,-0.8896688,26.334473,-12.93426,19.635569,-9.790512,16.973425,-8.587678,11.422936,-8.202379
reggae,reggae.00013.wav,1608.5066742461875,1975.350147505047,0.07061687330819799,0.11161461,-206.51552,122.598175,-0.57659143,29.354094,10.233527,28.23236,-9.929435,13.371487,-8.455472,11.285515,-7.2900777,7.073109,-10.346017
reggae,reggae.00014.wav,1716.0497964664391,2062.6838002523405,0.06409059599767981,0.11416169,-209.5813,105.26066,2.5705209,34.898067,15.326888,25.199398,-6.063227,18.243076,-5.0739202,8.950725,-1.0186211,8.250102,-4.0277166
reggae,reggae.00015.wav,1923.1216152231768,2314.081014883259,0.06818641845514307,0.13185678,-157.81721,109.850296,8.465338,41.79409,5.1190033,25.75197,-12.951751,22.064224,-15.503764,14.367301,-11.917588,11.595214,-10.627038
reggae,reggae.00016.wav,2118.551041160394,2303.069660110949,0.07924770700406032,0.1855583,-76.08659,101.112076,-11.623928,46.250248,-11.212149,31.397367,-9.473126,22.47439,-16.812243,15.9744,-9.512783,11.821731,-7.846167
reggae,reggae.00017.wav,1803.95381055857,1973.1231937162227,0.07795204345514307,0.13969922,-154.80096,110.02115,-18.445381,36.652042,0.52338845,31.578094,-10.432264,18.818375,-7.174978,13.1448,-5.248939,8.900309,-6.7106647
reggae,reggae.00018.wav,1907.6056942036873,2124.6225269883566,0.07740447360788863,0.10637723,-170.86713,107.73833,-1.7606595,46.446262,-0.19452447,24.937532,-10.676094,18.083887,-10.79039,11.160347,-7.255222,6.2078676,-6.469771
reggae,reggae.00019.wav,1754.0198285353754,2068.163203945778,0.0712822650812065,0.13867211,-184.58188,106.214096,4.000761,38.70891,8.411526,30.451197,-3.3438368,20.298872,-1.5424036,15.916831,-6.5128145,13.191903,-1.7114565
reggae,reggae.00020.wav,1637.688337885246,2045.992577848251,0.056755803485112145,0.13923603,-177.70435,113.62593,2.3215327,35.830685,1.597782,34.69096,-8.738595,16.28631,-9.326431,14.186765,-2.0729208,13.133845,-7.250175
reggae,reggae.00021.wav,2006.849363904241,2120.295215487878,0.09282441814095127,0.15509753,-88.075615,109.439316,-25.164967,40.39529,-8.778366,24.714594,-11.52563,18.510263,-8.291809,17.030918,-8.433278,9.7990465,-12.903516
reggae,reggae.00022.wav,2059.0247748045203,2227.2350169820224,0.07230036736272236,0.18215874,-91.45286,98.79366,-23.196144,46.873005,-6.847095,29.29433,-9.957947,25.666126,-10.203301,19.623264,-8.207199,13.411509,-6.494058
reggae,reggae.00023.wav,2354.8865441845633,2336.4779718101163,0.12024747136020882,0.10782551,-161.77791,78.69161,-19.243172,55.110035,13.188936,30.961428,-7.0107627,24.295376,-12.827424,21.51842,-13.527458,12.775019,-7.452332
reggae,reggae.00024.wav,1811.4103936654164,2019.3002564021965,0.07214969124613302,0.12366478,-169.15335,110.46,-8.5762,43.884247,0.2749696,26.637417,-14.368152,13.034431,-11.149249,8.130109,-7.6929665,10.910651,-8.175924
reggae,reggae.00025.wav,1708.9705332649312,1899.221919073423,0.07374708466260634,0.12680219,-177.28357,110.989265,-15.664685,36.767456,0.053476803,24.45962,-3.7588267,18.421553,-3.3568943,13.789159,-2.092428,8.603011,-5.9429135
reggae,reggae.00026.wav,1840.8628555568273,2054.397807746018,0.07454389319895592,0.13430092,-171.62009,99.35643,-8.280708,49.61246,1.082139,31.125254,-7.139069,15.894791,-1.364951,12.743275,-5.194913,11.808011,-5.326039
reggae,reggae.00027.wav,2086.391662520048,2318.027985793958,0.08734909730278423,0.12778883,-177.5211,89.96064,4.589545,40.16102,0.16618758,23.184372,-9.906549,12.780389,-7.3078594,18.747253,-5.7444153,6.1223145,-9.91866
reggae,reggae.00028.wav,1640.7106468821482,1906.999172732564,0.06780765117459396,0.07284604,-256.234,104.23237,-7.26949,56.268616,11.037997,27.324654,5.8307714,17.782099,-1.2737304,14.674842,-3.46669,10.861863,-2.4603555
reggae,reggae.00029.wav,1585.3619273400423,2127.104657775028,0.04365755510440835,0.10382236,-202.04497,111.10007,8.90288,51.81522,1.3010833,30.039171,-4.5082717,22.444958,-7.142242,11.495427,-4.753539,10.595638,-2.6359422
reggae,reggae.00030.wav,1814.1339363070717,2188.116332548102,0.07047110643851508,0.08045949,-239.29301,98.96104,19.215805,50.779667,2.8353827,32.239788,-1.4994842,16.72849,-7.4477024,16.716438,1.5062195,16.054792,2.8095524
reggae,reggae.00031.wav,1579.8511126280443,2022.4376723082414,0.05865832547853828,0.091941014,-226.43794,103.31865,0.11767049,43.95405,10.618828,35.184147,8.423489,21.13107,-3.3074749,15.531951,-3.0139625,11.09414,1.7773502
reggae,reggae.00032.wav,1510.7924591573858,1850.5331677660092,0.06583149047757154,0.063883804,-243.82346,123.33697,-15.560958,38.889877,6.496988,25.511036,3.0384357,17.18275,-0.21878774,8.984407,-2.4903076,6.765832,-3.4475503
reggae,reggae.00033.wav,1615.8305954532223,2062.8340659084033,0.059114130172080434,0.07418758,-249.37834,111.5012,11.242059,41.338905,-2.8823273,34.554188,0.42828363,22.32778,-9.970538,10.225955,-2.7978456,8.755896,-1.4459751
reggae,reggae.00034.wav,1291.49906864181,1746.6522669686221,0.04460126341357309,0.08244713,-238.91705,132.3233,-0.10172224,41.223972,2.4205303,19.089252,7.9586997,19.93688,-0.62866616,11.0968075,-1.7136848,9.941104,3.0233517
reggae,reggae.00035.wav,1699.3251213149977,2030.5500431853907,0.06128250676720804,0.073211625,-223.38548,114.23247,-4.4119925,40.19879,-5.0810466,24.666904,0.7201274,17.04557,-2.362455,11.148087,-3.0846,6.1236105,-5.6872363
reggae,reggae.00036.wav,1811.1579026505945,2166.3985648744238,0.0592051400570379,0.079960585,-236.64937,91.689575,1.8816687,45.468155,1.2822024,32.26184,9.05218,19.610588,-5.0543056,10.958242,-4.0026364,7.5312138,-0.33062667
reggae,reggae.00037.wav,1709.7371262036559,2068.2247261518964,0.06325753456109823,0.0863252,-242.43837,98.31112,-3.823008,46.033684,3.2677617,29.203753,8.860404,26.992907,4.7140493,13.135102,-0.64974314,12.060079,3.0021527
reggae,reggae.00038.wav,1701.0178296815602,2000.5718641876313,0.06552258555684455,0.07575557,-239.98526,108.75726,-8.204985,32.188335,-8.809303,18.63971,-4.6758175,15.522416,-3.7181525,14.518621,-4.797607,6.4072766,-2.9404187
reggae,reggae.00039.wav,1312.5009449202723,2137.5473044185073,0.025934796137857694,0.10379727,-300.45297,99.252045,53.02273,43.22858,18.889395,24.840748,-7.9489493,22.167065,1.7830727,24.789507,8.392867,20.708576,2.8050349
reggae,reggae.00040.wav,2032.5080275306436,1850.5023635876562,0.1010474067092034,0.03904713,-296.14597,93.16974,-31.418371,29.494474,-18.943125,1.9469982,-19.490215,-6.2390704,-24.016157,-7.1000185,-14.198104,3.2807312,-10.582574
reggae,reggae.00041.wav,1930.4048085685063,2205.0965578199493,0.05900574910576179,0.11991203,-177.4196,89.655815,9.641184,65.465866,-0.99790895,15.532966,8.030997,16.351896,0.27241856,2.637975,2.8926406,0.6466755,2.585583
reggae,reggae.00042.wav,2479.991063724072,2521.6384031877315,0.105634531491686,0.07124089,-174.87035,79.32584,-24.305244,17.970098,24.48427,15.731203,7.4711018,4.228036,3.9252238,4.8089337,2.764937,1.7253922,-2.342609
reggae,reggae.00043.wav,1484.7799129182074,1644.2103910112346,0.0760128909271075,0.11060819,-164.63867,142.70457,-41.48605,41.21754,16.174034,-5.580434,7.6316433,5.6135707,0.7995732,-10.474629,-2.3371587,-0.49053875,-3.068359
reggae,reggae.00044.wav,2455.426131281741,2821.2230571683826,0.08757227921983758,0.15240075,-104.17264,83.90962,18.852966,28.91025,10.622362,9.324545,9.320573,6.528051,3.003524,2.485452,2.7980237,-0.19782683,3.1041365
reggae,reggae.00045.wav,4281.984674096292,3111.955776476379,0.2237736701227765,0.09118426,-120.34942,16.420616,25.026825,37.238605,9.279794,13.024576,3.2330544,5.978342,4.086191,1.715049,1.9000336,2.6751618,2.0213578
reggae,reggae.00046.wav,2322.2154852399008,2592.7201538766035,0.08096405524941995,0.093435176,-169.06036,79.51624,15.222343,42.739277,7.678778,17.028755,-5.9828863,0.5391211,0.058045093,-0.9593687,0.8281725,-1.5911511,-2.8918555
reggae,reggae.00047.wav,2478.0490603630687,2310.1002476731487,0.1149432188950116,0.10924849,-140.33403,69.64921,-9.967759,52.151146,3.2525928,4.558453,-3.4963846,2.917758,-6.5630164,-2.6553156,-1.734528,-6.9452724,-5.833263
reggae,reggae.00048.wav,2673.223822306729,2550.3652369896545,0.11116763038959783,0.1201583,-123.69994,66.21,8.186225,49.73067,8.53451,25.871933,-5.3876905,12.882779,-2.5431159,6.808867,-3.566336,7.6386366,-2.051774
reggae,reggae.00049.wav,2322.240523866596,2803.8732432813813,0.08068951505703789,0.13285553,-121.542076,89.58558,23.789015,32.782005,8.866974,-2.6041195,6.634385,1.7822745,-2.9385774,-3.0915277,-0.6919334,-5.426301,-6.5422583
reggae,reggae.00050.wav,2955.030353182864,2690.2864436066775,0.12703658219740913,0.13098739,-104.97809,66.42009,-2.3114858,24.598465,8.404793,6.762863,1.6792358,5.1807957,1.047926,2.1903608,2.9473705,4.5740833,4.200725
reggae,reggae.00051.wav,4274.292786512983,2876.9961596890357,0.27463082463263727,0.117376834,-154.95241,-1.4715774,22.345402,30.435307,2.1002307,28.60331,16.997475,13.430588,8.50513,6.496806,9.778132,10.906737,2.1772597
reggae,reggae.00052.wav,3289.1034005754636,3253.1477161106054,0.1340670014017788,0.18993305,-85.34023,60.93964,34.79256,19.793852,16.717466,7.9690666,9.30231,11.351191,1.3844681,-0.083008476,6.4046226,3.6226318,5.658961
reggae,reggae.00053.wav,2004.6584158276357,2297.795832802628,0.08975349538379737,0.063029096,-251.33118,105.8357,2.162297,32.47585,16.535751,8.277351,10.350331,5.496451,0.8677848,8.342783,-0.62853765,9.887255,-1.847566
reggae,reggae.00054.wav,2542.483268553463,2726.2070510272347,0.10157722774071926,0.09683505,-182.2128,83.503174,4.883158,12.692699,30.064579,17.202955,6.1048517,7.6960196,7.1469874,8.881941,-2.1440816,5.7184424,1.4553062
reggae,reggae.00055.wav,2525.5469562709054,2839.8418168272824,0.08219627622293117,0.1128844,-130.38496,84.30336,29.343412,23.83001,8.26928,13.854762,2.2300909,2.928923,2.5831263,0.09725006,2.3351214,2.7418041,3.7526884
reggae,reggae.00056.wav,2173.8734628702273,2460.470767071349,0.08315697807907967,0.10047588,-162.50012,98.50553,-1.6392875,20.811337,12.054913,11.739406,6.087686,4.9532595,1.6935803,3.0457838,-0.85816646,4.114119,3.421534
reggae,reggae.00057.wav,2169.6559456996456,2576.932481929306,0.07884288295146945,0.10329819,-177.44118,98.32117,14.729943,21.141994,14.945246,10.197005,4.980917,0.84407985,4.833774,6.8653493,3.542343,-0.3503009,0.57976717
reggae,reggae.00058.wav,2631.1187832454702,2827.597160930656,0.11195424279775715,0.09113359,-169.36552,83.94522,11.218591,12.120248,21.056637,9.510337,0.9373275,2.1997402,0.874144,1.6558639,-0.40982696,0.7329441,-4.7800174
reggae,reggae.00059.wav,2671.481384342479,2716.552296984155,0.11736196708236658,0.12638019,-93.51898,80.19957,-0.32109216,15.24674,4.3359027,9.050054,1.6788756,2.5456696,-4.296264,0.9993399,-1.6968484,-2.997322,2.2623458
reggae,reggae.00060.wav,2395.5102135646594,2300.637993099421,0.11850204526778808,0.02582161,-301.4973,77.235374,-13.607271,39.30776,1.6184665,16.896568,-7.250595,-3.603078,1.1652855,-3.2659786,-8.429975,-3.6008189,-2.6064854
reggae,reggae.00061.wav,3123.715745645115,2918.3494041116587,0.13354284488592422,0.18092696,-74.10668,57.996204,9.13596,29.254284,12.531282,-0.18686539,0.15999481,1.3688498,-5.08951,1.3554952,2.846724,-1.5618769,0.8844494
reggae,reggae.00062.wav,2112.968318838473,2595.2257204834805,0.06084407325502707,0.05730878,-265.6985,80.639626,9.737633,36.647453,27.827784,12.086293,15.0113535,15.11303,6.5591526,6.282747,7.484472,5.643651,4.3488317
reggae,reggae.00063.wav,1910.8838166956766,2115.3946331281586,0.08333522150522042,0.097536266,-168.58931,109.539154,-20.654816,38.94365,7.9577336,0.33693767,6.0480947,4.082806,-1.3642377,0.12043596,0.24269424,0.34731227,5.3022566
reggae,reggae.00064.wav,3094.4494679187587,3136.176151646428,0.10086425403615623,0.26767907,-70.077705,54.365875,15.58782,19.808748,27.015232,13.240907,0.6896495,10.069888,6.68256,-0.30866417,2.969903,6.0213785,1.0961132
reggae,reggae.00065.wav,2081.187059476724,2264.7951009087487,0.08282126111755607,0.29802984,-66.108925,97.88381,-18.831675,26.931944,14.003508,6.0077677,9.442091,10.566116,-0.14225957,8.125619,10.533844,8.000866,3.8141556
reggae,reggae.00066.wav,1629.2960017192215,1886.519012237297,0.06708825768561485,0.12909263,-147.10289,120.109085,-21.602928,39.639435,6.9424305,15.083756,-1.0146866,15.940521,2.5470614,4.496182,0.015698355,4.326937,4.6409745
reggae,reggae.00067.wav,1728.9380569839393,2362.327759720238,0.06046832704949729,0.14006788,-132.95634,117.10542,-2.7939985,22.53291,25.91547,0.28717518,13.512288,3.4034061,4.527343,0.5465051,-0.06926857,5.095456,-0.15438725
reggae,reggae.00068.wav,2104.695061638517,2311.35317114462,0.07783120045436968,0.09531278,-194.7791,83.05221,-0.7635784,32.33564,2.8098269,23.164373,2.9725366,14.224824,8.545868,10.442086,7.072537,8.81152,1.4220293
reggae,reggae.00069.wav,2460.5870773027177,2682.994804583766,0.08037456798627224,0.12571119,-142.86499,83.64267,21.931343,33.85721,4.630733,4.171854,1.952955,21.814585,-5.948423,0.4980754,17.418322,-11.4282,10.545863
reggae,reggae.00070.wav,2288.627178100081,2533.888402309692,0.060985686146558395,0.14899507,-136.7909,75.6045,-5.3262315,23.456251,0.7752964,12.287903,4.4736085,5.164087,-0.06254432,9.0365505,4.886803,2.3323922,5.4959455
reggae,reggae.00071.wav,3109.7327645271375,2852.71340462504,0.12158920630317092,0.15079027,-141.76859,44.183735,21.729689,43.29263,21.732172,11.185505,3.5456066,15.014226,-1.7388556,6.4309955,6.9139385,0.7089671,3.9630044
reggae,reggae.00072.wav,3089.7484730911488,2973.7469946717697,0.13615569714327147,0.14284647,-94.26048,68.1341,4.029074,7.6326213,12.799715,-3.1867485,-3.9116669,3.8171222,-6.116798,-0.3535828,0.32772857,-4.678538,-3.0110474
reggae,reggae.00073.wav,2152.9019278799583,2667.442598346866,0.05103162159222738,0.19216162,-105.91556,88.01672,19.373737,30.624731,10.023094,18.013233,3.6694536,8.916311,5.8173366,8.875631,5.66506,10.551832,5.903659
reggae,reggae.00074.wav,2148.49442922645,2665.474788911582,0.05099348052010828,0.19215399,-105.89512,88.19101,19.303364,30.587206,10.000639,17.935595,3.6842966,8.918493,5.8543944,8.842855,5.6089683,10.507835,5.9251924
reggae,reggae.00075.wav,2481.5194522237502,2324.114186065556,0.13501222024845322,0.17089733,-63.820232,88.242676,-27.582493,18.598444,-3.5857682,5.2034063,0.9885983,8.044875,-4.4020996,2.272666,4.1477814,-2.203778,10.268399
reggae,reggae.00076.wav,2456.3701094702765,2559.8386037814166,0.08823842626160093,0.21068963,-105.702126,76.071304,19.506235,36.742977,3.7592552,11.673694,0.07490076,7.1031666,7.6822886,10.456472,0.9806078,-2.1891124,-1.5151198
reggae,reggae.00077.wav,1778.172233591523,2174.2035345645522,0.06088825647718484,0.116492204,-151.81317,105.13033,-6.160918,47.94136,11.341761,15.082948,11.639795,6.6186438,6.823285,2.398753,-1.034365,-0.21745542,-0.6371479
reggae,reggae.00078.wav,2316.9096279606097,2334.847779997394,0.09374924473124517,0.09431865,-175.51059,78.04632,-2.5339327,52.855835,15.844185,24.74445,5.2989025,8.659986,6.651282,9.80003,-3.353283,4.116687,2.3600361
reggae,reggae.00079.wav,3002.6481938382785,2214.1713261044288,0.1863670968677494,0.08061416,-155.62473,57.045925,-35.298454,33.2946,-14.18707,25.263502,2.5250757,4.250631,8.485698,4.57216,2.82714,2.5807753,2.8258266
reggae,reggae.00080.wav,2539.081379106247,2644.4142912968027,0.09429756984725444,0.19564289,-103.16384,67.2257,2.226533,28.500446,4.1723447,11.872512,14.247098,14.287374,3.257277,15.844996,8.035183,4.460183,8.673221
reggae,reggae.00081.wav,2566.857509437963,2629.631143825934,0.09938166147041763,0.17930187,-115.755066,67.079124,1.8834683,29.096539,4.006483,12.040893,14.014687,14.933622,2.3025777,17.06946,7.582193,4.9902287,8.53706
reggae,reggae.00082.wav,2566.857509437963,2629.631143825934,0.09938166147041763,0.17930187,-115.755066,67.079124,1.8834683,29.096539,4.006483,12.040893,14.014687,14.933622,2.3025777,17.06946,7.582193,4.9902287,8.53706
reggae,reggae.00083.wav,1366.6849879747774,1737.1894705207098,0.0711814367024362,0.056750834,-285.87192,138.68126,19.889305,35.23311,-8.018051,7.0739436,5.402231,-3.2044294,-1.1590016,3.1945817,1.4917811,-4.045572,-6.32349
reggae,reggae.00084.wav,1788.5211001813198,2121.4543942148002,0.07597437222061099,0.114172205,-150.91212,111.7623,2.9338334,42.72235,-3.5816026,15.140649,3.4474068,0.19413993,-4.7153597,3.853786,-0.88617676,-5.347799,0.6896017
reggae,reggae.00085.wav,1797.2434967059141,1649.8017975287858,0.0993631573859242,0.11949173,-175.1141,116.63851,-55.121067,59.895454,1.9730685,1.0933509,14.589569,-3.2228153,2.7886481,5.7000294,-1.8436579,7.875682,0.40088844
reggae,reggae.00086.wav,4435.732059302078,2844.7665660116954,0.26014779098994584,0.35091674,42.091446,37.40042,-7.90959,4.485742,8.942608,3.5316226,3.0874796,1.6347407,6.270096,1.8271872,-0.5557452,-0.3981798,1.627477
reggae,reggae.00087.wav,3296.462832779134,3065.0234997852335,0.12183240284222738,0.20773205,-110.21196,48.556263,29.646896,18.435993,-0.46312666,4.653466,-2.266834,-6.5920463,-2.146058,-0.14949822,-0.67925453,0.5426737,1.9057006
reggae,reggae.00088.wav,3880.9607426552216,3361.8066274201597,0.18918764803267596,0.12001499,-75.25609,44.865067,10.096427,1.1540515,1.1483595,-3.1336844,0.1322477,0.05679194,-3.4559073,0.10516598,-1.929706,-2.3094442,-0.06527592
reggae,reggae.00089.wav,1052.543425045615,1401.6280934476588,0.038035334493426144,0.15137124,-194.36122,157.1069,-14.131716,44.067635,3.4900804,17.45554,2.9821825,5.8288302,3.0098605,1.0710149,2.5813632,0.79855055,0.6509365
reggae,reggae.00090.wav,2868.345135224565,2676.2080951154044,0.13065696297370458,0.14421864,-127.3255,65.99195,4.441192,30.03376,16.642286,16.512138,-6.404064,15.292219,4.611589,5.086445,5.585365,-0.78358966,6.055245
reggae,reggae.00091.wav,2314.083798452271,2180.0911347258047,0.12383575321442382,0.068813115,-159.94904,92.831566,-28.738466,31.430214,-6.613219,12.648388,0.858119,10.945281,-2.085535,3.6626525,3.568859,0.32369545,8.55835
reggae,reggae.00092.wav,2170.387167840117,2054.44001833899,0.11999294578982986,0.09212244,-138.14923,101.4922,-35.34274,36.13486,-9.498246,14.763237,-0.23156758,11.520837,-2.1008186,3.4033105,4.196897,0.13718976,9.018026
reggae,reggae.00093.wav,2109.7985596894723,2528.1439742455086,0.0892859840245553,0.10708073,-147.46721,113.253334,-6.2853575,9.108814,24.549637,-9.7793,13.131395,-1.9983362,-2.7058117,12.224996,-4.1247916,-1.0217457,1.9693737
reggae,reggae.00094.wav,2022.4897300831608,2129.800378822572,0.09561853489945862,0.13466951,-97.79847,108.82947,-24.920456,21.306019,12.562689,7.7732735,-3.2863526,3.5319328,0.68951005,4.1941905,-9.668842,4.2639046,2.458041
reggae,reggae.00095.wav,2617.1778006286586,2787.4453144858594,0.1031685790071539,0.1622456,-69.06215,79.14716,13.084549,29.383541,0.2798948,4.15481,-0.4426152,0.17704031,2.8039243,0.60514885,-2.8017468,-0.5161707,-3.1838446
reggae,reggae.00096.wav,1630.16101822981,1578.5100390936884,0.0796547968629157,0.16210662,-166.97626,116.62676,-44.22053,70.51435,2.3173788,16.009483,12.503331,4.093497,5.321485,4.51741,7.2984104,7.585032,2.9087095
reggae,reggae.00097.wav,2007.0624463203942,2111.0783107529746,0.09398639912026295,0.1106856,-142.80992,103.12614,-15.227189,38.256912,-13.002163,2.7503061,-1.6656561,-3.438929,-4.4527035,-9.288576,-10.127065,-2.1181872,-4.4648905
reggae,reggae.00098.wav,2026.4167424052794,2398.1727931725145,0.0648337804524362,0.13908009,-134.61238,93.53315,8.519339,34.867107,3.2853146,15.506227,4.967833,8.540956,-1.2959116,2.727689,5.071606,11.859678,4.4144607
reggae,reggae.00099.wav,2467.1929456866374,2006.4014228485987,0.13959632395591648,0.18007122,-67.11288,80.68692,-43.87355,57.721367,-12.790038,33.588192,-7.73336,14.119094,-1.2372346,7.4127393,-2.044152,6.0994887,-6.627344
rock,rock.00000.wav,1996.329188697747,2097.0392958048665,0.09022025147428461,0.12909234,-116.62627,109.25263,-23.163752,40.67948,-11.888837,23.152943,-15.409277,15.1249895,-13.522578,12.695887,-10.871556,8.497991,-11.577596
rock,rock.00001.wav,1529.2908080956656,1845.3704396933415,0.05495977438611756,0.1803724,-111.25285,134.15211,-24.65805,41.54234,-3.0750804,28.475191,-10.59955,14.917008,-14.410271,8.844091,-4.547977,9.9401455,-4.680241
rock,rock.00002.wav,1875.1802164622393,1983.7706907125023,0.07680441258217324,0.14856811,-120.445526,117.5898,-27.635338,42.838066,-6.757944,21.642138,-12.10304,17.95223,-10.473287,12.275668,-6.5690446,13.523022,-2.420074
rock,rock.00003.wav,1421.3550411262568,1902.3217903706213,0.0430986562258314,0.15122105,-156.54553,130.7242,-1.4807918,36.234592,0.3509127,31.955034,-0.6218728,20.156782,-11.339355,13.855699,-3.7898722,11.537828,-3.2142532
rock,rock.00004.wav,1345.841383418394,1841.8263952475465,0.04107944520978345,0.20865633,-127.970406,134.44084,1.0205101,54.43924,-0.45447078,35.814583,-10.856744,16.386305,-10.0327215,6.5924654,-6.6975994,11.041861,-8.380609
rock,rock.00005.wav,1542.1092953993343,1591.627568897422,0.07702117471481051,0.20371321,-62.36485,153.7904,-55.13121,28.010105,-6.850295,17.46384,-22.614672,18.14102,-12.584327,4.502157,-8.390483,7.216679,-2.5232487
rock,rock.00006.wav,1676.1460477207677,1653.5278079437414,0.08730529171500387,0.18003525,-98.38648,136.57487,-46.714024,46.476673,-17.152012,10.547506,-14.580566,16.55133,-12.312679,3.7018619,-12.647758,2.9513052,-12.505246
rock,rock.00007.wav,1282.1973339054578,1729.3657925950802,0.047179750942575406,0.1570209,-140.46417,149.30049,-10.073525,38.784744,1.5350952,20.120266,-11.34188,16.292198,-13.255261,10.183559,-9.257683,4.6997657,-8.370978
rock,rock.00008.wav,1717.0993092104313,1842.2731265031252,0.08495074137180975,0.26079375,-14.946681,138.44057,-41.902412,22.075436,-18.676533,32.004406,-20.370274,15.703648,-17.348824,14.874468,-8.903126,12.260918,-5.8288655
rock,rock.00009.wav,1181.326607089661,1607.70136056013,0.04253295992846094,0.1281802,-178.60347,154.00502,-4.9585176,21.928644,-2.0540266,23.674204,-1.284849,11.562133,-6.0270863,4.947251,-2.940482,5.409077,-4.1239824
rock,rock.00010.wav,1857.9725986494295,2182.3502320354773,0.07170823665893271,0.15342064,-108.94804,114.95368,-5.21129,46.19136,-9.136667,20.517895,-17.024096,24.221981,-8.050692,13.43937,-18.37755,8.584026,-11.401218
rock,rock.00011.wav,1537.4684493421905,2037.1769457658452,0.05433025787896365,0.1233552,-169.68312,119.105644,7.161805,53.429665,4.1253123,23.133099,-5.7213445,24.986755,-9.328979,13.474868,-14.278746,5.959376,-13.598076
rock,rock.00012.wav,1863.7644718857396,2067.372180025129,0.0682249371616396,0.07587266,-204.6047,106.97547,-10.207929,45.585976,3.0347538,24.002531,-7.5044093,20.065851,-5.168004,8.738427,-10.105714,4.3647547,-6.9585676
rock,rock.00013.wav,1597.5180157344882,2238.099095052294,0.04610991275135344,0.13366963,-211.21675,95.75193,40.583527,68.280975,5.304847,30.969952,-5.2771754,22.821358,-1.6232678,17.491806,-11.495021,8.730979,-10.45692
rock,rock.00014.wav,1937.0023676443107,2008.283664739296,0.0835791733130317,0.053596962,-256.37222,103.12504,-8.427773,48.58596,-4.1882467,17.339882,-6.681784,17.037977,-4.612256,5.318705,-10.017794,8.225862,-6.2077765
rock,rock.00015.wav,2335.5199316347857,2098.8864328445857,0.11416000519624904,0.082274765,-174.93277,90.93342,-18.715298,41.614548,-8.878751,9.084968,-12.457277,13.13021,-9.691081,4.335098,-13.485935,6.740899,-10.384655
rock,rock.00016.wav,2459.5208919140086,2221.3730531280544,0.1428334058391338,0.18441163,-15.672693,100.08496,-37.59761,45.951027,-20.771992,25.640266,-18.628998,26.507004,-20.164482,21.119764,-13.650189,10.966076,-15.529786
rock,rock.00017.wav,2312.0661578932604,2060.944513351681,0.14054758495262953,0.16600236,-41.4065,105.41008,-43.93526,54.118137,-18.419096,23.529263,-17.622051,20.664349,-18.46505,17.480465,-15.180026,11.313596,-14.159313
rock,rock.00018.wav,2209.1820036909885,2142.8478460634065,0.11578005667536737,0.14066513,-67.59407,109.12802,-32.71142,45.652374,-11.680288,27.491205,-16.32995,22.081251,-15.446939,19.393972,-11.610448,11.576828,-10.516491
rock,rock.00019.wav,2321.1497598885144,2118.769457100269,0.12819063285479504,0.11220418,-84.1865,102.343544,-41.35082,47.032593,-16.94698,26.23382,-18.950123,18.797083,-21.695303,11.054098,-19.2392,5.2341566,-16.756317
rock,rock.00020.wav,2188.057530674935,2120.196511919214,0.11753303545533643,0.15243913,-56.960926,115.221,-30.44724,37.199028,-21.998432,21.875805,-19.772882,15.003683,-24.094864,17.788218,-17.29499,6.7472944,-10.742702
rock,rock.00021.wav,2158.1594853409797,2060.651234509196,0.121568436412413,0.16144805,-55.33593,114.42699,-34.03885,37.997505,-22.330322,18.537243,-18.15919,13.812107,-27.804724,18.16542,-14.628683,6.551334,-8.264944
rock,rock.00022.wav,2342.4462721453447,2113.056605899798,0.13844302856728538,0.1737927,-34.634476,106.50069,-41.059685,33.668095,-27.229921,21.403963,-21.319082,14.005236,-27.781681,16.053364,-18.818726,5.6487145,-14.2938385
rock,rock.00023.wav,2294.7279252035287,2206.9632010472374,0.11556707088650425,0.13569559,-88.36004,105.4332,-24.50932,41.850685,-22.360504,23.726532,-19.787085,15.147273,-27.103642,13.853663,-15.209694,8.935021,-12.798515
rock,rock.00024.wav,2320.3950808692307,2044.9183639654284,0.14343044578982986,0.15654169,-52.48068,99.70796,-47.386406,47.01759,-21.017344,22.883759,-18.278618,13.886501,-23.446274,13.51214,-18.663303,5.705186,-12.890456
rock,rock.00025.wav,2510.07314252411,2115.277506076207,0.15782813406322505,0.1491075,-47.04379,95.77823,-43.917877,52.071087,-22.550802,20.861921,-18.675611,19.246445,-21.253605,21.88196,-19.21261,9.452245,-12.584075
rock,rock.00026.wav,2263.203109326082,2150.226328920084,0.12290601737722351,0.15266521,-58.981987,106.57721,-31.803864,47.910946,-17.425423,27.755241,-14.010047,22.419035,-20.549541,19.562534,-14.581268,10.176432,-10.946365
rock,rock.00027.wav,2669.3593345236,2440.4637806887617,0.13342209570917182,0.07916758,-123.34534,74.88168,-17.058035,31.609985,2.5446815,17.32831,-3.8152325,9.7234535,-7.237524,11.2586565,0.38198882,3.4685218,1.663686
rock,rock.00028.wav,2046.8578301908997,2070.164481073298,0.10197110039636505,0.13878995,-92.63433,101.83765,-33.491867,48.725113,12.398135,20.81383,8.697564,9.275422,2.7734897,5.233724,-9.328545,-3.4863636,-4.3603806
rock,rock.00029.wav,2445.1189674157067,2434.0559164690508,0.11150145917923433,0.18004455,-42.399296,85.04793,-7.3838058,40.714485,-1.0092217,18.923359,-3.5411758,5.871917,-5.0200562,4.245414,-3.1746843,-0.5802536,-0.52992386
rock,rock.00030.wav,2944.617225098909,2831.3006101810506,0.11491716212296983,0.096469395,-131.4277,67.74452,32.89004,34.585876,-3.2927597,21.882212,-5.809261,10.232336,-7.0489717,2.2989485,-4.3683047,-3.317443,-6.2809277
rock,rock.00031.wav,2639.1039096273103,2512.6868986501595,0.1324454393851508,0.12614734,-89.08187,81.389336,-12.564247,22.778366,-7.0668626,-0.49518743,2.7513537,-3.4457023,-7.7104874,-0.84374905,-4.8830285,-2.6869318,-5.2926173
rock,rock.00032.wav,2344.5259235128556,2374.8837223701676,0.11589709565839694,0.22182517,-26.406563,85.88428,-17.211609,35.311554,9.982888,10.665745,1.3990859,4.5759234,-0.121477574,2.0990708,0.32295212,5.3930073,-1.0125064
rock,rock.00033.wav,1674.1340437310519,1948.294443985897,0.07487394564481825,0.12787735,-119.03785,128.89801,-17.83216,29.174347,2.7172751,7.998562,-7.062791,3.8721447,-1.5170448,-3.9864912,-7.0405607,-2.8676345,-4.180409
rock,rock.00034.wav,2788.3693356571966,2648.3386460310135,0.13492539898700306,0.19099241,-28.048374,65.66149,-7.321227,33.75632,11.126422,14.604361,2.0925806,10.009483,-0.2251158,10.134864,-2.8547633,3.096317,-1.6673214
rock,rock.00035.wav,1867.4143288199461,2422.37169970984,0.05698049593967518,0.12408983,-124.00335,109.49398,5.8743453,32.895947,10.985755,11.695206,12.678273,12.968339,1.6449655,4.5004187,9.672361,3.0521114,3.5316381
rock,rock.00036.wav,2850.236430403512,2621.690044153678,0.14704748862547892,0.21626079,-0.42657727,72.35004,-13.061866,23.915255,10.229573,10.317129,-5.016699,14.344585,-0.6939211,9.888121,0.72519857,5.222892,-4.0965514
rock,rock.00037.wav,2626.8195142103973,2442.645410854308,0.14627101157675948,0.11334493,-71.13559,79.458374,-20.803537,30.648138,5.5313945,3.7041204,4.7037277,7.2695193,-5.4862065,2.5047472,0.8459367,-0.579762,-1.8930234
rock,rock.00038.wav,2794.963091628599,2633.9623220905196,0.14055017052051083,0.21929601,-15.92807,67.1531,-20.1219,15.576831,4.8012633,10.825857,5.9594,11.79642,-0.39681533,5.6550355,0.113723874,1.097924,-1.741559
rock,rock.00039.wav,2559.166384767606,2731.0133210489803,0.12275949523878577,0.14428338,-50.849358,86.40166,-14.42425,12.829986,21.69184,4.2353654,1.7406832,3.7037303,4.683396,-1.8644677,-1.195588,-0.017734842,-4.127094
rock,rock.00040.wav,3010.0558252943074,2778.074620528377,0.14475178847641146,0.1428521,-65.91231,61.28031,-1.9368678,35.309376,9.313,7.5558777,3.4096608,2.977946,4.6069074,2.9099398,1.7725732,-0.39182526,-5.758149
rock,rock.00041.wav,2806.872615958848,2688.101798907577,0.14835555334010053,0.16064425,-35.399956,73.69067,-20.220226,17.177567,14.948895,10.214969,7.60081,1.5895826,4.1754875,0.74550146,-0.38657847,-1.3119748,-2.0403228
rock,rock.00042.wav,2794.8199158537072,2732.106675435166,0.13765528325599383,0.118909925,-74.18399,76.735054,-3.8043847,28.03363,8.136066,6.0160174,4.299718,0.50605315,2.8456137,-0.9449358,-2.35504,-0.285972,-1.4562421
rock,rock.00043.wav,2739.501165243808,2541.9440543276173,0.14395686811194897,0.13980499,-62.13462,75.87379,-26.72933,18.281229,2.45904,5.8335547,11.579477,0.010206985,8.693243,5.5156765,-0.2461488,2.398875,-1.7415357
rock,rock.00044.wav,1651.7562246177304,2103.973963881226,0.06890203560034802,0.14430736,-118.39433,130.25537,-3.0893328,15.728805,3.9465373,10.665425,6.837985,3.3979797,0.7698097,-2.5344229,-3.1066284,-2.8668935,-1.623691
rock,rock.00045.wav,1561.4111067130552,1568.9524725207466,0.07895466272718484,0.09696267,-172.66568,142.76349,-55.773094,79.31552,-1.8741938,4.7934155,0.24512385,-11.501139,-0.26719543,-9.363408,-7.680029,-11.2667055,-5.683593
rock,rock.00046.wav,2429.0679000761247,2502.1928426870404,0.11818445475638051,0.12061557,-83.05496,91.50623,-13.687614,16.13486,10.328306,5.5332947,-9.451849,-6.618414,-3.033612,4.9335394,2.640077,1.0502369,-3.6719635
rock,rock.00047.wav,2997.8538382881115,2691.25507193247,0.1562231879592034,0.13890117,-58.31212,62.513275,-12.654888,31.943604,8.115569,2.2606413,3.90708,1.4533548,-2.7132814,1.1064517,-0.459575,-2.3795288,1.2424839
rock,rock.00048.wav,1646.6359257324248,1701.4258606418757,0.08525284887374324,0.14554073,-93.35886,137.46744,-45.09206,37.811535,-9.419834,12.59467,-7.4806423,5.539186,-3.7403598,-2.0107427,-2.4594233,-9.579354,-3.1679165
rock,rock.00049.wav,2078.0554239577727,2334.0444993022584,0.09133351761890951,0.10098885,-142.40489,116.13788,2.2472296,31.061197,6.1861997,0.12031545,0.31996903,7.791392,3.2471306,-3.015229,1.709286,0.7361196,0.14306967
rock,rock.00050.wav,1721.1466519043972,2312.3177475220837,0.05330347000676721,0.14119698,-144.9571,118.46496,20.525068,28.564394,2.3535557,10.06956,11.9176,4.8517795,-0.084927425,3.2985027,3.4143987,3.6505976,5.3643227
rock,rock.00051.wav,3031.127685864391,3055.50668319491,0.12085810614849188,0.16167404,-66.28536,66.77525,25.18438,26.29693,5.29162,10.455606,2.4704695,0.75241023,-0.37136132,1.7261295,3.2138004,5.0352135,-1.9417019
rock,rock.00052.wav,2186.669241082053,2448.838699727777,0.08856659053557618,0.11331169,-181.23041,103.43169,9.386158,19.07884,13.772365,-0.52121776,4.3893824,-7.6141815,-8.117306,-0.13711451,-5.1818705,-6.306278,-5.451936
rock,rock.00053.wav,3361.7679741880775,2933.0521726160387,0.18754758193155452,0.19013606,4.0827875,52.608704,-11.054907,19.704363,11.284098,7.05907,5.062799,4.561673,0.025623932,5.1544223,3.4035957,1.1689492,0.5820397
rock,rock.00054.wav,2632.272033619275,2550.143997140187,0.13240314433488012,0.06544933,-156.28606,75.62815,-16.517864,16.340904,5.8017077,6.009819,-4.145812,-3.7635734,-6.16873,-8.928001,-4.101073,-2.207017,-4.6508574
rock,rock.00055.wav,1712.289370983157,2249.6243303381725,0.06657807364172467,0.14712149,-91.9124,129.96863,1.8372804,11.621115,3.2257633,-1.9720755,-2.2193565,-0.85540605,-4.3434763,-3.5430148,-1.5521153,-0.5419181,0.40201327
rock,rock.00056.wav,3303.2031125307344,2913.5971014748784,0.17753347351121423,0.17567988,-7.868896,59.537727,3.64771,28.984354,4.1384044,10.26854,2.558714,7.604068,-1.3998239,2.9641616,4.0499907,-0.75281394,1.0675513
rock,rock.00057.wav,3488.5019910192823,3241.5783078348077,0.17507016446732404,0.12258277,-58.583794,64.91177,15.929983,5.4289026,7.5244966,9.883128,1.5946642,5.3538227,-1.2404982,-2.0384183,2.4422328,-0.7197205,-0.30926552
rock,rock.00058.wav,2438.175192954676,2790.3360618213183,0.09895493462393658,0.087437816,-142.00829,96.975395,23.25415,10.455744,6.2936463,4.963418,1.0708207,1.1035849,-4.8490777,0.8722023,-3.44915,-2.0109098,-5.9014354
rock,rock.00059.wav,2424.519698838249,2927.3422261650103,0.08653680575696056,0.05117929,-219.1163,94.37081,42.78751,16.115028,9.503607,12.890873,7.7313557,2.3898096,-1.0204223,-1.953544,-1.9855669,3.1467826,-0.88252664
rock,rock.00060.wav,2796.584436106161,2891.159884914648,0.13464402673047177,0.1032749,-82.69719,83.51688,-0.5975727,10.497101,10.424636,7.0697875,5.078569,0.078934744,-0.20585674,-0.9349144,-0.09674303,-1.7009898,-1.0193595
rock,rock.00061.wav,2072.154517807153,2739.7629398430363,0.06905497752320186,0.08831079,-193.64023,98.43583,44.057926,23.775482,12.580539,8.4607725,2.1690936,-0.34457618,-8.183044,-9.117337,-5.2378254,-4.8426147,-1.3743817
rock,rock.00062.wav,2946.6326071058666,3203.143085072344,0.10852154630703789,0.060456336,-212.2839,65.78227,45.207645,19.728804,11.811091,8.058759,4.425894,4.215401,-2.3198674,-2.2011733,-1.6351123,-4.6608105,-3.7225633
rock,rock.00063.wav,1711.1692946901107,2309.187256287416,0.05584948097931168,0.053076725,-302.8243,116.21838,44.6891,25.962639,18.715103,7.5668535,7.3339343,4.0336523,-4.1819897,0.87966716,0.95483494,2.8209012,1.4063514
rock,rock.00064.wav,2181.338268438534,2181.0562713316394,0.10636978562451663,0.10706775,-118.8025,104.436676,-29.188753,42.102615,-13.299716,29.062935,-20.86632,21.608942,-24.331242,10.7288265,-15.099055,5.9375844,-11.788948
rock,rock.00065.wav,2294.229735153561,2104.2636257780164,0.12909317901682135,0.114658765,-95.25766,103.813416,-37.01362,52.685883,-20.752981,27.573769,-17.5265,24.807493,-11.295161,16.644753,-9.246779,10.183925,-8.78414
rock,rock.00066.wav,2209.486739749316,2174.99242288391,0.10714657953886311,0.042990003,-245.10092,95.093445,-21.263948,45.649635,-3.5521014,14.970439,-20.681795,19.520777,-21.715769,7.3187175,-9.291167,0.81458414,-13.00813
rock,rock.00067.wav,2414.1618650276037,2339.259342442016,0.11988569762664346,0.10020051,-123.67157,94.75338,-9.5527525,53.26699,-13.762559,17.746737,-19.215258,25.295883,-18.705511,15.396704,-12.512174,9.378816,-11.606869
rock,rock.00068.wav,2467.2607802086272,2399.0100705715486,0.11827508700696056,0.09118249,-121.12452,91.73827,-14.719739,52.961185,-11.417393,31.010504,-17.489897,24.197327,-24.775946,17.118109,-15.880233,10.380571,-8.630905
rock,rock.00069.wav,2568.395445802274,2344.894327861815,0.13763375809648104,0.046997484,-203.34494,85.4117,-11.576987,54.754364,-11.617434,20.56847,-27.760782,18.873287,-31.642633,10.700183,-11.927794,4.132147,-3.9985473
rock,rock.00070.wav,2511.714306230509,2245.075054231402,0.13911899410286155,0.05409475,-202.22343,75.23143,-14.236297,66.306335,-8.287852,24.383793,-16.236677,17.128633,-21.286032,3.9629781,-19.76039,0.48267356,-4.509064
rock,rock.00071.wav,2025.0641305486586,2215.1627775406264,0.09080369658739366,0.16095097,-79.81995,109.9367,-17.13555,47.21409,-11.933717,33.32855,-11.712043,23.636423,-13.6773205,18.445545,-6.9493895,13.0382805,-11.589943
rock,rock.00072.wav,1933.3373461978688,2211.2849950095574,0.08170157518851508,0.16540022,-95.375534,112.45124,-2.0774407,47.046688,-10.369908,29.785519,-15.113547,20.186108,-12.673779,16.497211,-7.8592286,11.876695,-11.1869955
rock,rock.00073.wav,2223.969176505625,2287.7718650942998,0.11002037715100542,0.1692631,-61.69562,103.5662,-16.916412,49.247673,-14.815669,31.691504,-17.215197,24.615047,-14.486075,18.019432,-11.67271,11.470351,-9.824016
rock,rock.00074.wav,2140.2830873710195,2245.902488299258,0.09114092408642692,0.15379857,-83.36812,103.90498,-13.954147,56.912594,-14.43371,32.197018,-14.136274,19.167461,-9.342846,13.166685,-11.730691,8.401818,-9.400615
rock,rock.00075.wav,2301.7700377608567,2355.0290595188417,0.11151731982308585,0.12687102,-113.657845,94.94122,-4.128477,51.786396,-13.776981,34.347267,-17.60313,22.537716,-12.411016,17.204842,-9.231343,9.977349,-13.473844
rock,rock.00076.wav,1659.591367670287,1953.194025876473,0.07118068143368136,0.14581469,-132.39337,124.67918,-9.69277,46.452026,-6.3060913,30.534199,-11.145722,20.404238,-11.221901,9.368879,-5.829724,7.8187475,-8.726418
rock,rock.00077.wav,2187.9366584276518,2350.7821994610763,0.10623761359242073,0.12868471,-103.96426,101.90469,-10.340274,43.67058,-11.510563,26.94337,-9.995867,25.0187,-14.213517,19.713219,-10.531306,12.673635,-12.690149
rock,rock.00078.wav,1877.968347176715,2204.2471697055184,0.0717101248308198,0.14435396,-130.98306,111.02361,-2.1509995,41.78348,-3.2020328,34.655052,-17.60973,19.878576,-9.146213,14.884945,-6.846543,9.2045965,-6.9707727
rock,rock.00079.wav,2148.400918539368,2107.109041240904,0.10910574668890177,0.11665953,-91.39275,112.11608,-27.345358,47.978413,-19.601683,27.71872,-18.550968,17.433367,-13.161514,14.41955,-15.218308,11.52615,-12.587086
rock,rock.00080.wav,2606.2611466468375,2318.7663470669254,0.14967274204853054,0.104332164,-87.96438,93.53565,-23.224028,48.123466,-21.444712,27.754807,-20.335535,18.751484,-15.218708,16.133469,-21.41218,10.867748,-12.026507
rock,rock.00081.wav,2553.6435090564128,2219.1017939026833,0.1361319061774942,0.09362348,-121.46697,89.52725,-33.490353,41.959053,-25.940279,23.04037,-20.253145,14.365855,-16.338194,17.046362,-16.961536,9.144575,-10.106951
rock,rock.00082.wav,2975.773811493968,2423.2053157610785,0.1837123271945089,0.09327006,-95.44648,78.33685,-26.221182,44.241337,-22.469748,29.748888,-21.57327,23.954361,-16.57705,20.47198,-19.63077,13.887503,-12.625713
rock,rock.00083.wav,2116.1456021561394,2245.3914351809317,0.09278892050947408,0.10167808,-119.15098,107.44224,-10.973196,58.55536,-12.933258,26.83433,-17.646807,19.371737,-15.605269,13.570684,-16.67104,11.870044,-12.196166
rock,rock.00084.wav,2581.5076039009978,2376.1718809452445,0.1392005631283836,0.106824376,-94.26873,91.89087,-17.601385,45.527332,-15.701893,32.63561,-18.013712,21.570967,-15.723526,16.806913,-18.290829,13.340856,-15.457929
rock,rock.00085.wav,2255.867398236704,2058.0033009129997,0.12097706097737819,0.062991194,-185.50003,98.92578,-36.44288,44.42754,-17.75983,21.28436,-20.293684,13.77166,-15.498616,11.033225,-16.787758,2.3346393,-12.634642
rock,rock.00086.wav,2521.2256237987076,2133.4848391691125,0.14628158533932714,0.07624123,-160.15704,88.74145,-35.476883,47.4943,-12.60362,17.301561,-19.144144,14.595069,-20.387825,11.093687,-11.144935,7.699109,-9.863814
rock,rock.00087.wav,2334.5190611030093,2208.0601552256217,0.12855316185711524,0.16573809,-42.662823,102.988686,-36.8779,44.5166,-11.9962015,25.57691,-22.668953,28.336857,-19.271854,21.482964,-15.258891,11.748107,-11.575924
rock,rock.00088.wav,2590.781523555563,2078.7219895694107,0.16172267739752513,0.08952018,-117.97405,84.0584,-50.267876,46.049637,-17.698416,20.855793,-21.641117,16.67161,-12.952743,12.837912,-13.080166,11.31062,-12.596915
rock,rock.00089.wav,1609.7586945896,1816.0413405600693,0.07325653760634183,0.10520216,-156.29813,130.7896,-25.229616,43.48547,-12.138994,25.392202,-7.9401684,17.616287,-8.628423,9.566106,-8.367283,5.7637086,-7.0483007
rock,rock.00090.wav,2495.6841558449564,2249.689678791998,0.12063605713457076,0.15463758,-89.01616,86.21833,-24.412224,47.093178,-33.65718,29.464834,-19.750496,21.635778,-16.746689,6.538771,-13.391208,7.4855866,-12.85139
rock,rock.00091.wav,2474.465349821513,2123.435980729778,0.15013458889211137,0.10823642,-74.30769,100.11084,-47.357513,49.609303,-18.405361,24.60919,-15.910987,23.892094,-22.828266,23.324926,-16.943434,14.924825,-11.495659
rock,rock.00092.wav,2471.4537522284268,2102.193464869825,0.15093857248163187,0.1068667,-70.11194,94.16672,-50.33251,46.95689,-16.10815,19.98747,-23.955923,16.34419,-22.179579,14.427519,-20.087427,12.139044,-14.7731085
rock,rock.00093.wav,1939.7222612064577,1881.5632771390922,0.09832088650425368,0.10572245,-114.78572,119.293335,-50.734497,42.62416,-6.7016063,19.707987,-16.883589,19.394009,-17.410425,17.302908,-10.872791,6.657837,-15.7666645
rock,rock.00094.wav,2628.9166256267,2210.5134196593885,0.14664940122293116,0.10190492,-90.240295,80.06858,-46.36335,56.045547,-8.0926485,27.477394,-17.326693,22.967056,-17.591236,18.405153,-17.44015,7.6492333,-19.298676
rock,rock.00095.wav,2008.1745209297676,2106.3140915695676,0.08922745069605569,0.07944595,-153.63004,109.904785,-23.091644,59.014496,-7.5204816,19.728552,-16.488035,18.078283,-22.212603,15.408715,-12.378634,12.347538,-12.310061
rock,rock.00096.wav,2006.827265021438,2068.8392594713187,0.09766418032192575,0.07642329,-142.41621,116.20546,-32.160263,49.11151,-8.389906,22.885155,-18.317211,20.110556,-22.102661,10.792425,-12.998068,14.083412,-16.392958
rock,rock.00097.wav,2077.565822171052,1927.2280126367882,0.12182258434841454,0.08159775,-124.989655,115.18234,-47.985886,52.820343,-13.493603,21.751259,-12.41766,20.127153,-18.373243,10.1236315,-16.045313,10.477311,-17.95571
rock,rock.00098.wav,1398.6495042529389,1818.1651244963796,0.048724275546210366,0.083802395,-225.03333,123.657265,-9.745124,56.613846,10.421821,20.64321,-10.258778,15.571303,-8.24035,12.808757,-9.006475,7.6886315,-10.0838
rock,rock.00099.wav,1609.7851807206855,1797.061552918547,0.07630480230085074,0.054431498,-235.20059,123.87175,-22.546131,52.951675,-1.4538207,24.660513,-7.088473,14.8901,-12.783066,16.718231,-2.9434726,10.081299,-15.028531
