genre,file,centroid,bandwidth,zcr,rms,mfcc_1,mfcc_2,mfcc_3,mfcc_4,mfcc_5,mfcc_6,mfcc_7,mfcc_8,mfcc_9,mfcc_10,mfcc_11,mfcc_12,mfcc_13
blues,blues.00000.wav,4215.242410355615,1892.1376462588662,0.31529373912412995,0.025744516,-405.5749841331458,-178.525250245569,-141.17375743093444,63.23544723991028,14.813907822575938,29.06531949697042,-29.1516257567814,18.92530207203823,-21.14025031459964,15.642062407462712,-17.070722956058493,15.306858770993738,-9.965758149548309
blues,blues.00001.wav,4734.694694869275,1989.9700505771286,0.3830341713795437,0.012773289,-473.90883558019846,-142.82839530704132,-98.09033133442679,57.86778590560282,12.038475012464533,19.412029598749342,-34.18076048055978,22.95857242776383,-19.771426272470354,16.566283416457026,-13.882437433210365,10.784910278816977,-7.560759466331297
blues,blues.00002.wav,4035.6638357429324,1848.954146883663,0.29666352474864655,0.03186368,-376.7726331772457,-155.8262123637894,-143.77298699481398,54.35711450187872,12.056382624944764,35.76714191844671,-25.934994723579255,13.810995860368756,-17.71862137956198,13.76979517341528,-17.199125308606984,14.113576560811913,-8.345808700158372
blues,blues.00003.wav,4264.809111423245,1956.24737000157,0.3206595459928461,0.008153554,-512.4121679801862,-159.34996024910876,-139.29899389252788,47.51501293926768,11.68150576975461,31.547506467055683,-26.25885507585949,18.86443678418577,-16.755880729809263,15.40404854691476,-18.872047186315534,15.353628364892929,-11.972306044378913
blues,blues.00004.wav,4033.809035459313,1710.8544628320035,0.3048676315980278,0.026049798,-424.5075710219119,-136.79041311455586,-127.47857698421159,65.13424981574167,3.8968541196486117,31.990578884291043,-29.600816109729383,11.834684539105208,-12.241471410212192,12.53215879841534,-13.504456093421473,10.044764945406943,-4.129812860610009
blues,blues.00005.wav,4175.459598210161,1730.667482220651,0.32007572324535966,0.02990689,-426.6646579808337,-124.59899987135756,-105.56005283087879,68.80385850963029,1.6526822000079342,24.17331189349058,-32.70817859083949,13.858277640315043,-8.962542748154567,10.450839360104961,-11.61159402854854,10.311292021097584,-5.050321697137278
blues,blues.00006.wav,3320.282435362699,1392.4465847641397,0.2513186992459397,0.036881953,-440.1014556867733,-91.52257973710675,-130.65701514345074,69.58418650863511,27.181747599566634,4.438533670445062,-31.525449994384225,11.614144257138086,-1.7363612364318213,5.5963183476379825,-6.723464264126093,4.621679526001886,-1.9407749912664594
blues,blues.00007.wav,3707.2671855351177,1626.279457546435,0.27410100360112144,0.027727872,-440.4147518348123,-118.00927940367289,-128.2241437121263,70.45800937919915,19.052124376962755,17.076168459060337,-37.87884249567529,18.14333382788002,-10.428327479111557,9.61488609005216,-7.439891669753952,3.9025090949777286,-0.4619959921670506
blues,blues.00008.wav,4301.622846888569,1901.4474553722825,0.33079827375773396,0.025557911,-420.2184456995295,-186.9825980975776,-142.7642420499331,63.41777437131387,12.614411300820596,30.472844810289953,-34.69143648531036,24.319971121576174,-23.57463007829104,22.15887176485875,-17.1513485867446,13.263234985123935,-16.46490522526919
blues,blues.00009.wav,4382.996590492048,1737.2236185559052,0.3552693590487239,0.019572932,-454.69275757887857,-123.74893056378512,-95.29159141576174,72.02072211486737,-2.2941383467485497,15.775420159165872,-25.77358868611951,16.22099623025169,-14.844547268826787,13.20993017246583,-10.90707744854803,9.48275067033086,-3.6201186603647746
blues,blues.00010.wav,3790.2242851173182,1624.070303468099,0.2847416074535963,0.020961009,-435.31428806359423,-112.19848872543713,-122.35952652896012,66.64770639115271,4.57803149539416,19.391856674161396,-26.914777962164404,15.644001519328445,-7.900025057583378,6.011089962519792,-8.595003800769325,7.636584681949224,-5.711890826044816
blues,blues.00011.wav,4325.497618763071,1862.2754851055604,0.33600585182231246,0.004688684,-580.7978672180725,-154.46843773316814,-123.51127935713508,65.12717898296789,7.753253401462448,28.886316641613313,-33.79618221395935,16.89252380562124,-15.966795535127043,18.08804091170338,-16.049244189775013,11.609891877802772,-9.67508563703289
blues,blues.00012.wav,3838.6121977904204,1541.9227955772776,0.307415153108082,0.024118267,-451.6606174860013,-113.35090464276901,-109.53082234324476,79.2449017790422,5.923892313053058,5.803698983976598,-17.526374537976746,6.876731913375562,-14.781390054236555,18.584833062251924,-7.247412032900985,1.9851829002256993,-5.185252208998426
blues,blues.00013.wav,4439.23595330154,1921.5253014608854,0.3485723909996133,0.012829456,-487.9019300039839,-154.7740317037368,-107.57685979804661,65.58568237576961,12.894721744259664,16.793190170835295,-25.497914120545605,14.742860997192844,-25.70178503451451,25.226373570376882,-11.234833890835368,7.320509233968265,-12.649096532173417
blues,blues.00014.wav,4358.93368485894,1833.8183856083704,0.35328111405162416,0.012124499,-514.2712106313934,-86.96917604975658,-70.84983688024411,57.995858864231955,4.278054026573148,2.7426016260714277,-17.947873248837016,10.253986734999664,-12.318837058384858,15.822258596950197,-5.780563670354872,-0.4663078167700385,-4.196414083231622
blues,blues.00015.wav,4138.202773994373,1777.0126221195042,0.32684670763244394,0.015526175,-468.3879536195109,-104.66230736767764,-89.29078623643692,65.24500427652558,6.742996834299054,5.705522760279216,-17.841188497801404,9.705759045982669,-18.39509094816334,20.489100813615767,-5.364930535574537,0.49267670465263574,-7.437548353579078
blues,blues.00016.wav,4338.126555716943,1879.202833951098,0.35046358396171695,0.014296925,-473.25179663319034,-118.10066761874072,-92.34486563861516,61.75461775860394,9.914243337517224,12.53975754281157,-24.940146612566377,10.034226478309956,-17.49486486154094,23.345910244089747,-8.557263748512545,2.529494483576659,-10.705699631528976
blues,blues.00017.wav,3692.5851256994497,1585.9415319616974,0.27939921391628,0.015740748,-497.53270521712295,-106.68686921835676,-109.01320987843148,75.46231652807423,12.837565101214187,2.525224747993715,-21.018613583285838,11.05711858485141,-17.067430056808576,17.288409861022334,-1.3212149761802285,-2.077139517407297,-6.368823189117424
blues,blues.00018.wav,4746.710584863018,1950.6432288835792,0.38423769214037123,0.011220563,-489.0217542905767,-127.73612531583893,-75.35043505572564,62.76758979092237,5.013114042560579,11.540785636107477,-26.92483842556654,13.5563750153451,-17.85226266559755,23.06062982916181,-10.79097678343374,5.409668365212856,-11.004559059510505
blues,blues.00019.wav,3942.6874359174208,1691.867759841912,0.31010881912219646,0.016796416,-468.5662859780105,-92.83537817466633,-92.19782235511198,66.44898755872313,8.349386551193751,2.053071731051215,-16.370552594493287,6.232681366119811,-11.972168020615761,18.250564097846294,-7.19082898383661,0.9581142246872447,-5.050183494168995
blues,blues.00020.wav,4531.780387993929,1994.3101231030614,0.3568214363399072,0.009671294,-482.1998783999653,-127.16307977676502,-88.99069616552185,60.957039055694274,11.112327457354846,12.472384358715397,-26.55018015625421,13.039713013117584,-19.25460169372839,22.47575277306072,-10.095299011864146,5.925325087595196,-11.188295552219676
blues,blues.00021.wav,4244.155514326679,1842.4113120024845,0.3377992374806651,0.016262898,-500.3904559236667,-97.56558917853907,-83.89769385799805,59.15911356821633,8.871144218405641,6.8629035693222304,-19.86944035590463,8.006149661191149,-16.285481729958853,22.36216991790015,-6.024694460902302,-1.834856556842192,-6.359653678567653
blues,blues.00022.wav,4079.3128022397505,1708.1966722306931,0.32963176116589327,0.02331388,-466.5838905925758,-94.61924560788447,-87.74603805880338,64.80629027083101,6.435175900148081,4.23599734770061,-16.44386380131267,6.924705770504912,-16.018182957677702,21.362975678887928,-5.1753785100183185,-2.951755639889874,-4.238445188608504
blues,blues.00023.wav,3749.621361188003,1507.9749614763728,0.298455777503867,0.01789465,-471.2522356770299,-106.47470240925368,-110.44040459006062,80.65118934798832,7.238710768028024,3.8672543787702804,-19.929139099573234,5.359713687799225,-5.841719493207208,10.87959073567403,-2.342944756642185,1.2268012868296059,-11.268539085483901
blues,blues.00024.wav,3746.3716958162922,1444.6020397046718,0.30522600662219646,0.014638464,-505.7575741267791,-94.78458370549266,-102.0707192905988,83.56790973125361,2.900695363137394,-2.1338408698380786,-17.151758556553116,6.924930952336494,-2.2152802142120063,5.692099965362061,-2.7854598205324153,2.7589723817328036,-6.666571322533005
blues,blues.00025.wav,3778.9184033952693,1501.4583021015103,0.30474943203789634,0.016198676,-491.42381640580214,-101.82571686531782,-102.15925356970024,82.8556802796344,7.493695186751989,-3.4463532874215765,-21.4084426615178,9.8425851688356,-3.0229602326962564,9.306216049184153,-6.774708999752543,3.518837829893141,-8.118991523328905
blues,blues.00026.wav,3962.031130965848,1578.2359329852482,0.31449844112529,0.0123147005,-532.4192464451522,-108.17846158109847,-97.96326257701286,78.67419682945898,2.142058247506649,5.081558746071249,-23.608686867252906,12.122624681666345,-8.037488398404644,10.86631814053129,-4.302680504444428,0.35909909834020587,-4.310353369201531
blues,blues.00027.wav,3586.5070981330564,1358.1468227404391,0.2866112752561872,0.024319978,-468.25974392907784,-107.05536640163237,-115.98437348806596,90.441069524446,2.926277114609976,0.5454503751521717,-20.60119910201869,10.868120710899944,-3.2574103353080477,3.973733855976899,-3.5036107180445075,2.4627286986465573,-3.4283215974784365
blues,blues.00028.wav,3592.610466012848,1504.584844116563,0.2854795050270688,0.014723835,-505.0045664008041,-108.24752703356359,-123.5364123788069,77.73290409824746,15.178082414721704,5.146796709027579,-23.93314460072967,10.330983457809626,-9.657163950404858,12.090101140556328,-6.995974994868084,5.021612517168577,-6.470048829029944
blues,blues.00029.wav,5266.016155733447,2059.6884101568517,0.45276586970707655,0.01059225,-514.323368854613,-176.9525425129,-99.97777998622422,47.88172396140266,12.029177448816109,32.53278603367903,-39.32026586776285,26.01042594516515,-24.95285237444297,24.578901480690135,-23.096124153903574,12.061073634059124,-7.409737755028818
blues,blues.00030.wav,5173.131137245578,2051.8168299453787,0.4262940774845321,0.011465181,-505.1392823045982,-181.9347361548991,-108.80513616408139,48.020213645197266,11.043901464631757,32.2258573171247,-38.91486484087707,32.24593660869872,-28.548934766342864,21.74209170811537,-18.011122075657394,13.546209918156782,-14.856118315557556
blues,blues.00031.wav,5045.168342804205,2061.672958888668,0.4243035666811678,0.010525684,-506.09057046638674,-174.08852844744595,-102.92911115161195,50.917058539761705,12.808356051968877,29.134946803739016,-38.89291679213089,26.77622321503697,-22.40904088127421,21.12094501787039,-19.455115077307173,9.929983291484803,-9.79647125089859
blues,blues.00032.wav,5009.505689316947,2052.4197811209083,0.4135681765999613,0.006659942,-555.6668377056021,-149.76260129364204,-90.05282606361585,50.721957479812865,10.007310209496339,28.415524197722345,-40.930164249465705,22.144255107738317,-17.292254491806332,19.8086421740791,-17.00202946404544,11.243589232575799,-11.821531561912026
blues,blues.00033.wav,5440.199718228079,2002.4988688865744,0.47781775667053367,0.010240714,-528.0007122588144,-180.79693832072468,-92.5182191065457,48.21340501514252,6.700123805390339,34.20237500079726,-41.49627787582001,28.375638602696625,-23.335062345431005,22.49936263750776,-22.464200351744967,13.834033867766848,-10.383009498996914
blues,blues.00034.wav,5249.83676908535,2041.4445979700897,0.4581936086136891,0.011341211,-502.78229985760987,-181.7789383582852,-105.58641743589126,45.973644111856885,10.03607168155676,36.609121878182165,-38.132456085776525,27.14461593977882,-28.920595429639384,24.223398957711318,-16.860084077198753,10.3777386567472,-11.875808306226027
blues,blues.00035.wav,5163.600035057824,2077.2999962243707,0.4200159059599768,0.014750891,-469.76820208088816,-184.22629022679774,-114.19006762580194,39.58956762883762,11.905153768456776,37.160630938601614,-37.60147471461019,30.234602775846533,-24.18376379069484,17.798887923776594,-19.564635993237253,14.968203313630173,-12.392936109886218
blues,blues.00036.wav,5066.955692832575,2090.151990684351,0.4172452025328693,0.011278196,-495.98193580601924,-180.8528827152764,-112.70110764217672,44.39800961360722,11.368076211963677,36.50664775387673,-38.27426645899479,28.426081765767144,-24.48177159435967,18.034740028104626,-18.865331621659987,14.113128986513933,-11.19741082950056
blues,blues.00037.wav,4637.461443374804,2042.9745957517973,0.3695171264742846,0.0055113416,-594.4937844442505,-138.17457881606734,-87.76479469952628,52.00828813523112,7.672655447110913,23.26842555874851,-35.74651190338462,22.995567930262634,-16.9443647323218,16.020983334823363,-14.416237678577994,8.184923830913286,-6.356338717492955
blues,blues.00038.wav,5262.186738884389,2121.374426303208,0.43536258942382056,0.0135226445,-493.09320300339743,-193.54539368092802,-112.07690962385098,43.895121473026386,12.725875589342866,35.999530837475014,-41.721303309277886,29.211333404457104,-20.720613594247965,22.885606346043417,-26.2638809808767,15.638412571770484,-13.328343095669887
blues,blues.00039.wav,4865.907878414179,2100.6334628785867,0.38643137023878577,0.00467846,-584.7563266005753,-147.09360926606485,-98.52214609135619,44.42957068230713,12.148291642496455,31.450464632434453,-34.702345776659094,18.404970815350683,-19.85404279982271,16.878553966998155,-14.607464725784311,14.583864656117779,-11.269436361270113
blues,blues.00040.wav,4658.938746658898,1770.8187724944014,0.3764108420340294,0.038871028,-383.54385254928513,-195.909558500128,-113.3198358613353,85.1160548527959,-0.5462380220381672,29.4628493980205,-36.03943167399435,16.30624818733035,-18.90944707924128,20.792488877860904,-18.962168831396866,14.88173842184981,-6.868213338372449
blues,blues.00041.wav,4845.813596206352,1926.4570372694777,0.3969114794808585,0.035642166,-385.57847417576414,-203.75425655294978,-117.2713501532822,67.92481859740766,6.084010171047078,30.958246685048174,-29.72241965112453,21.550013438831794,-26.093738504222866,17.10780691986387,-20.19340029075733,19.094034944553695,-5.27780198902689
blues,blues.00042.wav,4581.609293750538,1847.4947722456793,0.3521451898443542,0.03191144,-412.00207051568594,-190.83708220960838,-104.68176437812717,85.84080888846314,1.7405475746267156,22.018640477745542,-39.62416458189221,22.963242678532275,-14.847688689349493,15.49099327345771,-21.75329768061174,17.31105716489636,-4.546955900117151
blues,blues.00043.wav,4774.818272619644,1960.7220673671864,0.3935833877126837,0.031710483,-388.98552514710696,-192.80206679105981,-121.7117520907756,61.55156196112749,9.536038898461227,33.74533516655953,-31.87328805827239,21.635605184459987,-24.017297065589553,17.327431170618492,-23.2437554988471,17.321078801148683,-5.028435811591024
blues,blues.00044.wav,4641.745124958971,1844.4132463830572,0.371931720683488,0.034100413,-386.870397144653,-202.88609285765855,-122.3601328673135,76.01981320176311,4.005120693208917,33.47455769972341,-35.20927889810105,20.767862609961245,-20.813804923046693,14.33058754077193,-20.803434937290334,20.696157122112556,-5.5873429303669
blues,blues.00045.wav,4724.361620337014,1828.9717236170386,0.3723361671017015,0.019000048,-462.0736753855834,-221.0154800244264,-124.39422023229753,82.67271513481529,3.3054106700994055,31.120459555262737,-35.25692917847297,23.97548478716923,-21.80607080873612,13.432163202130747,-22.281081845334132,20.23044767452373,-4.062816645840279
blues,blues.00046.wav,4870.606899823236,1881.7598973098438,0.4025435185856535,0.01583498,-473.5040587236093,-212.60954017428975,-114.40652942227791,73.27725730237185,7.245510234616177,30.582479833285774,-35.395537711735734,21.01068661075812,-20.940890650683706,13.784688932700302,-17.914906659349153,18.06257747342614,-5.773249494503111
blues,blues.00047.wav,4678.9812948032795,1779.1487463189412,0.38931498634474093,0.023208594,-421.32864845175317,-187.37042736599065,-105.42865409089927,82.9172425031921,-1.6151923439252496,26.52195046435885,-33.930495318299364,18.646954869395458,-19.48611870348465,15.100629690117433,-16.846367035981196,19.219571439278113,-6.073525158622125
blues,blues.00048.wav,4414.784564359713,1800.7832428020247,0.3506935632975638,0.038126785,-380.81858522413773,-183.8397948270798,-128.1979691591426,76.68738339150428,8.229378085493495,29.82731431761105,-35.22602458520494,17.61453312403847,-19.708929209952906,19.405135883849788,-20.05144480400533,15.427282497337773,-7.016225142512334
blues,blues.00049.wav,4699.622169292882,1779.9524625923837,0.39304110474671305,0.009124014,-533.7706366828239,-172.65386179597246,-100.37610318477009,75.04296936719665,0.5724687801707682,30.60055715822031,-36.35155788429855,10.70822066331121,-12.415937821186073,17.926239701395758,-17.67243774281895,14.963911225144583,-4.763121645775873
blues,blues.00050.wav,4201.569143242497,1820.4886982752348,0.32382563261310904,0.0447371,-357.37842784338204,-178.03915924644,-134.93306265834593,73.41730330031923,14.977226724157967,29.423083779087495,-34.45055791318869,14.378372091045183,-19.52550031261834,16.990434271729825,-14.89659469346643,17.526876518266118,-12.482343446055133
blues,blues.00051.wav,3854.7984441102917,1640.6839135783002,0.29348988544083526,0.063234076,-342.854827768488,-186.23036078512516,-153.00390286869467,83.47548878858962,18.046373532535352,20.782787644882067,-30.967179556920904,14.710298427735607,-19.4076268462836,19.50748334907447,-12.81884876412611,16.42256354801642,-18.374662775170833
blues,blues.00052.wav,3870.770192951311,1544.9808659764028,0.3026112661929621,0.0219953,-470.6349255052409,-121.47081992483277,-113.05715334178383,83.42664333830609,8.29556451015025,5.5253265226768065,-21.451882306532287,7.395549462633531,-11.686586626355952,14.723882716318972,-6.410700873639605,8.265695288474776,-8.191044262615339
blues,blues.00053.wav,3927.411396183672,1629.1781351596235,0.3035277848269528,0.06492336,-347.33427016310713,-173.70420181363264,-146.46406493033356,84.46248908434502,13.588497133966747,22.756918624593542,-31.179428085147986,15.034579938612456,-19.176983794096266,15.643520300696084,-11.862035810523778,16.39963388016512,-12.78880929773433
blues,blues.00054.wav,3947.7340813489886,1734.7828160747035,0.29682213118716166,0.06278528,-339.0408171423127,-184.58474351082234,-149.53658307335354,80.94167054219682,20.883167540856096,25.95080686074244,-37.02110743910605,14.9642467267436,-19.078642309612654,17.551025440771262,-13.063787540672735,16.863335504308125,-14.952977494167285
blues,blues.00055.wav,3959.9211179313306,1683.8704358464927,0.3033959904292343,0.05161505,-362.8571685783082,-167.3213324721801,-135.00449771514332,82.70539559969495,15.063968601814791,18.448145771651735,-30.005026623133165,13.407756882056379,-19.930005159295103,17.976642104494168,-11.287032359745897,15.80658827822823,-13.10711439998695
blues,blues.00056.wav,4272.742995441194,1810.6094850542,0.32801435312741684,0.031035574,-419.1922785060317,-175.0962300182286,-124.97704101302982,75.66519258069452,11.334899772736739,23.249190151948223,-31.57866011236565,14.419528539272912,-19.55324067439418,19.89135042327108,-14.384076167725299,15.937514169751799,-13.470330672153802
blues,blues.00057.wav,3913.341664823644,1682.2785562006216,0.2983066119247873,0.049770758,-361.84828980467216,-161.64854422342827,-139.4533215431895,78.7815487745712,18.40082042736175,23.067012686762347,-37.84164246450754,16.84353344585419,-16.477710046819748,14.031371619998486,-9.888520982781374,13.18714813255821,-12.233308285671674
blues,blues.00058.wav,4107.579424043438,1709.5721031860992,0.31944922781322505,0.05072261,-362.01900382569687,-169.7422353305692,-130.04790970723928,81.33690266961865,13.076349845028437,21.1468572276794,-30.354391968689075,13.606553933667978,-22.44693980332877,17.899324896931823,-8.963729313042943,14.78350371076476,-12.6839823196208
blues,blues.00059.wav,4130.339935981103,1698.6387510647016,0.3197524682182908,0.06780551,-351.20699808130905,-180.80204946394872,-125.74398563992874,88.233079625365,11.2425683049201,18.177333660448497,-32.535677021278595,12.780443116245928,-18.877889817812342,21.114280928645233,-12.557448480466233,15.59528673711113,-14.911724562092596
blues,blues.00060.wav,3972.849256968945,1730.5556516955044,0.3006283080771462,0.05709662,-340.66683810266545,-173.25438856979645,-141.5628742649278,78.61654118486585,17.93614215130157,25.767748503027853,-34.41215860332252,13.950317066698398,-20.990406132166047,17.067343834066154,-10.204257006687236,16.570622930067305,-14.22511810700435
blues,blues.00061.wav,4322.827886479809,1604.5774363806968,0.3528993256960557,0.06757826,-361.8769556775168,-197.42143806954033,-138.28140587995333,93.90115114133953,-6.577345737772354,36.432019916355905,-37.486642899284746,22.488770342338796,-20.73211163026025,14.713652633467527,-16.194787310055627,13.974484656908114,-9.568625523288397
blues,blues.00062.wav,4444.383982361452,1697.7858195926428,0.3559260652310518,0.036757745,-408.9810261955785,-175.90995712430305,-117.51619295071114,77.76530718138609,-3.7367402298447976,32.77564587034589,-34.7013941046851,16.54059156304487,-13.791221049092352,10.682275473933364,-9.86731737202623,15.892443663173081,-17.976086461546018
blues,blues.00063.wav,4863.120172698953,1808.4721015790105,0.4043304844595901,0.038816772,-394.91124556886496,-203.24140384838955,-103.28759261083574,78.41024535259571,-1.3006031965104878,29.434339474785805,-37.445054460341254,16.053324051511765,-12.190273781450792,16.775979004170985,-17.255849083922314,15.655840338876933,-14.11997925661589
blues,blues.00064.wav,4497.406658640212,1720.1087440243232,0.3644470073230858,0.04873995,-367.4653845371506,-208.91761849374032,-124.45533468976346,82.82696322011013,-1.2316968155947592,26.642117774150183,-26.337823554552088,12.881426482154055,-14.566157065886518,14.78005496260111,-14.48332147430085,15.358848633904568,-16.062990101875695
blues,blues.00065.wav,4745.96698861996,1821.024937857054,0.3789417476314772,0.04170411,-386.147160421159,-204.36089763285975,-115.18160287352133,76.27139784846494,1.508591666265676,31.53737191275345,-35.91220095280052,16.783306092397265,-15.283956043567471,16.159091987870436,-15.469183446757238,16.968182884386007,-17.290710483374657
blues,blues.00066.wav,4592.536426488139,1840.2166792001342,0.3654873900328693,0.039343372,-390.08100410516937,-187.38013974658503,-118.1105774276462,71.86361485981809,3.041269803495538,31.538912441438136,-33.87897964466527,18.498689484280767,-16.767296010399104,14.002548858372403,-17.156626271144596,17.62330465333319,-14.813905594877879
blues,blues.00067.wav,4452.485370268607,1770.1400677086792,0.35050021449632635,0.04089707,-376.8810811654151,-192.7873919442243,-129.07378192136332,73.01272022605565,0.9194818555516565,30.801637503494963,-27.69611188070338,14.780275391220556,-16.726538110787814,16.5455396017882,-15.408333572233762,16.071743651250163,-16.37893793109818
blues,blues.00068.wav,4661.04885381057,1795.9466397386182,0.3773568161494586,0.037264522,-383.09316164129183,-192.75029731700056,-106.98321232030582,77.19549155155384,-2.069261414848019,23.486684627638258,-27.58515295757884,13.955257005477863,-14.062308078596175,17.633668968667696,-16.131515546703447,15.017984996063776,-16.423708614811346
blues,blues.00069.wav,4582.186401748915,1707.3242323897096,0.3801316735547177,0.04049815,-385.6811306602426,-177.44014686373484,-112.99407306294276,79.0124266515794,-4.669333383190556,35.84813268992109,-38.058563136316444,14.634201516435972,-13.444789595237648,15.49883534333402,-16.03312082401492,17.238159640404113,-13.792623481208567
blues,blues.00070.wav,4448.352974387696,1839.0808184668472,0.3453375749226605,0.030715216,-406.86056470106536,-176.61754389008112,-124.35601846562982,70.98427392119099,4.108284030311897,30.48792963764018,-36.01990801252575,22.995658445969465,-17.74483033017005,12.492496075347056,-13.375548210447995,13.625430138967097,-12.700808711525065
blues,blues.00071.wav,4540.806366328977,1762.7627302869075,0.36229449137180975,0.045741588,-364.48621726128715,-195.78800388881382,-116.96496109951403,78.83159836570897,-0.500353563412132,27.169410136436472,-27.721545756171487,12.378628233655999,-15.409070332833851,16.514580466079142,-15.169278222058761,15.983221994904662,-15.564898253574091
blues,blues.00072.wav,5067.843195363094,1793.2423470257222,0.4367228284512761,0.03190667,-410.5031461508988,-220.07348614135105,-110.69275640061358,65.51736164668048,-6.34247240023035,35.082538892453826,-30.119623687832895,20.30198801030948,-15.527234149358453,12.812459525104606,-12.71054315380422,15.882650309973041,-21.485867407206907
blues,blues.00073.wav,4307.226554853023,1844.0481741232784,0.33174122679814383,0.070170246,-307.27352289172023,-186.10380877365577,-128.5772375433307,75.74358796426289,10.879296717956914,23.761178114319062,-29.869009456299736,17.7971276545918,-19.664816949813314,14.165739411030122,-13.887696758160187,15.497137385636607,-12.380692353252497
blues,blues.00074.wav,4979.055618333064,2042.9317400178238,0.3991655790796597,0.056944255,-339.1071666305991,-207.86083286406165,-116.63759999209547,58.35891937007368,15.707398708162142,32.05869467781586,-37.696400615845846,23.39849238009577,-22.061827748407175,16.761041597220263,-18.43112301480977,15.946738809303742,-9.043350950164353
blues,blues.00075.wav,4527.557853638144,1924.6908243443602,0.35252584529679043,0.062274102,-353.5478580106962,-185.20081785040944,-119.69036052797439,70.48438546224587,15.678000990197273,25.080892133712513,-36.28644907697667,18.572297547783904,-20.792639467224646,17.29184245460904,-12.537595834266499,14.007063602770986,-11.403904808226871
blues,blues.00076.wav,4659.737525168092,1940.0058898953437,0.363322034512761,0.08250679,-313.1328141998612,-197.5540305019596,-114.99757011631813,75.94666378999068,14.985376665255673,24.32268000590995,-38.23772607015153,13.312580289841817,-19.60583219969305,25.942037214952183,-13.358755190247626,9.835076619354586,-12.353956004772053
blues,blues.00077.wav,4379.453148333547,1971.6590196250252,0.3298402153422274,0.06925783,-310.5936450239241,-190.83215983236366,-141.19814695345846,58.73951304999794,18.61704522216246,35.14264990434381,-35.39688132815632,20.967884438265706,-21.40254624492497,15.537018993427099,-17.50816198352763,14.949958078635419,-11.10247561348684
blues,blues.00078.wav,4398.873729774907,1935.1667439807836,0.3392546403712297,0.08031238,-288.6554582290188,-199.08089660370538,-147.58828893019364,61.7946452295831,14.016247227706181,38.9744931109461,-34.43070668419728,21.839169067739125,-23.198034494748608,15.792060367104467,-18.769053359683756,18.014764681874013,-13.356768529529145
blues,blues.00079.wav,4570.188731515013,1983.1903527329762,0.35239858251160094,0.08770958,-290.7487065034032,-209.84191405955042,-140.76292914619327,62.20647137891013,14.152719558301511,35.184410134923326,-33.491282592495146,22.693383272194467,-19.73287853684078,12.29585524544414,-20.33377501308997,19.532388499055855,-14.560639961608716
blues,blues.00080.wav,4042.2619756686704,1821.0419458097995,0.3028015939191802,0.0547198,-342.2152434618383,-177.5487606345113,-150.3163255859759,61.48869528235117,10.948182988515187,33.554840244467904,-27.578012186325125,19.901452297254416,-18.644673197962717,12.652509449337005,-20.098517739553543,16.91612967672753,-9.724869170510672
blues,blues.00081.wav,4024.492486345506,1772.3892090530837,0.30790041328306267,0.083410375,-306.9924015909112,-184.37257109422077,-154.1130315776061,66.46051464645701,10.037353912125264,35.96220197856801,-27.560344829725963,16.914924907784552,-19.280558646162202,14.002875807437093,-19.60491052467916,18.902696339252444,-14.76744471964062
blues,blues.00082.wav,4409.046706726298,1923.6085404195521,0.33025410261987626,0.065871134,-309.509473651861,-185.02975977956473,-133.14692184992606,61.90579737786526,12.67882155667644,30.83306186099334,-34.03043810229423,22.878485007350623,-20.911017452384144,16.48776024542323,-15.188810094937981,9.828530845978664,-8.487360016674195
blues,blues.00083.wav,4443.92135018978,1873.4637724057313,0.33118157265081205,0.07692745,-307.96871900604066,-201.6917421068714,-141.11220993735674,69.28091978602512,8.259762831145537,36.215083606242345,-34.2151880450101,23.790140535186296,-22.28565290934696,13.672680719601273,-16.809367123581787,16.01504187915266,-14.196886604062316
blues,blues.00084.wav,4193.976751317862,1959.5533105891957,0.3008597979505027,0.06834058,-310.2859647148048,-170.55084900952016,-133.5694058950548,62.02621295339615,19.9306734858149,25.69843518963434,-34.30088140367753,19.921126613297396,-16.758825589415732,14.162735384845917,-18.03772730069379,16.714933559770785,-13.317194222252542
blues,blues.00085.wav,4146.93133285664,1928.2907734019682,0.3023597616976025,0.02105725,-450.1230159389332,-139.88895868448895,-112.20639769842718,59.178971448933474,17.534175375804676,20.1237957467466,-30.877819609673967,16.200836082760667,-16.215193634184025,11.275412872860823,-10.610463473635233,10.870577365097565,-4.573397224662011
blues,blues.00086.wav,4298.489748409136,1938.5543427438593,0.32131889561581595,0.013637124,-494.5673208087339,-139.53147120053066,-111.82444151219424,55.24031697575389,18.586955777706216,21.882551263597104,-30.871414456663963,14.468285862500244,-18.18193210987678,15.528388844006225,-8.905721025871879,9.068983954842306,-7.414149177613468
blues,blues.00087.wav,4428.202553018036,1903.9134795605921,0.33753829212587005,0.019542275,-435.79535071676787,-158.3202846416334,-115.725494435381,64.57647689879352,11.154619692819155,26.40390054310711,-34.12015013768207,18.796904760427807,-18.100805477331882,12.407539676686955,-9.702006327490679,11.303396866979213,-10.04096035154037
blues,blues.00088.wav,4001.092011805206,1920.2874170972664,0.28873962260730857,0.009389301,-498.5967939967183,-155.17240034223613,-140.44935226384374,53.27158673365154,23.00896042163283,25.27052431980634,-25.5946541045508,20.268272375595693,-23.899031514629407,11.282703020327606,-15.084567427501808,14.839323079036534,-6.473732932746814
blues,blues.00089.wav,4110.509359823809,1936.0133906935162,0.31283420642401394,0.0024480405,-612.0098003920068,-81.66148733896313,-86.1488350338197,47.73561689313318,15.609260215718475,5.871275228471837,-20.51702952371835,10.887052939038664,-10.969054830654153,12.257890119751405,-6.754340263070088,1.699526089189682,-1.7131771884529445
blues,blues.00090.wav,4554.180985836554,1924.4406582726135,0.3420480018609822,0.019951886,-464.996167786123,-177.04849490723413,-116.56255746562638,66.0312312256593,11.801854412693869,26.325101429948102,-34.972783105891246,22.532305277040457,-22.86928384841104,16.259324596589916,-11.334101095501095,11.040731118571559,-12.052014144725188
blues,blues.00091.wav,3991.0042643856204,1917.6760157993458,0.28554030416183296,0.008641086,-532.8713114064886,-132.99082859207292,-132.34066116947525,47.172017164472294,18.414382358541992,26.837011262877535,-25.648553041338666,14.63366977491887,-15.92601099153041,13.77920623178773,-16.07040898215131,12.857551454412587,-8.719017442357863
blues,blues.00092.wav,4365.822140328816,1967.8594524806142,0.33393905887471,0.005020448,-599.7053468271707,-115.98965347689243,-92.00716081568001,56.918893752068854,15.469609545364564,12.471444719644609,-30.434541966971224,14.191281581096701,-12.531612919767268,15.12402053495923,-9.95048155729537,7.391317484143968,-6.154504925314993
blues,blues.00093.wav,3897.484132202907,2007.0610293620384,0.26900784875290024,0.0016120939,-637.5757352833666,-81.6902493961383,-99.86888998444041,40.26334286929773,21.33477511657248,14.572575503932738,-27.291790796267925,11.606287749480954,-9.03821579800399,9.49224696303633,-6.078981025762767,8.44542862206159,-9.761406242621092
blues,blues.00094.wav,4265.37439173558,1931.582646311344,0.31389422612142304,0.016464071,-492.6349802673598,-153.52475548153853,-115.80724518590861,62.23720894101755,14.656506243532744,20.4408009915667,-28.48522523848896,16.31757770129993,-16.485647793054344,12.938167840152024,-14.06162980146094,12.868260240186679,-7.086355202629104
blues,blues.00095.wav,4340.649217059428,1912.4254731768606,0.3177906576276102,0.02293599,-426.3905000938054,-164.04548887776912,-128.97899847522135,55.99454152322038,9.589268552510548,27.29756836587362,-29.51650441605353,30.354310109087464,-26.087738300666004,12.175045882967936,-10.080809960161615,8.57162990707585,-12.566494607789746
blues,blues.00096.wav,4433.528827989017,1948.8394540920192,0.3446212025087007,0.004067824,-599.7744332428389,-143.25996315658494,-108.58891530200339,55.14941103778828,4.9539227747174195,24.344513667115155,-24.10763959471773,14.170399862802546,-14.881814488383434,14.133065523716976,-16.841870076252274,16.994777215233835,-9.581947218076703
blues,blues.00097.wav,3917.1287264754797,1781.7310084934045,0.2897565919856922,0.023801085,-439.41629678417934,-150.67944471390382,-135.72754512374377,63.38858072003263,20.052381383702542,19.427664653068792,-26.080728329071263,17.863950099385384,-20.609513455488532,14.94636363005029,-15.005116866200842,10.462199586061342,-4.523372930170343
blues,blues.00098.wav,4423.05248326696,1775.3789933578382,0.356261404558198,0.047478907,-363.4476395086402,-185.62547757229126,-126.97055319717468,74.38982083266573,4.598989776765564,31.563640233277905,-28.53730340560999,12.819409672228016,-18.82118514658819,16.23613565437829,-17.607264044038345,17.555988299704808,-10.115481715978618
blues,blues.00099.wav,4053.1292186624546,1671.7952320791135,0.3245336970707657,0.022859551,-440.9846131714337,-130.6901132417605,-125.66318849380866,64.81760466170888,2.6045258299055885,25.800144827373046,-18.705764981948615,5.3882352005659415,-10.731430982613587,11.297975118783604,-12.447337095787821,13.369047362151496,-10.774636837772205
classical,classical.00000.wav,3733.397066345574,1758.4142364702293,0.2728823774651972,0.006549416,-537.6244264413208,-134.98963378774084,-134.8340300197105,58.694816845528806,12.862936586752491,29.469911542633817,-24.201181093760916,11.018888428432453,-19.790269422440165,13.671004989297526,-10.960408013034503,13.500863934003872,-7.543210351628278
classical,classical.00001.wav,3722.6359257001295,1718.3920933193415,0.28126397247196444,0.0036396866,-603.1289336813348,-139.56504096717438,-137.62516004156794,58.073745786044896,6.3250571486101785,33.353543324970424,-23.137677754764688,13.699048772054033,-17.201896130690567,11.586877981383637,-16.52301632092343,12.20462658537662,-3.964710559790173
classical,classical.00002.wav,3813.781465682621,1760.4805282445925,0.28611430841550656,0.0071833506,-530.1390165026725,-161.56335549198772,-157.54992798204114,54.1416275248117,8.823882882379225,39.40007071968327,-20.597018322760725,16.96385646589932,-23.32857019911792,12.385345781945034,-18.3254009543376,16.253807144196756,-8.086637389455875
classical,classical.00003.wav,3592.514498376025,1536.6373251580903,0.28032404050657383,0.006311614,-600.6236355798104,-135.63032598255353,-142.1791282028544,70.18655104202307,6.782638095727646,31.29361140077291,-23.510977825413647,3.9779479767137382,-12.413247174026036,13.698871853652955,-11.513598128426173,7.014167000992404,-2.7507013499670903
classical,classical.00004.wav,3705.1872825733353,1712.676375012888,0.2714632274748647,0.010708752,-514.2745229083444,-136.22945732335964,-123.32624486465022,68.40440699115392,11.376514078587189,19.35583146773147,-29.524613284049448,11.878086899804295,-8.075817133055468,17.266309756143688,-18.98021395519339,8.370738175968555,-7.478250591694025
classical,classical.00005.wav,3606.160639527249,1613.9144019903968,0.2678772114269142,0.008268816,-535.0636690664139,-129.59313307697363,-135.02844507528914,69.45995528128212,14.88887667967631,17.33115714794271,-25.217219549766252,11.099379929393535,-12.31410015937318,13.567271753103036,-12.490184625989038,10.47365330812475,-6.270981813025312
classical,classical.00006.wav,3700.235983011203,1676.8496887363451,0.2741315919856922,0.0063916733,-560.2964391628386,-128.70037928571134,-124.30214784294475,70.07056558621844,12.014494905607231,16.62387209116623,-28.025541720636028,14.184605262137744,-11.204757772066252,13.782751738243624,-14.825116690476175,8.71919434147218,-6.015152025372379
classical,classical.00007.wav,3656.8809379545587,1631.3003731005351,0.2797130280839134,0.007226996,-554.7425686477699,-123.40846076057623,-128.9545071945637,68.68783459618898,12.198084378893018,16.793225616644445,-24.756574476571,10.295631452345175,-10.40665448790466,12.86598005485849,-10.412537339392161,8.466497422551699,-7.279177563038829
classical,classical.00008.wav,3688.097340879269,1671.77538635056,0.2709020627900232,0.006764949,-553.8173199473725,-131.87283816372414,-127.13987101963389,71.20531123387843,13.057686263122239,15.405111995537368,-28.277055873326603,14.294171209030582,-10.49852354580017,14.233469071115994,-15.637100296521858,9.91266011636699,-5.6198790769728735
classical,classical.00009.wav,3942.787741187489,1726.215356188064,0.30117436738689096,0.0028569908,-641.4063117379902,-144.8823111006047,-126.54072509568843,67.24683065018577,6.395131613469857,22.08461411247618,-24.799077955257538,13.4577757523328,-14.376177056819827,17.402543887771195,-16.373641528087692,10.607165073203491,-7.657602866706254
classical,classical.00010.wav,3708.0975807269765,1667.103041066912,0.2832235172563805,0.0060449643,-580.1066260686031,-129.69880688154663,-129.65146833749344,66.7101138450815,11.886049639769118,20.405986218847385,-24.9547991814193,10.482897717850582,-13.051536528437262,13.759223770954257,-11.782786920251564,10.107790204460446,-5.929012935381439
classical,classical.00011.wav,3342.5032096854134,1630.7740195409142,0.23826010247486465,0.0016398736,-694.2954438614863,-119.68445718129938,-150.39845826734938,52.96967594848962,19.239185708487966,19.05071174072986,-20.547846235415648,9.654041796291416,-11.406854397927502,15.478187137216281,-10.228126224293266,7.6003812166817974,-10.593150683932057
classical,classical.00012.wav,3508.480783276144,1643.3509671658228,0.2543201372776489,0.003178568,-647.9900798766025,-124.92924792139524,-141.2287620221623,61.99761139482319,13.539833574012523,17.896583552147863,-22.808851122609894,13.565759073268053,-13.142222223075603,16.439743694593552,-15.07716634799163,9.316208351537476,-7.103507839875084
classical,classical.00013.wav,3542.1390449496666,1630.4679468935585,0.25555613459493426,0.005285633,-611.7790771496394,-119.50804500377212,-128.8786365395959,64.08504205943919,12.902665285775303,16.586055160179164,-24.14909404018969,11.454962414422752,-11.092200014095624,14.16489445564091,-12.385915614596051,8.652872279989003,-6.898442469394049
classical,classical.00014.wav,3438.3202312709946,1582.4838758561089,0.2512514803267595,0.004580336,-594.4681386699262,-112.08193494951976,-136.6792416181751,65.97935870287702,17.14319178349607,14.430223652088605,-24.52613733061716,10.37728134838221,-8.511746161249413,13.97432995924186,-13.330779845321821,5.816372638644954,-5.919976490974361
classical,classical.00015.wav,3743.21131049392,1774.152352988156,0.26756943940931943,0.0015078128,-710.0928811826041,-128.48949996840898,-118.83971256114536,63.17882689389981,12.462510204833476,13.619586179291108,-26.36026205164609,15.538368031374835,-10.526272066261356,15.042068388582992,-14.613385569918306,6.412034407111794,-6.440678014639017
classical,classical.00016.wav,3949.777299365373,1925.1176599441035,0.28129607139404483,0.0007533643,-760.6892429342691,-127.8956286894053,-117.02460417063892,52.961408966963276,16.4486251068748,13.93743681674093,-22.239751556353596,12.774148951604916,-8.493977765779887,11.504306518508006,-13.565476545839106,7.052616228115674,-4.46641228684176
classical,classical.00017.wav,3593.689808656669,1738.771757674087,0.25875922938418405,0.0049679,-596.8066777869768,-128.17193217798493,-148.82017243888868,48.59047975578068,12.702827539436454,26.811509476528634,-21.89549303175997,17.749178007475425,-14.590806291681703,12.015339735007526,-16.57763528545587,10.99404055478572,-6.4224723041893235
classical,classical.00018.wav,3509.906999050909,1712.5182986106383,0.24246657180491105,0.0019164389,-696.251472384003,-118.16993305185403,-130.000976627326,57.903658083409034,16.76348565043715,15.102291039555103,-25.780691889686537,12.754739397602616,-11.057968750508092,16.36205304009834,-12.051679732559727,6.532715800052281,-6.4935551409303525
classical,classical.00019.wav,3865.5383476627007,1808.9843988638488,0.2825316910769528,0.0009468844,-750.2315157009946,-131.3700990059269,-120.42777975729935,59.25933641421813,13.713341442804673,11.629431837459718,-21.344693016153833,13.207483097836565,-6.746160459858066,12.954013176472543,-16.031233602428703,5.756701269321032,-5.237984037004984
classical,classical.00020.wav,3460.485506228247,1625.3895946180207,0.2493995613399072,0.005386665,-594.6611779855474,-126.52549756662373,-149.65879807118745,57.474566027717565,16.535353664171673,22.204820142385962,-23.999558402410983,13.696362004022722,-12.850641700209644,16.775909268912777,-15.712387752584007,7.931463593024098,-8.39402591054639
classical,classical.00021.wav,3525.4969279272864,1634.8752825944123,0.25714219898008506,0.008342,-549.2269363933642,-113.10304198826124,-134.77992747330057,61.673758360996224,16.58556144692229,14.177594547637971,-23.910381365700868,12.758678291997047,-8.346399391155668,12.915500786668002,-14.683738581821316,7.570764889878166,-5.511650463905553
classical,classical.00022.wav,3510.780819071026,1691.0632529668792,0.2577747365622583,0.0066501,-562.5621927121533,-119.36877934697836,-144.15504998579965,53.20362460609665,19.953511674132955,20.794564834651965,-21.515675373230202,12.18762603801462,-14.769790004062743,12.663150803616494,-12.111188989592247,11.571251174839745,-9.437936489556453
classical,classical.00023.wav,3820.0693439283586,1872.6877852023536,0.27766436158642693,0.0017012646,-706.0840228086375,-142.897625378056,-134.26531788236895,48.165412703322815,21.43571914239225,17.939107925083903,-24.340790782677473,14.58263521063248,-11.567298585601733,18.790234559399885,-16.024132094727126,6.15492084078963,-10.363460609004715
classical,classical.00024.wav,3499.6270161361513,1647.1167469485674,0.2601666727088167,0.008987994,-525.1421291744284,-140.09862318489883,-163.7162093052594,52.16548949291771,15.131890922093367,28.351723391442206,-19.89001065269557,17.479090417250788,-17.787715619553317,14.081817346634628,-16.717275888218023,11.044449863286905,-9.647018291560045
classical,classical.00025.wav,3424.6335931399108,1637.030533377883,0.25157775642884767,0.007275238,-526.6712434111645,-136.66075007758388,-169.32908116265457,49.73603239051942,17.785530833020324,28.887386175963034,-18.264717222829848,17.74140443543225,-18.886741536285903,11.936023113772269,-16.81029843567686,12.808261851123026,-9.754169596075943
classical,classical.00026.wav,3406.601120460332,1639.6357983121977,0.24174302433778036,0.005805195,-583.2134362375604,-98.75421447680992,-131.17834386499953,55.341342980612666,17.453581653967667,15.303510989520088,-19.369110731132903,9.017392553143202,-10.233395403074594,11.799467223378945,-11.697648560717592,5.164369142021856,-3.375700770862398
classical,classical.00027.wav,3690.876425846623,1831.4049049814496,0.25723169832753284,0.0017677484,-677.4775719291385,-134.84186448578563,-146.69046640681754,43.928931966945676,12.965681826552194,24.004480795974985,-19.25215496357486,16.07752205509385,-13.45860964470662,16.173613603940435,-16.15294048483072,8.903950608321919,-9.763826433023182
classical,classical.00028.wav,3469.996727369014,1626.4417847957568,0.25386206677784223,0.009767357,-514.8615330543342,-120.5302059724423,-146.72366537941235,58.200887170943965,18.05844031454349,23.191954885292322,-21.636242778881858,10.14346220114046,-14.926282904315265,12.952836645348532,-12.700468486849106,10.126677573579629,-5.464413139569508
classical,classical.00029.wav,3617.9751296392164,1671.738402327272,0.2630253649458623,0.007884911,-555.3746593956603,-120.036869296767,-128.31706092276977,62.55954760989856,13.854549502481735,15.659642813802357,-23.238696989773725,15.266976044448182,-13.386456485847965,11.986151710551757,-13.840544731342181,8.882085822174949,-4.165187485753999
classical,classical.00030.wav,3442.312420559207,1574.6066452472207,0.2570206007105568,0.004597807,-597.1719204234242,-117.38280650230065,-142.1362266499775,66.0552475247253,17.848284138099945,15.226646987145159,-24.6733918364779,11.861619878850089,-9.371129931246303,13.407254090945615,-13.304031355545789,5.3676280931577205,-4.344630268825745
classical,classical.00031.wav,3621.0909755507746,1763.0160042938599,0.2601330632492266,0.0017423984,-667.5194491829166,-93.81911111315615,-122.08514534983036,53.11078378721206,17.53029733331347,15.843613845051944,-25.057247565065015,8.983867275839538,-6.1325635486825645,10.818470141170932,-9.456142037259848,5.282018031350033,-3.8232601080611524
classical,classical.00032.wav,3986.870294003296,1958.1986732125554,0.27792039769431554,0.00029426924,-813.8729535079977,-148.43658891043808,-133.86406625599446,38.55732909633602,13.920647357415454,20.390345119689396,-15.662176899828298,10.818031447451672,-5.285365881266855,8.069623171337781,-10.012141874987867,4.795080161299195,-3.6021073811108235
classical,classical.00033.wav,3599.194157301822,1687.4009430084604,0.2662684889791183,0.0014187599,-728.1241880768351,-114.58685215471647,-130.93913230186698,60.842442587050186,15.571115039630383,13.215195913970666,-21.68902090354287,9.541770132717751,-4.332981675617161,10.374891722552377,-14.625257110791807,5.913276503113414,-1.0950790411891218
classical,classical.00034.wav,3515.48652076785,1569.600970317784,0.2692740809889791,0.0067809974,-576.9239418715697,-121.0982398468591,-134.49420053215408,67.37048128422542,16.207535064477433,15.195058921733775,-25.185246884674193,11.468171154995948,-10.03237640755187,13.290603986376569,-12.047172147479431,7.14192444694157,-7.0894166803799985
classical,classical.00035.wav,3361.6165435450707,1574.171134131454,0.24530222834493426,0.005374908,-595.8103143518338,-88.87456094035,-125.49135590253763,61.4105069576142,21.94086194900362,9.900188872520827,-23.798420333130572,4.756839519863614,-2.429024151210086,8.239199015737512,-9.517753541623815,5.638341718508958,-0.4874062294687162
classical,classical.00036.wav,3887.912211830508,1766.7106708789659,0.28678951868232794,0.0014461636,-704.0099215701014,-137.33420417057897,-124.33094794360936,61.7885996804054,8.905951276654372,24.206021024495957,-25.624145527345142,8.577168102433728,-10.740061696724407,13.674830830279092,-9.621349132886806,10.31179144614352,-8.173150462186499
classical,classical.00037.wav,3415.1160351375106,1514.7841583371453,0.25973352607791955,0.009941687,-534.366141651807,-113.95803518946266,-136.04698804704847,71.3503190080612,18.92896940037209,13.478552206466322,-27.651468226955444,6.6787811099289085,-5.929314007350769,15.034484373188516,-10.670460980538005,4.440115740125744,-3.924624592128622
classical,classical.00038.wav,3344.2111111313193,1530.674902733094,0.24889692998356536,0.0077795354,-556.0605077177752,-117.01020432618189,-149.6646433069566,64.97110426460027,18.9520132796058,19.29050094027115,-24.191568350767067,9.386463881538267,-8.93758270100528,11.59512770482062,-12.796489498354394,6.620912839746444,-3.3327141613915257
classical,classical.00039.wav,3873.9029123945234,1849.082930913108,0.28834914866105954,0.002535536,-666.347699923946,-113.31709817408287,-113.02940619699672,56.992861925446164,15.562735577750097,17.732376527076475,-26.491887736712965,8.093664202761563,-10.857872395281824,18.8816430575552,-13.635737019114487,3.869302631435667,-2.433463778242155
classical,classical.00040.wav,3670.1344054215556,1703.9401263529694,0.2670498145059938,0.0031339799,-634.5342836167127,-134.19324987146015,-139.06545802693267,61.355598182215786,11.635339126810177,21.282318730076117,-25.9366929798495,15.530862150176661,-11.224993396082349,14.942219163367678,-14.53184517902539,7.703086220587298,-8.590199781478743
classical,classical.00041.wav,3437.4906465130744,1613.9273204446608,0.24827874250773396,0.003591519,-632.9047396479896,-110.4328556546418,-133.64183666448724,66.57317675972362,20.098361478174162,12.7619290736275,-26.94897531124731,9.74645125358058,-6.539954477099619,12.809203652241003,-12.605138433308609,4.5276755525804875,-2.096198623305211
classical,classical.00042.wav,3356.779824631238,1857.512125666077,0.23030337645737767,0.023986204,-438.1326869030359,-130.62187986340015,-148.59167467916384,29.949009990507705,36.70018855027232,14.388266583210907,-6.8702491904301395,-1.6389849771206357,-3.1955113602983967,3.4078138309245687,-3.4893587987316934,-0.8021680926489205,-1.505336982223479
classical,classical.00043.wav,4794.2027390110525,2596.9279181779934,0.30343035515757927,0.0050239554,-540.378847810812,-151.70015617449266,-106.69518446152102,11.092652699918704,34.16807670417796,11.081690168441009,-6.217842017744892,3.0760162680579795,-1.013163321931115,-1.1158995277926826,-3.378747046435707,0.6829118606131448,-1.8411171782270492
classical,classical.00044.wav,3714.8945840322194,2079.3946969369513,0.24782180491105954,0.0022114315,-665.7907657036625,-124.06560762135129,-110.90240877135197,38.30700304328118,30.149259093922595,6.2166148387860325,-6.757717452466038,-6.189248494386518,0.7483873894758775,1.0819482546083647,-2.2726367374326966,2.3085338436131932,2.2199970706290033
classical,classical.00045.wav,3998.8804762139616,2279.3152338511554,0.2519027944711538,0.0124709485,-465.5338703891671,-160.35251947638866,-139.78363546131905,21.273617407822872,33.72047835284586,11.503199683407617,-3.494085796019854,3.148016771329285,0.1375011212547602,-0.21506013481363087,-4.795510966183494,-1.0808497565195154,-2.1927455947560577
classical,classical.00046.wav,4049.449134627066,2067.0138842315946,0.3007555708623357,0.03191965,-360.46476666147754,-174.26368624876386,-131.81723706994694,44.81404311453106,33.53818540875527,16.506770526608886,-13.536596414179657,-0.9081726924443806,-4.439866591246449,-0.5754677224262491,-1.0252535237264169,3.5183350786657104,0.42263112717447204
classical,classical.00047.wav,3849.4171548577137,2156.7722311788093,0.24892449729311678,0.0011072775,-719.9842575500523,-149.68661213509722,-130.80951363125203,35.82184821194614,35.2709878398155,8.249377588476486,-7.211177684179008,0.15314491214345505,-3.1522483274661726,-1.2368023281174751,-0.2986916968069359,2.552624799253384,0.7412311281190718
classical,classical.00048.wav,3919.9242904277626,2066.4642907632337,0.26679031937210645,0.03380379,-409.021056330775,-156.800690196053,-132.21793627732916,35.55971390290177,33.85539883018958,14.278746108277309,-7.955254482401603,-3.1318492363433257,-3.56891037601252,5.16418517310186,-6.243651788886084,0.1133059699670923,1.9661359118515793
classical,classical.00049.wav,4476.158809889595,2264.6432154635213,0.29920907507739936,0.03252295,-367.79777896426936,-187.42069815596983,-116.72463466198897,44.28656422799409,34.656930431939614,10.573024426480924,-10.727394523853436,-2.53351173562439,-4.216455492307547,0.8595980214368797,-2.1080910310854133,3.814192561213666,0.1433470382305909
classical,classical.00050.wav,3841.4588672193495,1963.9266706521187,0.2699005764211137,0.0008380233,-737.331000806914,-159.23540469181592,-131.34154389287983,51.690755709053626,30.166880095593633,4.467459897593977,-8.033060503353882,-0.7559421109321608,2.4596052547109384,-0.18995949039307536,-6.522871808356914,1.020244730972691,0.49671156397796373
classical,classical.00051.wav,4712.181970586478,2236.1545732278996,0.3633753537393576,0.015930088,-492.032538208558,-161.29600481116975,-104.85036388678883,35.23378079710049,25.1823039701325,7.671440167606576,-7.575992941431031,2.6096534859526783,-0.36571739579225804,1.5153464107081183,-6.3012578165623125,1.3480669351959726,-1.4333200473523826
classical,classical.00052.wav,4723.500300445367,2314.442858936307,0.3541523165603248,0.0164779,-448.4540724397422,-189.48106612641075,-106.79611663954616,41.036927658903586,31.412205007355134,9.605989508428765,-8.9291872275621,-1.2052675486322104,-3.204742020417601,-0.9971694869634217,-2.401374299826109,4.580469610674766,-0.32748368965356317
classical,classical.00053.wav,3613.2720917989773,1789.5204236152247,0.2595007818468296,0.029181534,-409.0932677389689,-157.6579998065404,-155.3926239860093,42.40058229579818,28.777275089418616,19.88516779520835,-6.543453145415194,0.1347508329381466,-7.642683483999933,2.449094387759745,-3.5026472010208973,2.200606752623057,-0.1460972477489708
classical,classical.00054.wav,3368.415626564402,1654.397195294853,0.2415037576103501,0.06391719,-370.843781809865,-148.3444416146999,-137.74221386099404,58.20640133177742,38.29016534040738,2.2642031711687727,-21.771682681901346,15.080220665551137,-8.555657669505317,-3.1930073636536993,-3.3029905076506303,13.755307389607783,-8.807095237243745
classical,classical.00055.wav,4081.752553847475,2324.8305165089932,0.2641982973221191,0.0006131099,-778.5902768383171,-146.11165118379765,-119.44755008270035,25.5782503930806,31.066443386669793,6.340816878872709,-4.588356560476438,1.4034559905659953,-0.5110306878236035,1.4782149653959196,0.35978630840888837,-3.5334267239346966,-2.764867286494226
classical,classical.00056.wav,3569.536430327668,1762.621868705793,0.2635531955295139,0.051169895,-362.43867987115306,-172.02781683118187,-150.0898904824757,52.076359708578195,40.07095229835303,1.3696485558517784,-5.3977027519371905,7.712605724922272,-17.082478960945025,2.3825947772301657,3.901824540288832,3.8933147454945947,-7.0787280766736655
classical,classical.00057.wav,4240.810597814947,2291.6264585659615,0.2810275733517015,0.0038578128,-603.363169810709,-130.77296524684937,-92.25564119916261,41.15092054265818,26.57401716875711,0.8561815069693998,-10.745544365912624,4.0220682543283255,-0.08341843330107647,-3.40249907797885,-3.1356133434850326,3.0631579144227405,4.4270234938770505
classical,classical.00058.wav,3993.179554389711,2358.47005575875,0.2457686068010441,0.0032704663,-630.703492178926,-139.52098760420296,-113.94267925475168,27.60627729272903,33.84462403455757,6.6321477416776915,-2.0424258967008666,-6.100499379353703,-4.332409051864361,1.5132485352320957,4.6197531588696865,1.1699917270938134,-1.5514984761624866
classical,classical.00059.wav,3671.9590137615246,1888.2418517956426,0.2591919983807038,0.017761867,-453.6262913611964,-130.55094658069558,-121.57324602252434,54.46999948342555,29.631019316301263,4.64271349956151,-12.092432210246855,-2.8573721658361593,-0.09836154373910329,0.5513001927830172,0.5434157689986246,-0.24817305264389353,1.0826970284132553
classical,classical.00060.wav,3970.4928247282846,2083.4327858237743,0.27593592904098996,0.019622346,-427.1160657041134,-152.20587584294591,-119.58607698977268,47.77180011965531,34.19550106511507,6.731821265897871,-12.401163456537093,-2.566011387698196,-1.2233756193673377,0.9080303445570866,-0.9131967004293258,0.9554485267340521,0.41755660246709875
classical,classical.00061.wav,3810.8891857232557,2100.518776043693,0.25416908352668216,0.008377006,-529.9324491749551,-117.03966377478366,-112.23376008859591,43.671503213000854,32.64967006535215,2.428128695865017,-10.312422327665345,-3.4512660933164776,2.0737620764759437,-0.13687650229558973,-1.4482259020386923,-0.591835310245548,1.9640108384671753
classical,classical.00062.wav,4179.040709702909,2296.3544693944777,0.2783807340003867,0.008282909,-540.4803504738904,-102.78531255795916,-93.07593972065986,39.74878928966108,30.936125205850885,-0.7349746864531902,-14.191020327856508,0.706196734477544,2.4398585444168823,0.0704949447095356,-0.7806593407346085,-2.2802442784050654,3.1199566584990253
classical,classical.00063.wav,5605.018739882573,2792.8537512935345,0.3924146093145785,0.00027839182,-782.4030952994549,-159.63563758677304,-85.98317820352288,6.768019062054517,28.05220282941034,6.688016077921684,-3.1297365377539546,2.173148061517869,1.3261240964544867,-3.180864470002742,-2.79124345973144,1.6243366382116602,2.3632020172879202
classical,classical.00064.wav,5678.179580488996,2662.367583599278,0.43250465245552977,0.00047370448,-768.0552173384434,-143.21836203116086,-60.24768461010352,24.68774886025324,24.820615340277417,-0.9499180850187435,-8.767062532570469,-1.369026745180932,2.4385293514241586,1.4247252710703298,0.9627735150319402,0.5847533746145004,-0.7775216112165753
classical,classical.00065.wav,4978.878509309019,2625.939561733586,0.3456510114559165,0.00093859236,-707.1195456443559,-114.79650731093207,-82.49904194918777,14.442662837934378,28.342396578183227,5.298446112676998,-6.804924704199743,-1.1626497214368656,3.4655275711927174,-1.1869353475173674,-3.2616138667228407,0.9137415348615685,2.7127224792142934
classical,classical.00066.wav,4946.834638608661,2655.595374202821,0.32680063623839906,0.00087316317,-715.1158125645115,-119.51742298378927,-82.0465249708346,17.979394345397765,30.244719248162536,2.8820344291172577,-6.964661897883173,-0.703632509875319,1.6357635582619776,-0.6398252783830437,-1.7849309964391398,0.8260054966118274,1.463170410871307
classical,classical.00067.wav,5184.713030170478,2485.763984461962,0.3951426400570379,0.0016213455,-691.0968254613123,-112.54692441664068,-69.94806385429048,24.798774348488426,21.710084348825212,0.47561431493781453,-7.268153849598325,0.4854440823760577,3.2897108892141604,-0.9761218943243443,-1.9488473301549591,0.9392663599995438,0.818919674018242
classical,classical.00068.wav,3650.1796439337563,1897.3383499095992,0.2566724218145785,0.010692267,-504.4440293772467,-153.2926509841447,-136.03329155553263,47.48953287240851,30.917739881746428,5.77224866240527,-5.6641866018595195,-1.0206062275525678,-0.6067882935074282,2.198471169248615,-4.894949334745063,-1.4508597864140877,1.4920129707325016
classical,classical.00069.wav,3616.133529029324,1889.0502782458625,0.25056985027552203,0.004332285,-595.2960647061883,-153.25014808057466,-132.402037649853,50.56203140691477,29.27028854191497,3.478698056015448,-7.002994008599105,-1.6856036801252645,2.3897811571660563,1.8201979287048766,-4.826780288688753,1.3255029877697622,-0.8557630672621365
classical,classical.00070.wav,3789.224902946312,1982.1175283966184,0.26720086825696054,0.0051347166,-590.9925766727337,-136.5232837806073,-118.55624325523502,47.81510338000059,28.798487637639642,1.1518011291494297,-6.571850130396681,-0.761845288463378,0.2505302441373791,0.6461055646306921,-3.26341541738516,0.39546106331252795,1.7543694403031302
classical,classical.00071.wav,3637.5383794081563,1870.8051642694043,0.2568661482501933,0.007999308,-535.1038767292772,-131.82203387573378,-122.00645002065032,54.15091745577662,29.38620027084531,-1.2479920570288,-9.510500980186885,-1.0580698197359264,3.6911480209876664,0.6623915131606212,-5.684447556171543,0.4394627833744633,3.004822158253567
classical,classical.00072.wav,3818.534758566774,2062.5764041739153,0.2553420159029389,0.0032500399,-623.298920994413,-136.71953324922916,-110.83972573515732,52.396497986762576,31.17870710904408,-4.098964632778536,-10.478728994775349,0.608277783048332,3.2417271922914823,-1.618733227881553,-3.0141515992309293,2.2304590441342493,2.1555878706458325
classical,classical.00073.wav,3510.5776554530944,1856.014932796782,0.24698307895881672,0.0050098267,-583.4303330827354,-126.69480588379383,-132.61994212933712,45.67873938838378,30.81293559879544,4.3142451160384825,-4.905978973327104,-3.5208983252096813,-1.3827069447596498,1.355986663205712,-2.103613630115319,0.6683281481918087,2.5148889592851598
classical,classical.00074.wav,3671.7461611014955,1904.4184511692688,0.2606594855713457,0.0057002185,-564.8032042976985,-141.2287132427296,-130.8133535668184,49.33732479915319,30.784244773414752,2.495222678413318,-6.792278981667794,-0.5702535228779513,1.563478069725497,0.25877648705871964,-5.470494275933649,-0.3556490931198409,2.4493986941359998
classical,classical.00075.wav,3600.987536512001,1888.0252014053758,0.24963369465390564,0.0021090747,-679.0016794987852,-132.80513983025762,-121.36611587423175,55.67901776169877,29.862420643254744,-5.278168194899657,-7.769976287163411,-0.35759044649103583,4.688489710939442,0.46849114474631337,-6.182843057311468,0.807551632901715,1.8195910783890539
classical,classical.00076.wav,3613.9648707779506,1866.6558764017802,0.25782873827822894,0.008626127,-519.6323037614073,-147.44381449039162,-137.87672149583182,47.66953644367322,30.946698533844618,4.365628559193001,-4.914624358657781,-0.9966136614459788,0.35427109802092266,-0.37489405201246645,-4.415726325899507,1.2256285483275242,2.410155650287967
classical,classical.00077.wav,3521.014018902748,1856.2050393141608,0.24145753274845322,0.0007735053,-785.0333127266509,-94.19704945149178,-125.55386259559522,44.635195007811284,23.944251529357686,4.4581189419262035,-10.885173959149839,-1.1310652089891884,4.147582222223756,-2.73679411378152,2.744338598902507,0.8885350923760899,-0.5896181920285593
classical,classical.00078.wav,3872.423062477208,2088.2484548184566,0.2585670134860789,0.0001696158,-869.6799654390636,-124.3029530975741,-122.29832690381996,37.57209865786832,23.903491101608786,6.974102729934521,-4.862295524695363,-3.000440153315406,3.700925091914169,-3.900396371586371,0.6467632338636773,-0.7152149184687774,1.5656127946012284
classical,classical.00079.wav,3341.0704068236187,1797.4434449527191,0.234236408183488,0.00076861656,-763.5257896562622,-102.06585372336002,-143.71937884369802,32.09781436124352,25.08647933580329,7.934008965653963,-7.2528255980721195,3.0829765276784715,6.020036185199387,-2.743107961818898,-1.4961084715438853,-3.4738284514590982,0.3473001421715964
classical,classical.00080.wav,4358.132183043945,2299.71414206295,0.3148938243184455,0.00025275338,-840.7790715745579,-154.64379636687204,-116.80760885762383,39.65051159398042,32.28591071456973,3.190919531521505,-5.583803136824301,-5.772532480348049,2.478239920247799,1.4693803118411417,-0.929495224572104,-0.855950790454792,0.9539964317162526
classical,classical.00081.wav,3769.505411801543,2164.5292678167393,0.24847322421210363,0.0018834188,-664.059742244757,-157.11286293460935,-137.5691720400711,34.90591650502351,38.83582274258472,4.10453496090911,-4.34630433752637,-0.08132179488891704,0.06086926073468421,-1.5035012308141178,-2.701133184084309,0.3248147338070253,1.079158450574178
classical,classical.00082.wav,3543.183287252327,1844.510637595172,0.26103258833623355,0.008778388,-527.2898671914357,-132.28429127194994,-136.2058843680764,45.51145586914998,31.809067740939014,7.27516405514605,-4.5656404148166505,-6.174709593074465,-0.7597553488122043,1.3490711673923235,1.0013683385495993,-3.034417182080606,0.4073077198503666
classical,classical.00083.wav,3342.334008365129,1901.8036593146405,0.22459653543116784,0.0028448743,-638.8715345856837,-106.46952920817343,-142.8140484242272,29.846823656156204,31.59430725129114,10.670640977849791,-2.8612844402675983,-3.2682746482512948,1.0254913056188668,-1.9409238631794865,-0.18491171166454454,-2.170142282402987,2.166795686011335
classical,classical.00084.wav,3321.7070556282306,1795.1672116729405,0.2329195971094354,0.0020583882,-672.2929997257064,-125.47466929511161,-156.19929888947036,33.19695823307389,31.533328106191956,9.594292051998933,-5.743065244545937,2.7644355093388917,1.4199997290311162,-1.2247468459922564,-0.44787819645960253,-3.3820790622121266,0.8748966462417391
classical,classical.00085.wav,3686.504725755306,1914.2901568658108,0.26239886951372776,0.00802482,-520.6536943733994,-139.0428520242059,-140.48615592565767,41.535488598389435,31.66958360018399,12.370788773952015,-4.316013524421973,-3.6680980003022534,-3.196530972596054,-2.7483918248898163,0.6825711185588228,-0.4296743969595314,2.968478667711262
classical,classical.00086.wav,3686.084884333539,1882.1751330632394,0.26636063176720803,0.005434447,-554.7178954612026,-122.500895347393,-127.24142769668728,48.49380809733188,28.271334089348525,10.293763957748345,-10.78861520463754,-3.8623770219700932,-1.8139808344010575,0.989731449314793,1.496579340752041,-0.8574910637271174,0.6879681987491723
classical,classical.00087.wav,3541.51308734442,2035.6189419854459,0.23965961547757153,0.0017000783,-688.5584040987709,-112.673153010268,-135.592659974351,29.91974159667256,34.51181391545663,6.539185991872571,-4.765760625710564,-2.1159039327993727,1.821071394178923,-1.741727913294755,2.1452680411222462,-4.439562923122912,0.6143382146813114
classical,classical.00088.wav,3568.3574890899267,1883.7156619470547,0.2549968580819799,0.0044053555,-576.0432232748879,-131.56459332229159,-139.43890770865625,43.459464834221556,32.26794302906261,9.509550346351816,-5.559457311717092,-4.0392610069037875,-1.3857940150896286,-1.0453923221896035,1.2954751666158983,-2.018138748341905,1.3063777434415251
classical,classical.00089.wav,3817.4686408615544,1738.7228585841856,0.2724911482501933,0.017133454,-507.9217820740456,-144.67083240664294,-106.62283657037742,79.89649734459972,5.475075489188048,6.064022198253609,-34.50744552744186,24.494776261468246,-3.423914043372167,16.125682529411076,-24.307717701239408,3.633891175993973,-4.870917229063209
classical,classical.00090.wav,3883.822520970595,1687.1571852196337,0.29443548192188707,0.0094189225,-568.0400451007398,-153.03259423527146,-120.91487870950472,73.15221670829465,9.46458075481699,20.273572053732746,-29.70155207896448,13.353596417351431,-18.217192155493105,21.809822978351654,-11.796455103155159,9.779813799954411,-11.503509127447831
classical,classical.00091.wav,3874.1811947282945,1723.7586608816653,0.28172959565931943,0.020480685,-469.38137380238703,-129.59254059693097,-104.07214053457287,72.93609661688106,7.928381822050302,11.583900116401034,-29.58250601908773,17.392059433760796,-11.921490796990037,12.763401324571317,-12.984386770279555,10.875656699087209,-7.763385132156828
classical,classical.00092.wav,3283.6501734967756,1507.8432016233505,0.22911757419760248,0.030377232,-491.6682692593616,-86.61358991900131,-90.56372817095524,68.32627689999563,12.122719826133897,1.697194452186814,-26.439526486427127,3.8732973955389864,5.18491766812938,13.68540997392468,-17.932406746955667,3.298792210152776,4.452401683029572
classical,classical.00093.wav,3634.1793495249435,1805.1779041172867,0.25921352354021654,0.014987574,-469.8936814265745,-135.13544296196736,-137.00510261584904,56.19354749789239,21.86198753582666,30.612467935140472,-28.882293481718207,6.759815894810492,-20.291960453401366,17.93402507493442,-7.901828522829333,12.250618597016857,-13.191920561010013
classical,classical.00094.wav,3834.218004622493,1743.1518210094366,0.28743980508023975,0.0030005279,-637.9377022012122,-124.00290874363256,-119.42926491487421,67.00055132927396,12.974273071217517,15.103756423243617,-28.251883685741912,13.668040209608767,-10.644353797051028,15.864077639935047,-13.349470113471849,4.716295890924797,-5.693423464954458
classical,classical.00095.wav,3745.006478379471,1671.3524784632784,0.268061874637471,0.0043181498,-666.4563478332367,-132.56567641873164,-110.2746899331717,74.41337416653268,11.638937225871699,7.199107489243187,-30.001617872801113,17.09745752673464,-9.979806232484137,17.307933613400987,-14.03556021426144,6.261530993219562,-8.468998528956487
classical,classical.00096.wav,3661.9472423844522,1630.7899987849185,0.2717219070233952,0.019576613,-459.3546782339477,-145.15298072258432,-139.89558311052625,75.98559370634912,16.61261493475058,18.44305508761264,-30.87722468478004,14.490119751416561,-14.780060336891971,16.950957447432437,-12.887280712709781,8.806832141303705,-8.69978035749593
classical,classical.00097.wav,3841.952559094173,1851.819004621462,0.27415311714520496,0.00670187,-543.7198154628308,-130.50850625875032,-115.49457867556497,63.55922685762346,17.156670599392793,18.008207446409234,-32.41605271143657,15.434999656386786,-16.826475690256554,17.5106204218584,-10.326625641938639,9.236730022615204,-9.851426618957197
classical,classical.00098.wav,3892.100640908921,1735.9672466783366,0.28978982381090485,0.012026513,-518.6944931712969,-130.83067591092234,-107.89350607062714,74.64303370831378,9.43290711670652,13.587572068181908,-32.687239193343906,13.130994534487915,-9.122308115237534,16.78010288052757,-9.729461200841254,5.931167844232142,-13.44109592710689
classical,classical.00099.wav,4136.644091479318,1844.3098293735666,0.31868678400522044,0.002045884,-668.5088660227109,-178.1534412199175,-137.102982686823,60.14152166226939,11.027770464210676,31.841965590774524,-27.78258509270165,15.252076150602417,-20.88083150908653,15.419234540428727,-8.04327432671736,14.92070335506142,-18.587129402598332
country,country.00000.wav,5225.134140625297,2493.407231424128,0.38412061149691357,0.070599355,-303.94309093156335,-230.93969714380938,-106.08656855886426,42.133827547431196,40.21612213136566,3.692996771762344,-9.656358209587953,-1.6967942000618021,-2.87270874753775,3.95491674514027,-4.6326708808365655,2.332199643514347,-2.5506405036814646
country,country.00001.wav,5127.7312757664495,2436.3123995104015,0.3712077955819799,0.078853585,-293.56627061771025,-244.27157900881235,-114.80412013593781,41.16890314566941,37.569365718553826,8.889231912220934,-7.585448783796425,-0.2973685570373555,-4.832676966539055,0.8829012017885377,-4.737415664629647,4.93529374917338,0.7249266856177534
country,country.00002.wav,5064.942101180742,2388.008437758132,0.36456952109613916,0.02936826,-388.0402428997219,-206.30412875886617,-96.3025333804939,48.15065259155041,36.42199999810413,2.5360929207637173,-13.655728820368013,-1.1388798724186728,-5.198961108591392,6.939597259667905,-3.8111045704646425,4.091513640522037,-3.8428911339065928
country,country.00003.wav,4383.974926206478,2166.723021521456,0.3169995948626161,0.06133039,-343.4484002051992,-211.67893384822122,-124.57664876403182,52.640069671446525,40.855108709332676,-0.5145276543252814,-10.13409742939418,2.018725632128894,-6.284887169653344,6.3707798997966885,-5.3655123596097365,1.58651200564227,1.4770510538254074
country,country.00004.wav,5171.803948669088,2390.518145533255,0.3929753259239551,0.06928651,-304.00087832436566,-241.00337678095363,-108.81045653107516,45.083501315642046,35.04973429265741,6.127721907608264,-6.648595362025281,-0.22476433719250866,-4.534406266736812,1.4308687091201027,-6.186190270138852,5.018290275974785,-1.7088930363839006
country,country.00005.wav,4972.118613740558,2383.0862392044883,0.35530911238488105,0.07239253,-301.3410266113291,-232.9924044596971,-112.40697464248504,46.600871711403386,40.49138953059146,4.943276379580252,-13.92981674451238,2.9998691223274907,-5.060818662529474,2.5992405215053176,-4.036426717890386,4.116349103846438,-1.948443943688602
country,country.00006.wav,5108.234357078106,2446.5609238307766,0.3869066654313313,0.0697401,-309.777155913671,-237.16754000516835,-112.87230143915201,36.88972662738946,44.106535752008774,5.287871882710337,-14.721936749215429,10.723040973271528,-8.165697447877447,-2.3640412452781328,0.03674748150653678,0.8723467294901591,0.3254602709861837
country,country.00007.wav,5331.552368311063,2417.435646841404,0.41056856799051855,0.069798894,-306.20394131139415,-242.0307976367211,-107.07037876851464,38.48398662426306,38.446463880520106,12.714365397846894,-13.762067223042745,0.6965654001886823,-4.849405668942312,1.8127512715540084,-4.890765107149763,4.370594402347654,1.5050389963073099
country,country.00008.wav,4861.829812434727,2244.4078299037856,0.3630297682151118,0.074959986,-300.2416820951296,-224.159367374204,-114.64110422544822,45.79386861847972,33.75350895633037,14.780175699209313,-15.40973251182355,-0.3867706111516343,-3.445691253440042,3.3653529696467244,-6.854880395805838,5.346494122814474,-1.3949068345296403
country,country.00009.wav,5328.578808168271,2470.6187878684714,0.4086435577015818,0.08949513,-264.49559566538977,-236.41501137401883,-103.6046038575309,45.181202302859994,39.29637629851195,3.8402175832167957,-11.057311745102874,-0.4662473332472288,-5.07712148808543,6.246723619454999,-5.414683662540692,0.6045269732414794,0.5279893646810389
country,country.00010.wav,4463.664380740634,2170.7647939377966,0.319474529316512,0.013983103,-468.99721299448447,-183.09667643745053,-107.16923851780051,54.50575010943246,27.35487758275636,0.9098202056142507,-9.206424877039753,1.8586708946588897,-3.152382126321076,-0.10828960674218364,-0.07051431936600266,0.7796364049059823,2.6883727830100415
country,country.00011.wav,5400.254760210221,2533.716235108164,0.3635742942768755,0.023470785,-445.6803512056407,-198.40462650948663,-74.83445777827988,44.558665282176875,32.91369339791005,-7.41029680887842,-6.156532496506734,-3.105684461358294,-3.466308334401052,9.938385051429147,-7.260935200321023,2.931602316891808,0.7521336620426533
country,country.00012.wav,4497.541040474852,2265.1174463554257,0.31868074185518175,0.016785214,-431.30745614058833,-188.7817725980231,-118.99064806917686,41.71495571254447,32.6579385962909,9.951953809236429,-11.709911712486031,2.2466085005493452,-1.6088135419705132,-2.4040503084196208,-1.7432149457885044,2.1167194641957625,-0.48527319723313306
country,country.00013.wav,5276.230752250676,2584.7183288205943,0.37581040337393656,0.027135715,-395.02406768401954,-208.21423527697425,-95.70334655890387,39.792922678314206,39.63714857471129,-0.21315479506049653,-6.475724364624597,-6.079711712578958,-1.749641226286383,5.678746550811787,-2.033265200935607,-0.326108725806944,-2.3825996580154634
country,country.00014.wav,5785.953551551324,2647.676348306532,0.437952028349768,0.024252277,-415.30312484555014,-241.40263324267545,-102.6321918790477,26.87092204428554,37.652845211830574,8.212202595442504,-1.675352818531027,-5.174187362599287,1.054037114393814,-1.533706553847708,-4.788964493108217,3.6940808863796732,-1.2542977360940315
country,country.00015.wav,4489.200058395536,2048.7362245099025,0.3367369519769915,0.024671884,-399.01210810443047,-191.1458295706494,-114.15741445574491,52.414366870382125,21.994375534372438,12.524822295197131,-16.88898349474526,9.95321182498833,-4.492057224016229,1.675002293293207,-8.678739595568233,0.717916802670598,4.047667992975278
country,country.00016.wav,3903.712287430301,1719.7826980767452,0.2983118988060712,0.012937114,-496.6648603496598,-168.72821369033977,-131.5528541261983,71.74129700419584,22.444785113344754,7.604840071278512,-15.877739546616203,-0.2209139369428532,-1.8739928636287257,-0.43356112578511535,6.7270232777298125,-3.4508603241063764,-0.08472410939059648
country,country.00017.wav,4522.302177423907,2369.251269003987,0.29605704393851506,0.013209582,-470.4360289831894,-186.9433002312445,-117.68803445210476,36.10365820656112,31.85706993784817,6.488632284772049,-4.717379362113362,1.3042473072445673,-2.1617294428518066,-0.04599701492414103,-3.356878836949013,1.6657025322442969,-1.4308329476215824
country,country.00018.wav,4657.551806536616,2494.4484363281717,0.31480545787412995,0.024008496,-405.01644152881045,-189.08614114594178,-114.29648531045544,36.164445449567935,45.95291548251652,4.020119412192872,-10.415402275771715,-2.7528924577357565,-2.7776251039436373,2.2016425811574614,-4.69732853949216,5.221939962050485,-2.0914071701100387
country,country.00019.wav,3765.718466563002,2045.8849334586116,0.2576588028083913,0.0135295205,-512.0269611692262,-106.59162073821206,-114.41268014744813,46.84276835313696,39.595734835451516,-7.972039887325561,-7.153529963003965,-2.347935509950888,-4.924382080541284,6.300318867794016,-0.7704272861505833,0.4927770974651481,-0.02162728869268893
country,country.00020.wav,5208.596276933182,2140.9407399163333,0.3973759697650812,0.026902629,-431.6749407870897,-215.2836563644543,-85.35978436739158,52.843907929037805,20.25991272163261,13.282296803141197,-18.313614818476164,2.966730237623073,-7.550678581565947,5.191225238947111,-0.07741669912861608,3.4482950766756537,-3.2483780668257407
country,country.00021.wav,3673.5381028608786,1924.7169729779882,0.25748735680104406,0.010063474,-500.6100241450218,-147.10844969786203,-140.89006766390338,45.84051397829852,37.20458763780095,7.93076395112638,-9.914762268625875,-2.604110768976867,-1.0877861260907944,0.48888447424481196,-1.8230314860192176,2.768888777286078,-2.187610124812422
country,country.00022.wav,4428.230412147837,2260.119680622649,0.318202656733372,0.01573649,-473.4579474169832,-184.4551531695736,-109.59124116839537,50.72080789649798,37.19780111441417,-5.304183329070666,-5.0294842077308415,1.9401361349541464,-8.662767147849177,2.469937218438151,-1.0707112283500053,0.34908278852716623,4.418595828782859
country,country.00023.wav,5619.928832268802,2630.685086415688,0.41470032446345706,0.0029546004,-608.6661471019175,-161.59080052279367,-64.9096486070826,33.860073181977874,33.73548419688994,-4.316732405063196,-14.807534639831866,2.574105600507283,1.2960600707629064,0.8326333189545733,-1.3008472491635412,1.7023040876744702,-2.3434150890991923
country,country.00024.wav,4199.8651611893565,1998.3894473386226,0.28445196188611754,0.02434996,-453.89061264068334,-160.11182917373023,-98.655009113385,63.668999009764725,22.163253215232203,-0.009501633951199089,-16.52496528945237,3.6358005239543423,-0.5885633739340125,3.297776859425456,-6.89344045775803,7.659948897763949,-2.78399925963473
country,country.00025.wav,4503.981722014196,2282.106612638355,0.31475938648008506,0.011895043,-447.9258788451945,-141.1218751440257,-90.82923209835467,49.10755876381646,27.649031664120052,3.257247328810575,-15.929617171607836,-2.9221870390124547,1.1955005708384823,3.845061238505834,-0.9442718092549156,0.5034291016491423,-3.477117789874908
country,country.00026.wav,4200.162413090477,2190.309910756245,0.28160950792730083,0.013425325,-475.6974087763163,-150.50415214882932,-115.09214505282911,40.583938306373895,33.60595711484843,4.175875457951312,-6.74634729270242,-0.0930021790210676,-5.366429873373883,2.1046927509503113,-2.9662998666711875,2.2968270528975974,2.4866854643555727
country,country.00027.wav,4187.408422397246,2159.799482305108,0.30098441729505027,0.033335783,-374.9860974602907,-185.13000921160986,-128.68542242884308,50.60637994227082,38.94298118188904,0.24669291207349844,-2.2309186886768875,-6.107400958116421,-3.010703858657084,1.0426845626296455,-1.0113434030772357,1.9544279686841093,-1.2404005175903732
country,country.00028.wav,4134.1879000167355,2207.24673696163,0.2880013473994586,0.014201044,-456.79610420718103,-176.55719443744192,-127.881911263217,45.28647779016154,37.71536613843207,2.4900740607896874,-5.900937644408932,-3.263349845395153,-1.8509397211719816,3.4801351005166348,-3.516999747967395,-1.4706533432833349,5.260781374481246
country,country.00029.wav,3813.221620746406,2017.3804232241766,0.27387933222157773,0.01544886,-453.72575753491316,-142.15054892378242,-128.02808452736483,46.73059121710003,39.169491752292394,-1.7930589368298349,-8.862819860168884,2.09541495128306,-4.632260165924354,0.0923048332625991,2.877753527139408,-0.8911528045056797,-3.6925400772405417
country,country.00030.wav,5326.758682722685,2545.2582416203923,0.37146949620552977,0.004723165,-569.8180068908065,-189.44640479027936,-84.50773897406171,36.47122292496127,29.949338424496982,6.288165850172474,-12.245959041264047,-3.9649702227380157,0.6838715846068005,2.6752967389166415,0.03360883247060707,2.8201880080711925,-1.8330412224222015
country,country.00031.wav,4330.438498957832,2167.0981827975143,0.30848763473994584,0.026247319,-408.8150153499514,-193.69479985045876,-126.05399139350263,51.29996758330735,36.36754243152471,2.2084386566340086,-6.155420210459988,-3.256265827205331,-3.314921988600714,4.4393355417946925,-5.181332439741806,2.802683448809486,1.017820514570564
country,country.00032.wav,4628.981413507631,2141.864954857548,0.344170307062065,0.010689031,-489.9473622823302,-169.06747451274805,-87.00318411427101,58.83547474857813,16.77567501263301,2.7596576011905753,-10.41374792397414,-0.23749004681542668,-2.669159572484699,2.461336907797798,-1.84735212569881,3.2502218857297476,0.35356892667213957
country,country.00033.wav,4677.527383684813,2117.615503819558,0.3452261727813225,0.039438713,-384.47906368361987,-185.34813171265165,-91.27924171015215,59.48776536704735,19.3045740204351,3.5827640085171675,-10.367344928523657,-3.6531274599381676,1.3593221901289538,2.397612509558803,-3.9447140794128166,3.3784884543337665,-0.5287479565037909
country,country.00034.wav,5055.983567914187,2528.645303811352,0.3554498682811292,0.023550265,-412.8517660351345,-189.66011292357226,-98.2662581098961,38.447889155706655,43.112538056461744,0.9536062318238758,-11.842010652932588,-2.6883122213991792,-1.9975159213142155,-0.6584015020995918,2.454125408104391,1.414843586881626,0.330741310918983
country,country.00035.wav,4793.7568902661005,2501.1195887140752,0.34059524241105954,0.026420185,-411.15988316136975,-218.38917879791867,-124.56675070217736,35.48767259112997,48.90661828592827,-4.044149826674626,1.7678604477666249,0.014284787263810191,-14.720949384616029,8.565596813755612,-2.0169344368909847,-0.6218733908599144,4.035232994488041
country,country.00036.wav,4340.3349991646965,2029.6224501407892,0.31667852438611754,0.005899889,-569.1424675491534,-142.50090555905598,-89.34464743050103,65.99109595933872,19.16564956386249,-3.2934418775126955,-15.769536105275558,0.9734525429956307,0.6116875376763883,5.225036405425563,-2.688083573147785,0.7637977931067899,-2.591431830543676
country,country.00037.wav,4864.791041585789,2549.653205148233,0.33589331677784223,0.0144792665,-457.9195908548855,-201.13544153964585,-113.22286292745169,34.78007083119998,47.80173501003869,2.7350686955247223,-10.198939168242337,-2.3560109876059747,-4.136481963928258,4.806022267771753,-2.840894949024265,-1.3734504865492063,2.198098824230784
country,country.00038.wav,5505.00550985419,2553.0153134009656,0.4136878866976025,0.025362033,-398.09605206465653,-225.76014232327992,-100.00187694053716,31.464251735487142,35.495013298076195,9.799029154337402,-6.073972384506152,-0.6310929604020705,-5.912866546709156,-1.306340189107583,1.7497596721046738,-1.893351043594016,3.4845196496373907
country,country.00039.wav,5571.640255355994,2466.6990506266266,0.4161300482163573,0.050103318,-338.08213714486453,-225.28734375659718,-74.39808829044138,58.099888979045495,30.908580224039923,-5.810793556613107,-14.448198640277429,-0.4074109276018854,1.1179476048551995,0.4736663273100307,1.4632913359272777,2.163007080017118,-2.7163950974423945
country,country.00040.wav,4797.453653133677,2370.17711037188,0.3445030029485692,0.03230845,-387.5899181382874,-220.42577382466828,-116.32127761137444,45.47535949845741,33.5098173954436,2.0688766304267903,-2.2848577638469765,0.9646171738296544,-3.9235381561794798,-1.5534168677838316,-2.368370336411203,2.3606080366305617,0.4477020065339999
country,country.00041.wav,5397.399329162534,2658.413201378334,0.3909724236272235,0.031846292,-391.6058801211511,-218.6090986669587,-98.59654202862404,41.95255294509139,45.63979394732956,-5.963580267196213,-2.515497040597067,-3.7875925451464307,-7.925628506138442,2.205715711068207,1.4832350023792336,2.0184160674112754,1.4223773542837412
country,country.00042.wav,5180.0704380678935,2490.664949271536,0.37640328934648104,0.026105272,-395.36058986189704,-234.22915577835124,-115.04187238841936,36.972577978978386,38.960729070079665,13.110610425987657,-7.108335559948877,-6.3476121832227514,-0.7001155647847197,-0.9109219983086974,-6.571568866651102,5.932722636388163,4.101832070435399
country,country.00043.wav,4684.401018580849,2405.121575434581,0.31709090112625676,0.031811107,-371.8585680980544,-202.34674744810448,-118.82043909603692,41.88076786454331,41.104178540724185,8.531741612889649,-11.033235744739883,-3.0357144850409044,-2.491612919779043,-0.19325038723832064,-1.528077421302389,0.669006298906213,4.496664933265635
country,country.00044.wav,4779.375993348422,2651.175670913323,0.31630240054621034,0.020575613,-440.17634858545904,-177.76415478539198,-113.43771350068694,30.32171730869098,49.07144304912412,0.5258147867692681,-6.743770379892483,-3.7542840597123144,-3.9783540482005564,-0.2174833220146564,3.514084716907314,-1.0418928065104636,1.2573549222997382
country,country.00045.wav,4905.217020526707,2476.7411126288766,0.3418546530597448,0.050826754,-330.2081566875865,-213.7747749101617,-112.39669657706183,43.40580896252649,41.92750548724131,2.312032744868595,-8.463705629747018,-2.822671226466239,-2.9797244839987362,2.0406633768625158,-3.8313133986793804,4.591187642188335,0.3818166450322888
country,country.00046.wav,3863.7621767933447,1690.4101355452262,0.29519377175174016,0.04597373,-389.17252475760375,-174.60349678467213,-126.48921968878966,79.56842284200542,26.538467164642263,-3.5137176347587253,-12.253244627201163,-1.6995068184268305,-0.7532757621684361,0.6538467908225697,6.585535388086361,-8.285635266446851,3.6361093354143996
country,country.00047.wav,3894.5945647785156,1818.6878586437558,0.2913853290554911,0.026266241,-429.94120343993234,-162.60323555560677,-129.3194868199514,63.300926088903076,27.058264179363977,2.790724386491447,-3.2838389378463226,-10.068637591448013,1.0348406343572227,4.471097575712865,-8.005311570405865,8.609393638369284,-6.408478714389524
country,country.00048.wav,5092.56385476109,2568.9201939021227,0.37047027564288476,0.019101914,-430.5646076333635,-195.39016464784422,-101.19738896858473,37.82375583826031,36.77612106620392,-3.800001083451948,6.016577841183277,-7.154911255106368,-8.434903061774785,5.017519320954417,-5.7627766104381974,7.52678663366144,4.378901953667021
country,country.00049.wav,4044.9992896859962,2139.1108583359014,0.28311740199632635,0.027276773,-397.90032116439784,-174.02034735265826,-135.4843935895798,39.07411672733652,34.15493801645601,8.500571382113275,-6.310586887800477,2.656491182970979,-2.7678319515323966,-3.0448466831965137,0.5801635167705916,-3.204283145215392,2.377010261559052
country,country.00050.wav,4391.170191342473,1879.3177465350113,0.3368423119682908,0.020790504,-440.32082698814935,-188.6984236081237,-140.16551936032613,62.5107292737229,8.18092605048728,30.979735758506738,-25.36327496956773,19.515185109109975,-22.299621011649222,17.373928729173247,-19.112162089322215,15.496380356770072,-9.097065642436526
country,country.00051.wav,4127.143930507323,1861.9843036617935,0.3091360329659706,0.013926518,-491.8005766330759,-171.2993708824767,-137.83598325398515,66.72168322081265,15.721351509315637,25.17590806176418,-30.8132027191711,20.70817796466177,-24.03776484266445,20.342369291483397,-17.145967351342566,11.81155300377713,-7.205268794254056
country,country.00052.wav,4289.838262008865,1871.4226289894307,0.3266729958188322,0.0061134654,-559.7008561073237,-162.60059481394882,-123.57921901824086,60.76126011979401,6.80338474410147,23.1130736960356,-19.906307493170836,17.409774210544175,-25.128053953361192,17.9847498587342,-13.172105742743911,12.543477370414177,-7.3134877401755665
country,country.00053.wav,4564.82440925017,1917.4524363424753,0.35936631440931943,0.037191708,-379.74823566495166,-210.18342273196922,-138.82898775566042,67.39014451148515,8.956525503281965,31.832955187036127,-29.50776783007985,21.339070112849623,-22.874339349661245,19.165894444816995,-20.16614362027824,16.158843532107966,-14.027805082882884
country,country.00054.wav,4565.760144561786,1917.2661348052725,0.3457775189723511,0.016819062,-457.6790402662177,-179.22235049387345,-113.41584926409783,69.73122274244894,8.857099706237953,25.609744513620214,-31.479929145404057,17.217618646030616,-22.356758908599367,18.405758026835123,-12.712569162305133,13.619424276616872,-11.191527366412828
country,country.00055.wav,4427.987574116181,1976.4631915857153,0.3334976042875097,0.03222917,-379.5563257292828,-189.6420097055916,-140.66927000792793,56.19446937936059,11.433824137950173,32.567788943038636,-26.797199808316748,21.555848635069804,-22.41250726303242,19.38054642360539,-21.662697885287876,12.766777164212442,-12.105184026942089
country,country.00056.wav,4540.412332296647,1975.470552303256,0.35121243293213456,0.02084202,-441.0601534213474,-163.0529433459813,-108.5640011375593,63.93518603455811,8.747498652728531,20.03488963132012,-28.617937453268706,16.483479338657105,-18.731635640524196,22.837118792636776,-16.578273924684904,8.866196305476853,-9.313917558823302
country,country.00057.wav,4303.408364033933,1859.434852797393,0.33239075792730083,0.026883686,-417.44190634546885,-168.65957863892513,-125.35439269850325,62.69916505982579,10.683698390597689,22.74224179333799,-20.884230216588413,13.280115456585676,-19.983736533013097,18.44398907973895,-18.9536948564194,16.937826270397366,-10.900621290936263
country,country.00058.wav,4621.177139865622,1908.7596550615463,0.3687018138534416,0.030444529,-399.43714040494325,-190.85217285027917,-128.2861950896326,63.581790970896336,4.9710573610010735,28.782014948778112,-26.02994319562964,21.26440584193207,-23.15475018704716,17.62528193633334,-13.910867665326125,11.58002355552911,-14.41916911711332
country,country.00059.wav,4803.123243294551,1974.3942084601508,0.3691595067188708,0.021829203,-461.06054832137136,-164.765319283182,-88.3502444123009,65.52275546521744,3.2878553778380426,17.135670218525036,-30.920095054223385,21.747692073116024,-17.53664247236752,15.239366665492323,-10.895548772320161,9.489451682957418,-11.271253937254343
country,country.00060.wav,4623.999365533859,2022.484862942339,0.34823252005993816,0.015644403,-474.04192567969767,-174.37652644387796,-118.04807072988794,58.90727320233507,12.298005895912294,24.82572640367567,-28.60992654807767,21.245418986570147,-23.09387806039242,16.83451840448388,-15.84806773725044,15.397370618154154,-11.551453223943943
country,country.00061.wav,4535.736217146393,1975.7173302371282,0.34362122667730083,0.012885732,-485.72562498930546,-176.04130864635752,-125.47541688491181,57.12710587600257,9.87747725556376,28.722912086089924,-28.41767164886755,20.533990912907843,-20.109887516516547,14.739989203990374,-14.741414715745337,13.366416261829656,-12.459928364188695
country,country.00062.wav,4660.389232058873,1951.8565510148499,0.3671663524748647,0.031710807,-383.37226454068804,-194.32264986565391,-128.67839124370104,60.963993620801624,8.21955009270355,33.1797543172877,-30.072992629184604,20.942770527701033,-23.33265202085492,16.994749745504695,-16.14377195706071,13.842133697084082,-10.941612036884047
country,country.00063.wav,4612.980922146813,1909.3037590048725,0.3476486973124517,0.020290721,-472.205909177572,-171.01284004141866,-106.32261310090419,64.23222915251125,6.837494255365672,22.306233521432556,-30.895227781349387,22.35198161949114,-19.534642437379325,14.316775736974538,-13.524835705366089,11.283125144390207,-8.192598436482568
country,country.00064.wav,4251.7040709767225,1910.156706160965,0.3101730169663573,0.01187362,-501.71868524948405,-161.17807819478622,-125.54404099577026,59.4677549883485,14.221579553096333,24.920925585506662,-31.92804718486241,21.695422306325884,-20.774028859494223,12.970827747362014,-10.685055381318655,13.753800368473028,-11.371866202221877
country,country.00065.wav,3696.038799119674,1687.925708034109,0.2743222973462877,0.008015241,-546.1304446800712,-114.00407229603209,-135.63012782178922,57.960694559912106,13.288068772538065,17.570207348688353,-16.182007575075403,6.34828686008721,-10.334653207688682,11.73764250747895,-14.133207011286714,15.414539472417113,-10.264366411364003
country,country.00066.wav,3803.2201601338656,1735.457200707148,0.28033536953789634,0.03458928,-377.52159395499314,-147.24124993206973,-150.72339755020172,60.667422030309034,16.37175229263926,30.445934921034226,-25.953976982251845,14.133972380535942,-20.53233578775333,14.71912258862295,-11.94699322279602,11.298276368387494,-9.397276789550412
country,country.00067.wav,4083.54715182127,1910.739885891789,0.3075031419180201,0.0037098802,-614.2055125500566,-110.32427867985903,-112.89275433868424,48.17748951035803,12.764512645910623,14.529549438417096,-16.052728464887092,12.972967677142398,-18.753218123776715,15.700023438302395,-11.329362200026575,9.59291895867035,-6.86869700819902
country,country.00068.wav,3827.260277200658,1770.0598175371222,0.28119750882153904,0.006315415,-528.2737734893358,-142.73801966569684,-147.973066614586,52.93179114384431,12.685317437482663,27.329928468224185,-21.118817905311882,16.313532892531512,-17.69283137468778,13.174102148886575,-14.394959780142893,11.965540003706556,-9.53577417922133
country,country.00069.wav,3758.3053583875962,1694.8235647880708,0.2690924388534416,0.013692344,-486.44402610031926,-134.31950364665798,-120.22492771076782,72.13698694182284,11.108990333355475,14.092846622036816,-25.423424047792196,14.174639774133698,-14.717893216224883,14.635069711924475,-13.077712004606447,10.752235032862307,-7.745264151254019
country,country.00070.wav,4200.447921791143,1776.2982626136313,0.31846171391628,0.034860313,-389.7523249085048,-180.27107272191236,-149.46864935239176,63.94378384002621,7.745471573479153,39.18482614882506,-27.449339976075958,15.820943495567374,-21.199625456787665,14.314054951640497,-16.874017271180346,16.233969578036497,-10.298447020427124
country,country.00071.wav,3648.829003201335,1684.7417400074974,0.2730228574535963,0.019828063,-460.9361273004413,-110.38248914981376,-132.39047948964534,55.406064523472345,20.273553515514447,13.028018638445634,-14.358387328222205,5.2973207891938054,-13.355766157502249,14.676601312685454,-12.207388058969473,10.92636038840498,-11.164880981189022
country,country.00072.wav,4174.320028203824,1827.3097184508442,0.3142835671645398,0.03229532,-388.028964893156,-172.48843761260508,-144.72829278912798,57.85261237191482,7.028289267549989,29.230329452804032,-18.1343845176536,18.19858659160532,-23.66067723018749,17.019247467542993,-16.273627603977094,14.882318807307808,-14.703308425283659
country,country.00073.wav,4112.496284534164,1807.9710981643852,0.3184534059599768,0.017360121,-457.54432686062137,-166.4468106246702,-140.35233535232842,64.51570035793414,13.44792967878808,27.954767676747622,-25.020889431774428,13.663748366667022,-19.63837255468236,17.53615830983133,-19.777664380631595,17.684912258138947,-11.877409186091795
country,country.00074.wav,3966.266580197241,1767.3969707022957,0.2983330463312065,0.018811107,-478.3949393637689,-132.56741915736808,-125.5946349594118,61.55975486387831,14.314875806258312,20.368253132108666,-21.051000571703216,8.39383194696893,-17.789514746085157,15.92972452483314,-10.447811305658782,12.917239736126538,-12.247557336958941
country,country.00075.wav,4586.292364801993,1903.6178836067684,0.37005525546210366,0.049080495,-343.5845732293544,-189.75653247712808,-129.7618704939441,59.951345194021506,8.288091665435838,39.69797001906435,-28.729392599126896,14.737266435955464,-24.0438273516428,13.608624191039436,-13.842001591043475,20.507197411334772,-11.773432703059132
country,country.00076.wav,3651.1645126558,1525.5734327722298,0.27429170896171695,0.02819164,-452.6163326391935,-111.20493063589645,-126.39743892853329,68.98134561105005,10.961858301561527,11.786405429334994,-16.0493626297079,7.20572067538223,-11.021893482019735,9.98600055076375,-10.41290431891385,9.380942867496136,-5.556563801730179
country,country.00077.wav,3666.302893863775,1654.4621241722384,0.276326402987239,0.027671676,-414.5328717529826,-153.323986015976,-168.80698039189878,54.71470557198454,11.673353157819452,23.451385757445394,-12.267071822441975,18.69071334120325,-20.7217290396712,18.529383295427213,-21.09944462209589,12.61713264626299,-12.70747265278709
country,country.00078.wav,3913.682233951676,1700.0595169862665,0.30730110752610207,0.0064049363,-570.6099616691766,-103.0494668195156,-112.62459455497623,59.98253419771794,7.547475881578957,17.75069632694983,-18.966211711691926,6.007810889593772,-8.414365092849103,9.21272066118978,-10.475672567934513,9.093974297396464,-4.333955885765313
country,country.00079.wav,3870.350685073443,1853.020797893056,0.2710905023443542,0.010926179,-511.87020107638415,-102.4878825734667,-112.4559005079318,47.59740470872185,18.8817598392555,12.751328793951068,-19.249204178901362,10.72799855823969,-12.675394454014086,11.8051204705079,-12.368284605842165,13.091933441005093,-9.506590580066653
country,country.00080.wav,4583.189310908725,1934.9831693945205,0.360876096650232,0.03729243,-384.5934969744053,-185.5564441121355,-129.10486480777777,59.45418590789787,12.95967142805033,29.57721659440138,-25.070449238650827,17.474672757522008,-27.568159893915162,21.266717087273303,-19.68371092370952,19.337950416089644,-11.508352302656489
country,country.00081.wav,4347.494123885313,1942.7765628464565,0.33342283268078116,0.04431581,-368.52545703063515,-200.39617649443926,-143.95222797017382,64.55676730842133,18.888268306929515,28.159149878779,-30.75953902423765,18.478368449602826,-20.912691894697428,19.542589065631955,-19.96632981742438,16.89686945234238,-12.734019307383013
country,country.00082.wav,4482.337866291734,1938.0118880178989,0.34873666195378966,0.045756493,-361.95379131034105,-207.51506785596905,-138.73895481492306,67.37729520554507,15.149232243855867,29.089840483760884,-31.087979874716567,18.555922718802325,-21.869565740457052,20.490820316325767,-20.886064347825435,18.97927675973228,-13.521468486956085
country,country.00083.wav,3985.3588262665485,1844.9152060106371,0.29328482997389793,0.02151355,-444.0497404416497,-164.06013843826756,-142.76419079387878,60.93020721785522,19.48706411657588,22.715943315030636,-27.46094734325844,17.571458221705853,-18.215577095040352,17.23009835913429,-18.533195176841552,15.247270980008626,-10.963538473220629
country,country.00084.wav,4152.98265510985,1856.418825543232,0.3061972822409126,0.04584143,-367.32132745617,-190.5071836702955,-141.36469334021638,71.51333931363222,16.77093098081773,23.604727545043573,-28.712898547077778,15.271611548961596,-17.484298773102772,17.27880384817058,-17.801620339104804,16.315224327042156,-13.031419405017921
country,country.00085.wav,4068.4872262687945,1834.7985218117785,0.3013590305974478,0.027791409,-428.8836207644177,-167.3214464324602,-135.00290360176137,66.13589339626904,15.159411798405896,23.857126140940796,-27.71975398138919,15.432645162469402,-18.986981911581832,17.69944533056984,-16.62041960876773,14.251921544813255,-10.156306848719835
country,country.00086.wav,4295.599510423256,1904.6429855488161,0.32006703765467903,0.029634003,-411.7868886403872,-191.43050169021538,-135.21205995113186,67.6657364871863,16.335805653541335,23.82230722583169,-28.391130202065455,15.50248324214846,-18.50645184091247,19.181592816133676,-18.31547874469671,15.703232358768766,-12.503868424637652
country,country.00087.wav,4048.4737409354616,1879.0899536111153,0.29725716598994584,0.022693492,-438.83027374953826,-148.9745898359133,-122.30386994182258,63.81426522045579,16.742562153044645,19.459601651541814,-28.61144253339148,11.804704972221609,-14.436543852006183,19.0862763298443,-15.697240047345009,11.435932702074167,-11.046700109613502
country,country.00088.wav,4257.189757545103,1900.9218523550876,0.3210515304766048,0.027147807,-408.62229936035317,-174.37565382904634,-128.83749919420626,66.43705446938134,15.864791442546387,22.69820662527646,-29.946903442098485,16.89117598335495,-18.372176320074416,16.151046232971844,-14.488518747462397,14.82535773859561,-13.157146116973642
country,country.00089.wav,4078.3542149586765,1959.2605062611717,0.29449552578789634,0.013996052,-487.44967267945617,-146.1368595389836,-126.81536383524876,56.46566872481588,20.12427812373535,18.783155040378976,-24.541993361403232,15.05071953948454,-19.553945775744182,17.32814351287848,-16.574100946318506,15.010624618960431,-9.249173299333629
country,country.00090.wav,4030.991256320971,1810.862054383782,0.2975826868232792,0.039377283,-377.0682558935927,-180.7483600842441,-145.29839215456565,72.91578597301665,19.163257918479154,24.305738856796737,-29.71893835962395,13.891243208520642,-19.5874520874472,18.83484797783117,-17.313290398530068,17.26618293702377,-12.011529331433332
country,country.00091.wav,3981.1558782789416,1757.0188909785784,0.30339183645108275,0.017710255,-482.3166067592386,-167.68440881990975,-142.35909242060768,67.55210041657065,14.247074014060471,21.8023571711491,-24.00829354449251,16.309129488834724,-18.193383716810104,14.049758587518808,-16.141138903113706,14.326646535392603,-7.5534105987310225
country,country.00092.wav,4327.855406506917,1778.5688295900063,0.32730024651972156,0.06183771,-336.9153316434082,-204.57960867198273,-140.0578896626992,82.8904738967662,10.198438606033815,30.022602691501756,-31.927775067281118,13.657226365450583,-20.269215611012186,17.425771025874557,-14.538966795057117,15.625094373596914,-11.936318026741409
country,country.00093.wav,3941.1670571414306,1735.3508327714446,0.2914684086185228,0.017048713,-485.6268020895402,-156.04793662450487,-129.35124817558733,73.12199476693733,9.358952874701822,15.920032865777886,-24.544004758774562,17.78685464806789,-16.758882636510897,15.089039674576693,-14.690830944523025,12.033586492313429,-10.041552510579535
country,country.00094.wav,3927.0072879240593,1756.3098777184084,0.28654367870262953,0.034857646,-393.75864050575376,-163.25462310558163,-143.61058173018316,67.8568023364467,17.551443684010152,23.630882577286123,-29.93475972922982,19.312519493153992,-21.811829113448297,17.870992662950222,-15.240549661557928,12.41373827520213,-8.877471562538396
country,country.00095.wav,3945.1678314339656,1744.4541904730104,0.29220668382637277,0.03160083,-405.5976155495437,-156.46046074468305,-138.85512639337816,70.28317926043307,15.84551367908124,22.07125262219592,-29.927306652118173,20.852450429970883,-23.480000786669542,16.067459451289807,-13.482048215983218,12.839181241110227,-5.854121944231856
country,country.00096.wav,3930.7310165294243,1813.8232930572703,0.2806480508023975,0.05666208,-341.10395408140494,-158.131044247808,-137.2122411524501,67.296838455574,21.155271266751736,19.984005087624983,-28.57642771912691,16.261461623088802,-21.869488814369692,18.350777259928574,-14.791210392911056,15.180118264853578,-10.306610521219653
country,country.00097.wav,3957.6288686240305,1782.044891920233,0.29518961777358854,0.031581257,-425.3527019854474,-158.1218730093493,-133.27337456305236,69.50708151357789,21.42974832813273,16.54047299713056,-29.285528833571977,17.93026719117485,-21.672990874460286,19.096499529988634,-16.85710337546117,14.675782323818575,-7.294399346312534
country,country.00098.wav,3917.488512769725,1727.8116699959714,0.29041178763051045,0.026591774,-412.3133517592171,-148.35726098149937,-130.0791333920145,70.76979986004709,12.40208473012532,19.9766248546473,-26.190733482897116,16.414440819700207,-21.058234711986454,15.000966512107713,-12.19605027769475,14.535388347271306,-8.25438366336949
country,country.00099.wav,4362.1604558273575,1904.210065663601,0.3405978858517015,0.061954167,-318.5654732127334,-182.39406128471896,-130.33263422522356,67.22498769074302,14.6788637100849,25.661742879271625,-28.801392658445348,17.544434115728787,-22.568410908989037,18.691343263313648,-17.535950204279004,14.719419595525414,-10.466662429375564
disco,disco.00000.wav,5309.839667563786,2456.156815576435,0.399329422067604,0.02768043,-388.87587998868963,-203.5041991781084,-95.59229370175834,30.457725401030388,33.657257456335465,13.196138767133,-13.910001927640533,0.7767802566739429,-0.36565461259736154,-1.48625481554699,-1.1697288460174682,-1.2473221535705783,0.21190831468963278
disco,disco.00001.wav,5195.153965294443,2343.7726084473165,0.40127118135560674,0.07575031,-297.5472387136578,-233.43971629905963,-105.69853055609322,41.68403594484781,35.92311189747387,13.94521344454389,-10.29761856051095,-5.888093296652805,-6.843673859846257,6.045725528159748,-3.4646915644382754,3.358405844212809,0.14435855656224525
disco,disco.00002.wav,6248.653267704475,2704.7038467990446,0.5273241130123744,0.050194148,-345.25446667888184,-258.061979191754,-97.85463159909372,22.24415118236682,47.320601341124735,5.913686677906387,-5.9592172421995455,-0.5009021260138888,-6.207878610766589,0.841583012403208,2.5733482939993215,-3.519975606291469,-0.026132501572932156
disco,disco.00003.wav,5136.846061365194,2167.3888190018056,0.4090880178400383,0.07532288,-311.2424418285742,-232.4212681769881,-98.77950219016763,55.75234678383578,29.841144467656367,10.889108868070878,-18.2767643562594,0.6777404137044304,-5.445965072273685,5.170199866711231,-5.163160758442534,6.300841393863179,-2.2349507812801463
disco,disco.00004.wav,5837.5051984792235,2631.1625653403535,0.45353586620262953,0.034591712,-369.5324195226585,-242.20510615016678,-105.2490412169983,20.825677293479483,35.710480361190136,14.319343109386153,-2.500492253735795,-0.8375722117166379,-4.427291684045002,-2.472365189650951,-0.8132873540057173,-0.6897190734704017,4.0801036043816925
disco,disco.00005.wav,4750.8746697195675,2314.0124462747267,0.34094191511015326,0.079971164,-291.76005729356643,-209.490233272704,-107.9819538982783,50.28183473119164,35.94982438607806,0.053622819802289064,-6.765586998525444,1.2642965295643482,-11.13341972574047,7.5364521502480395,-1.7484824238844754,-1.6258755020820592,1.1723801336751662
disco,disco.00006.wav,4668.0815058638245,2110.3760127071196,0.358130317092034,0.079925515,-302.30153466823873,-244.14938817836224,-133.8988632180333,45.96175668997968,25.911806065526065,15.47552599859618,1.1526553069314727,-0.625870626361448,-9.017266431401339,3.7901085263331358,-7.73948643811932,3.6095652039484025,-2.1005820631609633
disco,disco.00007.wav,5100.108426193004,2297.1212759336686,0.391642347012761,0.06063861,-329.91951925340027,-239.48472391371934,-112.25774108456642,47.512144987864126,31.81522913118997,14.594834631139797,-8.748618771976853,-5.682713312021518,-3.7206227707310022,0.09388807974697903,-1.237329881331328,2.2356964216872313,2.078243128016936
disco,disco.00008.wav,4530.070461435225,2157.789500686456,0.3302130695486913,0.07955698,-295.79374265025274,-213.39692949595403,-119.50571336496422,54.23012022896357,36.108263986444875,9.821776146469952,-16.653116633107413,1.4515425396819601,-6.065728871722791,3.6598564429828273,-3.430695977024343,1.2662457825337436,1.5244422684719545
disco,disco.00009.wav,4847.792790984446,2311.5975362713707,0.34990204164249805,0.05846112,-336.6617252282848,-221.13290695879292,-112.8686288098664,49.78288007546723,38.55504956924817,7.064382468381548,-16.909436359894453,3.1536092911917897,-2.2582639116936702,-1.1272774894567317,-3.3734778416241267,1.3311106348760933,4.820896344051774
disco,disco.00010.wav,4861.7862605790215,2283.5825953802255,0.3612612837151972,0.08506855,-266.80094874982984,-213.54257317322464,-107.66089352136443,50.580688304555586,35.09568613767601,9.755623372936713,-14.579594817600695,-2.0762955383449038,-7.480214381137398,4.373783754920064,0.23706059807719937,4.198335155365314,-2.5190634354126233
disco,disco.00011.wav,5671.622814202285,2496.9793056147682,0.4638709638437742,0.052533355,-332.38703655472693,-250.9987640243015,-110.3493682239886,23.935900365741258,35.43233333492599,11.922015647350797,-6.32521739109522,6.961942922688483,-5.090541991481365,2.788042369287476,-5.400215442093102,-6.026727149456026,0.27180454698119505
disco,disco.00012.wav,4881.710639026723,2353.6398923773468,0.35581273208429787,0.057171375,-318.0647329058396,-206.5149320446138,-106.8422290875686,45.642420945887814,41.40713323991394,6.549377327814815,-16.93826730509134,-0.3183929287119228,-7.3486100919764,7.574717175460262,-2.8128077151309165,2.6106350108113383,0.14323428858780277
disco,disco.00013.wav,5729.907172094488,2474.274704958826,0.45603316234048724,0.060353905,-328.8939965692458,-254.96668248837156,-92.67927033032977,43.960068839464235,31.574405763365508,6.156459044356282,-9.624066669336084,-0.6066913913594854,-0.25487781164191,0.1643366018143372,-1.9287056955673547,-0.4387692207565208,0.8046956587373082
disco,disco.00014.wav,5178.441466008149,2365.3528844402945,0.39493865494388547,0.06711021,-308.3885950394056,-243.8078793007908,-111.4356423787265,42.286754609743824,32.60893371334118,10.333416569415313,-6.148405670668463,-0.3385056644885325,-5.379228152885171,4.485649353632171,-8.310573242354529,1.9386955527704512,0.4186319741134754
disco,disco.00015.wav,5719.058560520117,2665.1006903484094,0.4277441934938128,0.043137215,-347.7494859755831,-222.54185934831403,-103.83128515782721,18.267816839594825,34.00511185978063,4.773047995923595,4.590196019925392,3.3760968548394743,-6.9264808071216875,-1.00389331131742,-0.4990036162242358,-2.6806729005502934,2.021742121465563
disco,disco.00016.wav,4817.055122768048,2308.454550408131,0.35370644755747127,0.06178803,-313.73835417893895,-213.53826331215612,-109.74028441045323,48.21779023857413,37.2430845842655,3.661936429523187,-11.857394353183256,3.4968537437368905,-7.470582815490792,3.132986568939712,-3.4170977233629865,1.284813697971499,2.083749922240177
disco,disco.00017.wav,5158.994546669616,2468.4377471290813,0.381297808512181,0.030419812,-394.1614423690206,-227.4257034636876,-118.55046582063456,31.22742867632402,36.59450504954934,8.318132421133337,-1.3376282303499332,0.5279559063775329,-4.464800511424548,-1.3481502300204942,-2.2235542133704405,-0.822802030397038,1.0057902656117204
disco,disco.00018.wav,5775.084966142757,2537.271896763288,0.4719330801672467,0.042493556,-355.38120906068684,-230.67612645900607,-97.01245183790272,18.61200841468369,36.60245045795154,15.680144322670682,-3.0961894564705834,-3.168258271218786,-8.768714978271438,5.061738758215252,-5.4564077115594145,2.6227794418158132,-0.23827518361921118
disco,disco.00019.wav,4309.691490210619,2188.542225719156,0.30175894540313225,0.04112375,-367.7257114963776,-176.31293513043585,-133.23832084655078,36.522290923552966,46.19389883307673,9.65033890237077,-12.142296220586301,-3.94808254023333,-1.518845830196553,3.2624403825609263,-3.219121934584185,-0.30957889636321967,0.9683124908735303
disco,disco.00020.wav,4356.920905569102,1910.3593661074367,0.32013954345514306,0.034064446,-391.7050403735719,-203.31776091437362,-129.30444302699516,49.90807843176462,19.216756470121116,20.960671917730387,-13.110648276284934,6.376953311926565,-3.9112669854169613,0.9036938539398517,-9.690330949688397,2.14910129341236,0.20861061995744087
disco,disco.00021.wav,6295.980137761812,2583.908219651166,0.513769682303751,0.029473513,-402.4002232448898,-238.86705690777256,-83.91363444196365,23.357848346684474,41.221039507949065,5.705329704177529,-7.2351234800721915,-0.12129767851695034,-3.6959975271779095,0.9259423023313285,-2.936907155088872,0.03354703646375594,0.7541005783356287
disco,disco.00022.wav,5956.177640653184,2575.268019951699,0.47568563297563804,0.047908258,-349.8730677580339,-250.84870537273034,-86.95775002721773,44.083960631045805,35.513741019225066,0.2989738398235982,-4.189475752042905,-3.9988533198792426,-3.99612777227824,-0.1398024579742851,1.169125165109462,2.057679051695631,0.5283091339605299
disco,disco.00023.wav,5464.329402566013,2518.9007920318,0.4316255196249033,0.064524695,-314.62697892149276,-242.48109624139613,-105.32959957901853,37.13475570809794,37.81856358529981,7.057829785122816,-7.328298147218899,-0.6353207337036815,-4.409828126465409,3.8071252099394357,-5.058710872943757,-0.6464858124847762,2.6901770507212555
disco,disco.00024.wav,5093.074450083836,2632.3686688493035,0.35739430769044855,0.037801955,-350.2999640758476,-216.5617015441097,-121.75089874792751,22.09712112882013,44.08085431784681,8.760658717571266,-4.332208321603192,0.6972622887024335,-3.9007399056445635,1.149495364978561,-2.09098370512071,-3.6034230738703146,0.18927743868889593
disco,disco.00025.wav,5007.157244354724,2521.3752432774804,0.35692641869682906,0.024015315,-393.3296142452141,-195.05772758297707,-106.84550367836768,37.45650113757487,36.591019064891384,4.6588559402202,-4.851983348628903,-4.353852809090791,-1.9951586500584486,1.0738221782729844,-3.142419555613778,1.7005588649032048,1.4338668054949115
disco,disco.00026.wav,5568.820917855159,2544.0855210421087,0.4293026905694122,0.043399207,-353.5502982009753,-240.68560993139445,-101.86215908761545,34.64216516309667,37.641892088634044,7.8711802678720035,-8.096607276399034,-1.6772171431221268,-1.695216467064773,2.1715326558411805,-5.208129218471298,1.3252545578981534,0.9292025022940256
disco,disco.00027.wav,5814.8912018840065,2513.6067129154426,0.445707505558778,0.026056029,-424.65317060999274,-227.42318582031822,-82.78608411149833,39.01272796837452,39.6196614511143,2.8486168033692816,-12.18821924538025,-3.9597372459192886,-0.8077822701823425,1.116089618064226,0.5776486000933083,-0.5964405785395559,2.998087354569217
disco,disco.00028.wav,5921.43525018861,2627.47348405821,0.4674229927977572,0.07186766,-310.47812109386103,-258.75130614727675,-110.82050305426814,22.229868499184896,45.92837715551353,11.787799541982999,-5.053041881690573,-0.4576362776254274,-5.2418289734295005,-3.0510786993770767,1.3440164763677422,0.19389563541674887,-3.736346095752547
disco,disco.00029.wav,5585.55473127129,2734.390468520762,0.42521366553074247,0.045324285,-334.83099100976494,-224.79341790019535,-109.80288581404513,26.607759313249392,40.1530463856184,7.956493946568459,3.935332609499964,-9.007157089738351,-3.7191757225253155,-0.5266466396224223,-4.125656811448525,4.003042389894082,3.876041959587152
disco,disco.00030.wav,5624.412517619432,2609.0023064697925,0.4356431717662413,0.052898563,-327.9188213135979,-244.82948124661712,-109.09180732396584,30.127272661707835,41.6401247560645,11.601655416444265,-5.335946008831321,-1.7703203175774844,-5.38142527821579,-4.523961826300419,1.2704578598837903,0.6841121819953072,2.379006645768089
disco,disco.00031.wav,5315.4220123373,2517.4653609295515,0.39622569545146946,0.048241377,-334.2406301401871,-225.48779869590598,-103.98848080927466,39.1376251775382,38.13003835187909,9.46364666336162,-6.35537692210145,-8.968399722754754,-2.0796714881340277,2.4705335469620615,-2.4187396448980043,1.2303761264276623,1.398051826378149
disco,disco.00032.wav,4791.376954326366,2436.2745094144584,0.3456000308149652,0.02833829,-396.86310173147956,-204.32082367397524,-123.78405096316476,28.064093704220642,41.31133929573986,16.722478655725624,-8.543840405994073,-4.586009983414001,-4.470741675370587,1.141226914740698,-0.8267019234154822,2.083470781276572,-0.21891082418763416
disco,disco.00033.wav,4553.824007114397,2096.8628536443434,0.3350485486755607,0.053956423,-344.66751849241706,-222.11076057349177,-126.47805748836763,51.337022914747116,30.795177072748587,10.715938624445377,-10.795475948881393,3.410981450939649,-7.000330147872124,2.8335633993932317,-3.6756872140100505,2.7539615930820625,-1.8032166987792935
disco,disco.00034.wav,6006.054401090362,2551.7028408209026,0.491417503504447,0.0460925,-344.7793833893492,-245.69751114638706,-90.33156253352348,29.918537246772452,36.43452381399996,11.619283665449267,-8.252291084474006,-3.4901905728275135,-3.3989141230227062,2.0583134852307703,-4.378274790810418,4.024526530191223,-0.7199355926636479
disco,disco.00035.wav,6040.620440340243,2637.4982010968465,0.4620077158255994,0.052377075,-338.5528586570365,-252.4504341243512,-101.70660254902181,22.516940509387926,43.18175906049778,10.505341652935783,-3.4140827902953617,-0.6396989277773504,-8.971390388759929,-2.3774367009113506,3.2503443211867045,1.0926740577993022,-0.2998451231934255
disco,disco.00036.wav,5572.716869383073,2467.7281603437004,0.44344736380993816,0.07017786,-307.65971415629673,-247.37803201991412,-103.67585803792082,32.64060267846808,36.257121201030124,14.290592279582725,-8.928268501043732,-2.8641004718655534,-3.700932160178325,1.1835888249307613,-1.4549796124110306,1.5435297699223887,-0.45732268368608375
disco,disco.00037.wav,5823.360147154221,2665.094132139354,0.45141960315158547,0.06769264,-309.6794593540914,-251.59355489619017,-106.28727300477838,28.170517172061647,46.004110708235146,10.949007444352572,-7.322234828226946,-2.4851244081200536,-5.103358979223179,-4.873179678786436,2.046870715378153,3.238637535067537,-0.802470982756477
disco,disco.00038.wav,5451.93796684161,2619.3251405939573,0.39588053763051045,0.042135693,-355.6615637887395,-245.0233496819552,-114.26152532182368,31.988025984585096,40.72885184876219,6.535647649473572,0.6112750101263512,-0.46393707643006254,-8.87445064143289,-3.4347119882692434,1.7087543233093112,2.312720192737743,0.49287062191587183
disco,disco.00039.wav,4667.3056120621795,2228.8199638740375,0.3353914406902552,0.03347489,-394.6353518802244,-217.81209535104165,-123.02919904936668,47.09236269508745,26.25188860285888,4.769112050451401,-0.46254087070673755,-2.099896016871204,1.714949330284096,0.006122443646306251,-1.7366796329142815,-3.323570879205472,-1.4240853122356294
disco,disco.00040.wav,4884.990215747611,2220.52479406111,0.3779463034126063,0.042514257,-349.1798985493464,-208.11858531150384,-108.87837445100138,45.758979646887646,26.222088097790685,15.701042035412765,-6.396842189760188,-7.519513238630833,-5.041276023999505,1.9249399585349944,-0.47349325365446177,2.9967520894854696,2.2474131284211705
disco,disco.00041.wav,5428.527212004574,2647.7743218628434,0.3884826801769142,0.021064693,-422.50650243413935,-209.7436945494322,-100.45872747877829,28.47984813521063,36.320722189874374,2.184649487818347,-4.866730055483426,0.7162884331165796,-0.056976227515353806,-1.0404714372123045,0.16574468250246988,-1.762329592905008,0.13048560112171187
disco,disco.00042.wav,4621.792497426789,2266.685284520556,0.33299988217807425,0.044960435,-336.75196348058853,-199.6485421298844,-119.6051483770356,41.91637394195918,33.22437420209773,12.014183713984986,-11.257068451566488,3.7384158652026973,-6.088401906130867,-0.6161055670190992,-2.4173470416112286,-0.4146724214615377,3.5722488541839525
disco,disco.00043.wav,5288.952040127324,2363.9188416808906,0.41091907144238204,0.05797896,-339.83306644170096,-217.9094814567488,-102.95881584034319,41.93799608703862,32.65106906650396,9.308132506050827,-2.6849024839356526,-10.78738774896521,-3.656409012994931,4.045141218548425,-0.03897102344080036,-1.4845561254424406,3.3515008187012665
disco,disco.00044.wav,4747.0114951147125,2499.1445894065946,0.3303511546548724,0.04133499,-350.7102552102432,-200.5637542139576,-123.18452825077605,30.059191962955715,41.23111573418584,7.198152312407291,-3.858255895647331,-0.13971515139901416,-5.04729815842279,-0.8184775936830824,0.2517899631045682,-0.6437879493560495,0.07641974922175347
disco,disco.00045.wav,4779.513491671952,2340.9184681905112,0.3527833919421887,0.032631494,-373.905989937043,-209.1748753278686,-128.26396384622444,29.894053869790977,33.51777956355872,13.756695120840083,-1.5812760605378637,1.8796382694231697,-4.587531658174052,-3.6960821811317977,-2.3393778053742578,-2.012373177758809,2.5351793891303163
disco,disco.00046.wav,4615.908549209195,1949.8234947184365,0.36832040313225056,0.030652357,-389.49934375202804,-169.87251089451544,-112.4064500766874,62.09858955737275,11.29848404531281,25.477983989042453,-26.771340285795095,13.071123529025822,-21.928688834526053,20.872234354406917,-18.514493874002515,19.229395813377582,-13.508196774787226
disco,disco.00047.wav,3726.8397216731487,1603.8979824214066,0.28435490985112144,0.011262452,-513.7388807877219,-105.25036358017978,-111.87866096502889,70.74475354994313,14.699189928303184,4.147456651364565,-23.15769415537309,9.25370173178533,-8.95550690341686,19.583838551626574,-16.736861281756667,6.769447742339884,-3.0534333231703226
disco,disco.00048.wav,4236.037764771836,1791.8642770892575,0.32525460109725446,0.047889136,-373.37097170222614,-195.16245078430143,-141.7147724630927,80.1580429130243,13.943471984855442,26.431672263420996,-34.03261866172344,22.67444389053821,-25.847220727004213,15.965512435670911,-14.45042087538496,17.09516436206567,-10.753058766708197
disco,disco.00049.wav,4516.341817520618,1857.6421183106372,0.35772284959880124,0.06790133,-326.08021063965276,-193.28744472424725,-134.37959561328134,63.90024185804342,8.94442354892702,33.69586445429901,-25.874084577710804,13.609009068954034,-21.38231789947227,19.146542203754414,-17.886579599794516,15.066773038977894,-12.49556324490862
disco,disco.00050.wav,4523.760576091453,1953.3813472513466,0.3535465910189482,0.05052977,-335.94454624063565,-203.7311971360322,-148.7134151568578,53.70786770951796,11.583411138311488,41.316701883353005,-26.338593109906757,19.796546153121458,-24.589772647105015,15.748812416576639,-21.133615423472794,18.089799774130363,-13.123922132322988
disco,disco.00051.wav,4564.612056188581,1899.6587684522026,0.36082738181554525,0.042524014,-362.9818270981915,-210.7215469227124,-146.21839943893664,60.84675178698703,8.541537151174767,40.41786048383231,-27.10034901040905,19.539184598086198,-24.50696915535186,16.177017239411697,-20.934756831172,18.369340644769025,-13.198519846391067
disco,disco.00052.wav,4275.164406358337,1900.605963505483,0.32923033582269917,0.055042274,-340.2047215093863,-190.26695936679613,-144.0059806931066,67.50374082381553,18.42800987276404,31.935778326750828,-38.35094758307506,23.875069751314836,-22.747360318274087,17.28297259033213,-18.804122276093434,15.502169763925803,-10.067141541269823
disco,disco.00053.wav,5558.039203601756,1813.7441820075846,0.49947924219354217,0.0545339,-383.0077599655209,-212.87623920447714,-99.22791143675899,58.34884212424526,3.5299886173410537,37.241047819655094,-37.59414450708488,28.534464494946146,-32.19638344984614,23.608080609248567,-22.142488132824962,21.984863799487723,-14.85121193187341
disco,disco.00054.wav,4963.142829894085,2061.142882503567,0.3967302149796984,0.014302949,-486.63413687493136,-190.78067277128122,-91.28192632782563,73.08868258117658,14.33432718644981,5.649756466720983,-28.964679444114946,20.923962458005363,-19.60180254888362,23.227427089003687,-20.855897870806825,13.583881338344035,-9.960560624700662
disco,disco.00055.wav,4163.962784649906,1733.9761904800162,0.3285974206061485,0.03773838,-364.37069833044177,-162.91784930225097,-129.09124271220742,76.28815927815418,11.525004328815921,25.132818865812517,-31.733250884075716,14.367965153864576,-20.22515784542849,17.53408303337031,-12.26316723431411,11.5453893749456,-8.282059520158052
disco,disco.00056.wav,4418.7290652772435,1926.6787096436099,0.3422828904437355,0.013617198,-481.4499680918318,-186.20562453377872,-139.07303177302836,56.03923925752634,10.895598469215239,34.249537123071974,-28.712478572180643,21.283327409575122,-25.051972213213016,20.253540053788264,-16.742545703703268,11.83704141885875,-11.01252447327853
disco,disco.00057.wav,4496.649987909522,1980.5190226286218,0.35696607030645783,0.015342308,-451.6502387236162,-201.85638244780492,-158.17956709530205,42.514218843353305,3.478518224720208,40.26406880708831,-22.444485361339247,26.740578902622104,-23.460314949291945,20.83313698679722,-22.640443283423494,14.186240657582978,-16.292105516852743
disco,disco.00058.wav,4537.32973051517,1917.0606615124336,0.35869336994876255,0.03345134,-380.30685001959364,-177.2651551621916,-118.9561714902578,67.86416393977964,13.283625843317486,26.34235958103106,-34.22866421944914,18.74228066184849,-22.318758303608032,19.014137681059065,-15.016697175619104,13.754591283573598,-9.960984500601926
disco,disco.00059.wav,4722.384006258453,2047.5828153906018,0.37872196442382056,0.029115466,-388.80782398814426,-183.9690161953904,-124.61416205320907,50.36811244699247,14.374935045357118,30.18109688493238,-23.678814301102317,18.50968527896006,-25.27350404540425,17.788739205824655,-17.221937780999404,13.242635806644357,-11.128648806855281
disco,disco.00060.wav,4313.39528475652,1867.6207119906587,0.33209318203789634,0.027965289,-392.57440317076725,-166.34473198343022,-127.00899764300888,64.73320600362545,16.65294659834091,27.45624437383741,-31.658740511385506,15.705868866005623,-22.672642009348156,17.910692798297475,-12.87584343048485,12.435332362012891,-9.481086110111297
disco,disco.00061.wav,5036.084341534128,1984.2205525772936,0.42268087176140756,0.045537528,-386.21821769054924,-216.0269700224193,-124.42211733486778,55.90039763787588,7.130135807693387,33.14783173029244,-26.075743133367848,21.588929254678085,-23.948849407908217,19.570091071077044,-23.07528857023734,17.675292760039476,-13.934409968207781
disco,disco.00062.wav,4413.552791159868,1836.5293437893338,0.3550050149845321,0.046043992,-363.079142563374,-173.14303514968765,-122.04953105569537,72.7880814221791,9.397664389523644,28.949774564721974,-36.322435844626874,18.891833178768913,-21.688519099519528,18.569701769474637,-13.474141234580724,11.982398152399702,-9.428882027782485
disco,disco.00063.wav,5028.710548478849,2036.7613233535176,0.40668541243716166,0.059765503,-347.3247352717862,-239.60867729341257,-131.56809874642545,59.9336058321373,16.01366907590355,34.659059527658535,-26.97443106693988,17.122579737592613,-25.230053775626335,17.484087005259706,-19.23327763550044,17.319312962921327,-11.503486761305068
disco,disco.00064.wav,4957.192617422723,1968.601834425078,0.38970092867846096,0.020467045,-458.33642515908855,-183.88235686534085,-99.3663404402115,59.36294030625325,7.305722878510557,29.04156866347717,-34.32571734136167,19.168451583333965,-18.790026439272065,19.67527563657074,-20.486997101172143,14.87328476386385,-9.441620182024076
disco,disco.00065.wav,4610.17918063297,1851.8084325015045,0.37501850408449344,0.04038618,-389.929312710295,-184.43093745396303,-125.02771394310105,66.37845610407366,11.241633383226489,34.73978564462889,-37.050785683347634,19.200555178509486,-23.044830891313016,16.561405978005517,-13.3072234916542,14.508977134064109,-8.786364208502214
disco,disco.00066.wav,4571.940353878419,1910.2611570615106,0.3629428895978345,0.060928445,-341.06232003703946,-199.46947055338893,-136.3396238772995,61.310832398968756,9.377462430408835,34.06611001694215,-27.36098599446267,20.301808517117326,-24.625474395105023,19.244712338795875,-21.030945603308933,16.487846202577824,-12.087817217258724
disco,disco.00067.wav,4546.4613096778985,1918.485338444125,0.35848038415989947,0.033348445,-383.61505780367366,-200.06978161939335,-133.5778327739742,64.77061356523514,9.496962957245037,30.85657076166415,-27.19695798127141,18.177369344732067,-20.878969312589263,16.565754214368507,-18.917366341641642,17.206335729725023,-14.501730414218956
disco,disco.00068.wav,5044.427772109961,2038.497366876772,0.4115720012809358,0.040833533,-361.75395393663086,-202.52654317499642,-108.41699406305638,65.2774796282823,14.70585943479953,25.02997465799999,-33.36421758711344,18.016087713290577,-20.65430447568548,18.006501183694525,-17.97453386059592,20.042195386087098,-17.475810147775494
disco,disco.00069.wav,4674.256995451368,1917.7183388807032,0.3847829961813612,0.020630928,-427.5395068908946,-213.78239710106598,-141.95799020543015,48.52560907287756,9.303365137354163,42.95810113252433,-28.281175995779698,14.843927152586462,-15.613474887952547,12.16710639339316,-15.001578437126012,13.418642518933884,-8.985446373808825
disco,disco.00070.wav,4596.221329617682,1951.1581703405889,0.3616294772331787,0.035999566,-373.39882796781376,-208.63337974145435,-146.08887026419475,55.8976378661414,10.794241342408661,40.405042301595294,-26.900976687347427,20.048266014139806,-24.453381092238626,16.059952693243513,-21.09589833345081,18.188223588562032,-13.346962962669478
disco,disco.00071.wav,4905.5165708720115,2040.063151407214,0.4012346378335267,0.03480916,-383.2666394360974,-210.20338129179268,-121.72776154947255,64.51499875963277,15.36705336228827,29.01755878835802,-34.691039909675,23.235092550525255,-25.5171212057855,19.64153074648423,-19.086149120178938,16.609683897070507,-13.141429068634787
disco,disco.00072.wav,4567.8444499181,1851.464645411918,0.3680590801430781,0.03780471,-398.29893863926304,-210.0050429854854,-135.32583866253077,71.8850602584187,9.06606157613158,32.30633861611935,-26.311814395458352,12.56778717264835,-20.869946924729305,19.265088140560756,-21.49410447274644,20.005024923929668,-14.68796006762814
disco,disco.00073.wav,4802.615242110705,2013.9812986606553,0.3911710593097448,0.037754,-379.7306178308712,-215.00131332127484,-138.051838673656,60.46757470211919,13.489820087281398,35.83482969921095,-31.449931675211364,22.82625298849399,-25.623844679621744,17.65130873375812,-21.246949104664072,19.66169119426951,-12.929631458102952
disco,disco.00074.wav,4697.478376590964,1991.4993983160687,0.37955389295726993,0.062419098,-320.8802516361453,-204.90805615375214,-133.09956705168088,62.16059133717501,13.477007631226746,34.02499430609731,-32.338114751753025,20.1770068713452,-23.042461629433262,18.748695110140527,-21.09711684744626,17.616987689952683,-13.341879427981114
disco,disco.00075.wav,4842.587791023462,1931.3828505117717,0.4010552615042537,0.035986938,-371.6544496762679,-206.96390750003442,-125.96499128073134,64.3386012017102,8.023759705450688,37.10602517934599,-34.798239061298425,20.331959874641534,-22.990043524467765,18.5945551685655,-19.162798533063988,17.905809885553467,-12.21193329474139
disco,disco.00076.wav,4387.642185611337,1988.4265235263026,0.33408595864752516,0.035728887,-382.55390951393525,-194.85316206410735,-147.2565920616221,55.495121793062594,14.165984762355924,29.507412933511333,-26.993980102215957,22.782700825342097,-22.64546064077892,22.129635086589992,-23.220986390371422,16.23462869961257,-14.925350040569915
disco,disco.00077.wav,4506.0808545265645,1974.6645065190232,0.32662050464037123,0.0623113,-337.38643013796093,-194.97455833527394,-128.717979850364,65.84753655552068,17.07702109611991,28.382626842241937,-38.80938916845366,24.06301945223534,-17.320206519882692,12.853747158270327,-19.20772264128445,16.757838837887903,-9.481053291350145
disco,disco.00078.wav,4696.319384023991,2028.8363854009788,0.3732530633700696,0.014558974,-473.12371253531603,-197.92884152484555,-137.1898795158847,53.2258107925517,13.422529701237377,30.710140686353537,-25.19492990464517,21.826663723897415,-26.038646530246766,20.955329055736488,-22.025640900500367,18.13582784816808,-14.298930172998993
disco,disco.00079.wav,4727.516793245006,1971.2374491935727,0.3852116111997293,0.020600801,-438.80305546421346,-194.37380307767552,-124.50973511079022,62.181503235098816,11.04779281081895,30.317926183812062,-31.198531154612006,21.051744668979996,-26.09197526495325,21.38654623195759,-16.29916087001971,13.619692491237178,-11.679500842260177
disco,disco.00080.wav,4959.586484474065,2019.9043245740631,0.41292808633023975,0.012552642,-500.28735712694424,-194.5662962710348,-102.30896119731398,68.304855425074,10.637649493825258,20.30071049834995,-33.017158672095945,23.773622946513857,-25.188988530586407,21.48032150010312,-17.817237080317373,16.772971520988577,-14.42594308385404
disco,disco.00081.wav,4408.613021606598,1942.647108990533,0.3344345151778809,0.020526383,-458.05567704584445,-175.9447293006169,-121.70771013481102,63.954591497443175,16.317716705406557,19.51478973086305,-24.802479561431568,17.230903854625762,-20.736056368065828,14.499411815935714,-17.124042373713248,18.152070920378215,-11.285189713666563
disco,disco.00082.wav,4844.0570916449005,1968.6042497998867,0.38729577532869297,0.055589635,-347.2532783531966,-200.17446149208834,-125.87849372679828,55.17225429881146,12.27317743130676,34.28574286672543,-33.5581938373767,23.22913387297696,-20.00529751245928,13.860604147255836,-16.823932159102853,11.779793619660623,-9.375355177642255
disco,disco.00083.wav,4718.175263128067,2034.1693711761748,0.37676015383314,0.015094914,-446.9793530916182,-178.82398206845795,-115.72075037890363,56.17822814415126,13.235792065761983,30.41147916957064,-30.635399012317,17.22696919454574,-21.68988290477109,17.378505919602045,-16.585170096876322,16.37721052004304,-13.003584017564016
disco,disco.00084.wav,4274.989400311486,1794.9670686869356,0.34613211765274554,0.021840919,-462.86531838741934,-184.81186705844752,-138.5460534496545,72.5151420276309,12.746969699885055,28.993133518770964,-29.340638180170796,13.830614236133068,-19.25403891162493,18.387698899717307,-18.62663690025716,15.034932007788292,-11.389347722224185
disco,disco.00085.wav,5491.757940469889,1997.319849817054,0.5002598124516628,0.02204933,-453.42480050333273,-227.82972716997125,-107.23585744173855,56.8827594392533,8.486610997228896,33.744648653026005,-36.600034595713744,27.60561344252857,-26.745478578944663,21.547578325694577,-20.452120291240266,16.859638610336226,-15.045680310425805
disco,disco.00086.wav,4086.2142922810185,1690.7752123157338,0.3217120130027069,0.044522457,-371.45029189401674,-164.03022500933517,-137.25808890578114,70.78662615072334,8.88851565011013,28.90302879336146,-25.515482189851376,8.945518428315223,-14.026350099099561,16.451392121657843,-19.2017114682989,15.554168013847677,-10.53955750895423
disco,disco.00087.wav,4481.465684397967,1991.4289745684066,0.345984840245553,0.028982798,-379.6873327195323,-181.27074783838083,-135.052242573925,59.36290714461578,15.8511727637883,33.454597929355664,-30.19507468871413,17.90438050472376,-26.66085072416343,20.60310713781104,-18.54307880025398,17.36591283538959,-11.69854389504674
disco,disco.00088.wav,4053.360727859769,1741.7959710343598,0.3076662799690642,0.04090949,-348.8003076987608,-157.02644396318513,-126.22519460980385,79.84754234510747,12.585547543478494,21.957915685349423,-33.32970111152557,11.239451152012236,-15.217310275515961,17.136641343292144,-12.14520864143133,12.296558415119666,-9.696753371897179
disco,disco.00089.wav,4287.383817620257,1864.388329128047,0.33070462043213456,0.029810661,-386.4073990095821,-171.53848943793653,-131.37298975628568,64.64023105978322,16.511988053588066,27.626903712028284,-29.61395844746154,15.643703029479337,-22.53444398174553,17.58396504309793,-14.66838881928072,13.457320759371422,-9.609492498888178
disco,disco.00090.wav,4719.45182532716,1946.9351090288549,0.378552028953983,0.024902163,-412.3579203020434,-210.001102075703,-132.98176970910137,62.508388552121474,14.007048923813553,36.081481287302466,-33.86237331390503,19.945992383267143,-24.513077207763455,16.506161355987842,-15.835932816400572,17.39331237638508,-11.914581358346638
disco,disco.00091.wav,4317.322183442882,1846.3498021919224,0.3346633616105955,0.045498125,-388.0782919929713,-175.06735330019242,-127.80092468474238,66.75614219209382,14.931641168687424,25.847880289195224,-27.688122246938246,12.14535873209038,-17.143710057351356,15.580549025955786,-15.934320592827419,12.839868188919604,-9.198277700525628
disco,disco.00092.wav,4793.744327012586,1893.5713127819383,0.3947147803074246,0.031637277,-393.93992354832295,-191.00949243328415,-105.75237847798222,71.4928190780624,4.325549264621021,27.12796359449,-30.804498797215,15.185910869682516,-19.62079587095647,19.801843443756926,-18.735885559975387,16.44739981483583,-11.410537948820902
disco,disco.00093.wav,4461.313252171228,1974.625315530002,0.3264958852958237,0.056980494,-349.4376799115471,-185.89695530574997,-119.47800743439723,73.97470889999575,16.64989896736538,13.673901510593016,-25.106153984701614,16.81054975176641,-22.10120202054378,19.351350564724875,-19.596270056728542,19.51672325419514,-12.559358675437263
disco,disco.00094.wav,4744.72350724141,1866.5450704613127,0.3919066910769528,0.02430342,-436.38696007626487,-217.8337595455498,-139.75890788827357,61.8439796653511,3.485925714114813,41.21713305002151,-32.90387614822052,25.761056600454936,-22.04450863779353,15.787591983481208,-21.20882311491706,14.75763246864558,-11.641463832234495
disco,disco.00095.wav,4501.646276486146,1850.836057239673,0.35077324415119876,0.034418482,-406.9349457909463,-170.6940843689985,-103.6200938701736,77.29639423223078,11.64128496720226,13.56758321851399,-33.499104869293475,15.128727521531875,-13.15882846874167,19.301712382556488,-18.14864536862525,17.055355527398973,-12.62454080323726
disco,disco.00096.wav,4396.719553681376,1652.8770795316452,0.3587224477958237,0.03627944,-403.6978346604245,-183.74512582624814,-126.94159297554688,86.0634881534781,-1.4062859167268036,32.217349674895225,-34.951555277369266,16.294377075254214,-18.36500324405247,16.839891521528564,-15.688777239193909,15.436604226779844,-10.090115491448936
disco,disco.00097.wav,5134.516421220274,2108.2862474424796,0.4172380274796984,0.03143021,-397.80093967877247,-217.84517248700593,-115.88770669053304,55.83910872956433,16.500695411821876,32.01856995163224,-31.05298293506114,16.962275661972168,-20.723055635494674,14.834337292280418,-17.616565092791188,19.484132168667028,-13.56502386495356
disco,disco.00098.wav,4869.9594521964345,2003.9931335895114,0.3962740326517788,0.033400133,-389.0968464399647,-213.55367317791953,-133.03079541847072,57.520752080421104,10.524547114553476,36.23039664947754,-27.931420499402126,21.02951964311205,-29.138828439695235,20.543646601601015,-19.009092464681938,21.21153953211072,-16.61215521068542
disco,disco.00099.wav,4869.9594521964345,2003.9931335895114,0.3962740326517788,0.033400133,-389.0968464399647,-213.55367317791953,-133.03079541847072,57.520752080421104,10.524547114553476,36.23039664947754,-27.931420499402126,21.02951964311205,-29.138828439695235,20.543646601601015,-19.009092464681938,21.21153953211072,-16.61215521068542
hiphop,hiphop.00000.wav,4679.731026534014,1964.3122197649984,0.38224680370262953,0.049289126,-359.174034160486,-205.83981628627248,-136.35278972455077,60.3943867369579,13.44778783870807,34.27776718522217,-31.038597906059852,19.43101912832589,-22.465241518929613,18.736248755272783,-18.42271079509032,14.56139959496645,-12.704709411545975
hiphop,hiphop.00001.wav,4752.920261682751,1915.9170702275696,0.37412728695378966,0.08932243,-329.67294918197615,-204.17060536727038,-105.63910238080375,78.5329677818119,16.33931219444626,13.660825611659568,-36.453445558351326,22.163115436045796,-20.318089212801524,19.255762240054583,-13.430813955451185,9.499682402474484,-7.989643072396787
hiphop,hiphop.00002.wav,4647.101569853314,1905.901682656172,0.3799549406660866,0.010739055,-509.02936205050884,-183.72881424315287,-125.10084075555055,56.950058150680995,5.814301922364676,29.00761413163825,-27.252383388377755,23.629350666094822,-22.556871495738086,17.704562575055423,-19.494529495245978,15.692468319566728,-9.937951991794105
hiphop,hiphop.00003.wav,4589.367329201223,1939.9556753358281,0.3448183276537123,0.078886844,-315.59310805351663,-202.6600140185185,-131.40934135001643,63.58724201964583,12.664675628022612,27.8488668354197,-28.1566020087362,19.4814025830846,-19.12305019131409,13.719892672053438,-13.375914321960137,10.397231730293356,-12.053280624759827
hiphop,hiphop.00004.wav,4954.789204299303,1994.8637464976732,0.3967755311049884,0.0402136,-399.45046728725475,-188.05930414336018,-104.47545165797288,59.66002365369138,13.32295870892926,24.985231046667437,-31.18133150708945,14.546811894633965,-15.82288053415121,15.910382795430435,-14.496218038039524,12.838430238507804,-9.910792287918314
hiphop,hiphop.00005.wav,4870.378113856657,1909.8195622702722,0.4070947681022815,0.08072954,-308.97400184981484,-231.02858716568113,-134.69242459069068,66.13776669886172,7.497320904630615,38.45767064302091,-33.19821049716654,22.131189226992973,-22.642819402810385,14.997683762313331,-17.33695263955747,17.676760455595353,-12.794916348943637
hiphop,hiphop.00006.wav,5187.797497303595,2051.213564404486,0.43803888425657383,0.07476415,-343.3105386069357,-232.46987846815946,-113.51089182255414,59.87674931102449,16.064437918451958,27.72903523564318,-33.01068018001722,18.872684717315597,-17.008458997933975,15.019283734670989,-16.84639585762943,15.62567088523585,-12.24388551913378
hiphop,hiphop.00007.wav,4665.994269495032,2019.160534241223,0.34036866178460945,0.05064282,-362.0173527393623,-214.99514408386898,-138.9394766380824,58.678055449190595,14.236256629405917,24.142030000497634,-24.365958763568297,23.208164804719186,-22.31116652690436,15.819459095778777,-17.209006969750842,15.09665031265172,-9.811703526629678
hiphop,hiphop.00008.wav,4830.196328328755,1783.2290029932067,0.4004823901537123,0.052083228,-381.7878148910685,-220.8242550544517,-121.2250988587774,75.79045605834581,1.0366505227377607,32.83409270692816,-33.372242537337925,17.864771246136925,-20.30198161900808,22.218365866051517,-18.595772170564956,16.396772921392653,-16.13923425446811
hiphop,hiphop.00009.wav,4800.917599176183,1913.4035255304186,0.3931423107598608,0.04213679,-381.37980030355465,-202.1584652108075,-122.3433742660395,65.35478061366673,8.380787205742347,33.440057634550364,-30.312221456003183,16.449795104258296,-21.55344462535075,16.57332916859119,-15.530469777736712,13.972180193985094,-10.139719741289312
hiphop,hiphop.00010.wav,4316.840834212488,1852.359458677295,0.3384748253818639,0.04334648,-347.11700499487273,-191.8924299002254,-147.8326614227746,63.975831626904096,12.110298182850778,43.17218842733239,-32.62638249924391,13.518014020462221,-22.731851258070492,17.386966031298133,-16.13541487896716,16.23882664785865,-11.513974827151713
hiphop,hiphop.00011.wav,4588.490841457824,1948.8850743203413,0.3684574844112529,0.04342804,-363.66734211153135,-197.08133280453208,-128.28057459776934,66.81918126805249,11.908492212631424,27.199284914853948,-31.8151504618397,18.706348003953213,-20.384991173656065,22.138563907244126,-19.277787945363567,15.551353527832756,-15.451489699168889
hiphop,hiphop.00012.wav,4386.578981324018,1862.8432164636713,0.34653203245843,0.04220954,-363.26073981384707,-195.77824744028436,-147.6904627418002,63.15729900307927,5.671218713583381,34.873203744908,-26.807157716713395,20.39981020113157,-22.13591125783429,19.00082984418802,-19.434493660555752,16.64748248889118,-16.139802613106287
hiphop,hiphop.00013.wav,3763.2780670249304,1533.577348753293,0.29868046995843,0.033433657,-414.3845805672542,-145.8728722826548,-156.11339606746589,62.02038108445257,20.09119190330311,20.78523070593808,-22.564355400070376,18.198989353823148,-14.88506869159311,8.338016033446685,-15.093078180170183,10.489496721308283,-8.791692116092355
hiphop,hiphop.00014.wav,4141.010701038662,1655.5452951727318,0.3282435771945089,0.07439801,-331.0674332713871,-199.67020976681724,-145.50905496683518,89.13704717110154,7.720933516362444,24.68048092684524,-32.103310929231036,20.727184543785732,-21.277452018646066,15.143355939670547,-14.29858863446964,16.251598190831242,-12.293746900544637
hiphop,hiphop.00015.wav,4697.432546587572,1945.2094684333613,0.38133217324052593,0.03623704,-377.0799407886718,-210.6222715081342,-140.12190352311748,60.403401500131565,11.124594193300027,40.167400492166955,-33.326508058416266,21.382773206362234,-24.092942131291924,16.381940973251332,-17.656433491831248,18.147485740798764,-15.515030855061866
hiphop,hiphop.00016.wav,4506.087221822025,1838.9400457239465,0.34881256646365044,0.055568602,-363.51091824305485,-204.01859339977997,-127.50836776489422,75.5713717963584,7.549190801659464,25.09755774220719,-26.670013327975447,16.338729498305387,-21.219195422331556,15.274818616071185,-12.702074882242735,15.982916854953558,-12.903103771354402
hiphop,hiphop.00017.wav,4751.394803718238,1927.8713774354624,0.38551447397041766,0.038521964,-364.5516770636533,-200.62014406388488,-124.38463378889976,65.93468952180622,7.827895511516387,35.38835907870414,-30.14766067545384,14.034657437016735,-22.939926193451935,20.27139008908188,-17.882602727171854,18.023891535492556,-13.65448202249437
hiphop,hiphop.00018.wav,4705.742008631822,1886.1442202260014,0.38331626425947407,0.045637712,-376.70887973377086,-200.89978103053772,-116.14220120775215,78.88329474943816,8.074041918812199,24.401329144522315,-34.23862355022391,18.232950356600846,-19.915717321035117,18.774260487146044,-17.64124141136367,18.693157189339278,-16.01013658558915
hiphop,hiphop.00019.wav,4798.916574803476,1983.9961130463776,0.34883522452629545,0.0681026,-348.57590168567197,-205.4749233342818,-126.02030368478712,60.77637532100584,16.521013012095516,25.43093068481766,-26.639239986053962,13.097431405615612,-16.22295550794797,15.252795075661734,-12.412701799886845,11.158997419343546,-10.686364426354244
hiphop,hiphop.00020.wav,4470.279480469577,1735.7262462028177,0.3548532059648105,0.056738324,-384.7950175270827,-214.80114844961483,-129.66511875398282,89.46041955750538,4.883700518679041,27.614905729319688,-35.832344684523626,17.647790915694074,-20.220924506530707,21.551102938839353,-18.906708269597367,15.531571217707627,-12.296706393575876
hiphop,hiphop.00021.wav,4515.800921002962,1890.732784388846,0.35450540470320957,0.07168721,-317.52944058049025,-210.1480992672154,-138.78891566835594,67.63884557953052,10.999806826860569,31.007739480814465,-30.238117901010835,22.367256956789973,-23.85865903642075,15.665734555942228,-17.471400441900023,17.821851535880732,-12.384153418736448
hiphop,hiphop.00022.wav,4813.8849450283815,1962.7694996743926,0.3935301412654679,0.030987116,-406.3173699440337,-205.4746284735699,-132.9879470380933,54.61178746999084,6.841137111505663,35.98938646416986,-28.398724868364447,20.640400568565024,-21.917194955929144,19.6124183931687,-19.90332286506366,17.14350221189803,-16.69424697191565
hiphop,hiphop.00023.wav,4360.44355665076,1838.2606017738335,0.33620524277358854,0.054822892,-338.4184042599521,-205.62842888828382,-149.23056574743038,69.36726607205594,10.33193165536871,33.82492309391638,-28.2068639432294,20.545206177712018,-25.251326524677456,15.351391868970074,-14.78466397864893,17.609467887811178,-15.199184135987966
hiphop,hiphop.00024.wav,4344.519983308046,1820.1981070727343,0.3318526289394818,0.066184424,-336.00554030543776,-192.93975006296571,-139.96382104730134,69.72008267713069,12.287343537184263,30.822067300457373,-26.604702659976834,12.545209309714327,-21.70218852721868,16.959165370037482,-12.515019748093911,12.743397554737754,-10.400111785984778
hiphop,hiphop.00025.wav,4530.89349290713,1836.3373921019813,0.36360488266144625,0.06683259,-331.9284002109027,-206.18050092088833,-140.40727684643454,66.2167652697077,6.022001592153561,36.394896941894025,-27.046952097633703,19.27649185424632,-26.003394115807986,18.066244771097587,-15.109916566458724,15.779013379514707,-16.2531963446673
hiphop,hiphop.00026.wav,5573.309243819961,2303.8092996964,0.4500851879061544,0.05407248,-364.11100659658683,-247.59073180108066,-77.72766845915906,58.62733909929434,28.208190095827238,-1.4231666267688223,-15.883503760967898,4.194105354844404,-1.8533670269545033,2.6437021747816547,-5.486280283133371,6.083274962595329,-3.1522490157638634
hiphop,hiphop.00027.wav,5217.394850180147,2308.7319790766032,0.4006678694385593,0.03045017,-390.3404611707983,-224.33300709546404,-105.8715737505517,36.10727170851446,32.39971279967893,13.533922140811288,-13.535254446815621,4.15641565033957,-4.7208620485910116,1.3289463543332696,-4.063906985229811,1.4090031629525819,1.5791006517355337
hiphop,hiphop.00028.wav,5101.700798973323,2384.418199168143,0.3757979414394818,0.047232907,-357.7285484634024,-225.79390413670194,-104.25010529615942,44.36714563686333,37.81140876803104,2.20655038100314,-7.443346529202582,0.49777909292062716,-8.02926262986986,4.659642402693876,-3.531497817376896,2.9383959689875607,0.5291819284352088
hiphop,hiphop.00029.wav,5415.618748929979,2368.905977191265,0.43324396442564983,0.049930524,-353.5732498138431,-244.33665822130894,-103.6523200469132,40.794502410312155,34.443289744231166,10.228884059142816,-8.562743621464607,-0.031051807423700624,-6.084181700805875,2.240700518236709,-5.7549316409325835,4.718540302292812,-0.4285718988889986
hiphop,hiphop.00030.wav,6019.850386571008,2288.115983937783,0.5340679077242846,0.070373125,-331.31646846007504,-291.7228536034397,-104.58764119183714,26.50500367205949,27.36942782173693,23.086717966048894,-5.6611124147745056,1.9273456280395307,-5.639469868093542,-0.832643291824449,-3.366806512703747,2.2283989200269434,-1.9829536033134474
hiphop,hiphop.00031.wav,5461.087827205485,2599.3633111763456,0.41828280705785603,0.06353226,-310.3136269592793,-245.27271076387757,-115.79748323979271,30.479926858482738,37.3393866617456,8.243078742182169,4.104776634651705,-6.003555350721252,-3.100068814191745,1.058754458576379,-5.971821174367268,1.1299132432937273,0.03062067800186494
hiphop,hiphop.00032.wav,4943.301525702378,2374.5542739921966,0.36721815952034886,0.020763323,-430.2679179738637,-212.95125352669928,-113.56534395121672,38.35137814534985,41.262385418237415,9.188269891584396,-12.843344707882538,2.752042102000523,-8.699595346620805,1.0940607826639657,0.7759809268311348,1.83418277580443,-0.1666068396827469
hiphop,hiphop.00033.wav,5098.684742950286,2322.8671920617376,0.4031884765625,0.07398861,-307.8094820224259,-235.57678108105034,-108.84723680449224,48.635041945686545,39.191008039487315,6.174444187172567,-16.678688723285678,3.7756724483837005,-3.7426606680277104,0.5558471337800538,-3.089607954057983,2.421343366075035,1.5378831600942022
hiphop,hiphop.00034.wav,5082.9372734383915,2261.79483532234,0.39424239703065134,0.09499835,-268.4749990765235,-238.86398988340605,-110.82535370912379,47.35596676002082,31.563640677253176,15.747278044254186,-12.041419076426546,-3.315222141067501,-3.597228836518791,0.2820247745106059,-2.8828822213674856,4.983189938072392,-1.440688225510152
hiphop,hiphop.00035.wav,5498.070555431796,2373.737085120089,0.4371329471982759,0.03610011,-380.5124444205456,-235.73250265701745,-96.94641430704243,39.15655770501763,36.76964998680559,7.070146143819431,-14.537830259494458,6.122070038254663,-7.0198083368701765,4.347368640419996,-7.199450787119258,3.539118493830951,1.5301680499906114
hiphop,hiphop.00036.wav,4915.998240562248,2221.2051702314775,0.3584561434659091,0.03070282,-451.1408876376052,-185.68674885077294,-90.42955583917245,54.31760822723937,27.87368697652179,1.332089223191338,-12.90348204570436,-2.335837716640684,-0.5641124589984455,3.8556590597293505,-2.5014658272675683,0.3032756312391058,0.8879656781444771
hiphop,hiphop.00037.wav,5624.672870715373,2345.352342813252,0.4426935369318182,0.061768435,-330.949364715406,-209.5896007898677,-66.16570903843655,48.33287702136215,24.253923091148234,0.9696130418371404,-9.583673010140984,-5.824283512805487,0.6215652526077564,3.940705984231407,-0.6449154943877955,0.45427679170290275,-1.199870479882549
hiphop,hiphop.00038.wav,4259.797631693935,2072.9816913858367,0.313137724905303,0.0779681,-325.5682524890235,-191.67121802279343,-108.86359313808701,44.59900445954482,31.9089758221865,1.825313449817937,-6.065561912651943,2.357597957842378,-5.535398946822944,2.319072203707894,-2.1166682133217454,-0.1607151985035627,0.4955635879709201
hiphop,hiphop.00039.wav,6047.078110637583,2614.44822723562,0.4932391542376894,0.032798443,-399.2492842712581,-220.3050097441324,-79.59376767578838,23.928061909570268,30.48341512462873,6.439380242424875,-2.9121665119504105,-4.044672814376541,0.02045744143201153,-0.6830944661304977,0.37326887627285715,0.5904669491797497,0.2426307498786259
hiphop,hiphop.00040.wav,6085.803148257918,2651.6636514238253,0.4665997129498106,0.020713774,-468.02564287827136,-203.33959619133088,-69.69104987254809,23.574765878761305,32.90925743819871,-0.03324348475508128,0.38533185525606084,-7.315728194052546,-0.8150522263897766,4.452642904715189,-5.252072812947712,3.001814726171897,1.6190985481365339
hiphop,hiphop.00041.wav,5042.996520780209,2402.8804969241473,0.3727317116477273,0.04864442,-358.27174578006685,-232.43269450381604,-110.29196401402508,45.449533004384634,32.40308067396341,6.62724819303124,-6.729034970851777,-3.3414338503865553,1.0139071906319617,-1.264629131329408,-1.3409583030661145,-0.12208313464270096,0.9437412446445677
hiphop,hiphop.00042.wav,5232.237189157426,2340.9395135291834,0.4031864050662879,0.06869559,-330.32264407726393,-221.20837657593069,-88.22709655640301,53.49394030945649,32.413083680139785,1.095556003816061,-12.905807423539539,-1.0588857741158881,-5.535611308933899,4.704680010624926,2.209410323091413,-1.406143610146274,0.6160798217737936
hiphop,hiphop.00043.wav,4731.7943115287935,2376.557516589494,0.32447546756628787,0.019050647,-449.3418582537529,-200.32322308944387,-125.91447086099733,28.55929760914786,38.635059606005555,8.397141949673339,-3.5762784762214626,0.39810479188224124,-1.0677691104055222,-2.126995931930561,-4.945955250079392,1.552675064783271,3.0669526181002458
hiphop,hiphop.00044.wav,4785.4521512138335,2313.6805471061184,0.3493922378077651,0.011405159,-509.8396978717827,-170.40412943558655,-93.60370094331697,48.77498304677731,33.74108875129331,-6.0270881338443,-2.588164190189118,-7.465904462911529,-6.557727785086676,12.531217244343239,-2.3129372677075795,-4.3469666332990835,4.001072128919066
hiphop,hiphop.00045.wav,6047.078110637583,2614.44822723562,0.4932391542376894,0.032798443,-399.2492842712581,-220.3050097441324,-79.59376767578838,23.928061909570268,30.48341512462873,6.439380242424875,-2.9121665119504105,-4.044672814376541,0.02045744143201153,-0.6830944661304977,0.37326887627285715,0.5904669491797497,0.2426307498786259
hiphop,hiphop.00046.wav,5207.614366266306,2479.4757174969595,0.3842848964375483,0.039641123,-364.13292272080537,-220.247895860181,-107.95676063572697,34.181659222544994,36.97120779186034,9.75511515880475,-10.259732115861176,2.322762124248002,-1.9645476892794709,-4.116353842372117,-2.1802982988649213,3.4916825323827267,0.416644076786447
hiphop,hiphop.00047.wav,6245.019336184311,2557.8098999279964,0.5238030500773395,0.05050428,-364.5384637191252,-258.07588978699357,-84.15935468512629,32.55211582733633,37.75399645584901,6.370759819469769,-8.437049697332345,-1.3456551672534929,-0.45020256062829,-4.7730687204954005,0.93353067501761,2.6468825727868754,-1.6453106555231494
hiphop,hiphop.00048.wav,5323.856294003624,2299.6502794163866,0.4249946375918407,0.04361384,-378.2368932973138,-234.7991536525295,-98.90778646357685,47.03897148267531,27.693136425389046,11.081666087181626,-11.6503001214259,-0.3879951412869109,-1.8256121661597484,0.12084049202312905,-2.6133508253723217,1.6725293628363707,0.10822780043727441
hiphop,hiphop.00049.wav,5619.9088735827745,2420.577388132648,0.4468864800850735,0.07129373,-323.5347224905302,-259.0452835724895,-84.40066984473972,56.382642929029565,27.922127343137856,1.7511262401126115,-11.63904250948055,-1.6377436943047734,3.5174665177194755,-2.179583585902051,-2.5846550200446616,1.504426938213459,2.463343813707159
hiphop,hiphop.00050.wav,5204.327373186749,2716.4649000214376,0.3766963336233565,0.029875563,-403.2792508073008,-202.92810115105237,-104.49205818986302,39.818156786750706,44.418966391186075,-7.230327508833156,-0.581554159567307,-7.260396052158014,3.7664701709703072,-6.723940805679425,5.536392693352361,-1.7842540716181785,-0.6022625468033772
hiphop,hiphop.00051.wav,5248.950900535016,2154.5482106321697,0.4088949511794277,0.059113428,-346.6760499445765,-213.71999663653003,-82.99911096798722,58.45753693632704,19.763282084504915,7.190236296560561,-16.154234509170625,-0.04915035535170856,-0.6220246971357913,3.040323360080162,-1.9056750294936298,1.7424318407219885,-2.4062605120508205
hiphop,hiphop.00052.wav,5826.814682784252,2476.991532799988,0.4646152812016628,0.02080045,-436.5194337504051,-231.62607997772938,-87.33843457702145,30.2234049493278,28.719162653531214,11.091467141527573,-6.58567441967203,-0.32673554453065,-1.5822741517505579,-1.24474868640985,-3.1203974165133777,0.06762021165499488,2.4884503104045015
hiphop,hiphop.00053.wav,6298.832008590917,2546.586617312822,0.5214624722061099,0.02428552,-441.80073230747024,-255.80485674669538,-82.973742630379,24.66751933310927,27.520323649730134,6.59963301316076,1.040580059627485,-0.3158528497261277,-1.436354674586183,0.12338963136822077,-2.759988772016708,-2.191813711707981,-0.1047166487262779
hiphop,hiphop.00054.wav,6355.106917841506,2654.3403814850058,0.5500588354360015,0.027527422,-403.4261647149022,-260.0689808064478,-98.1035564136386,14.856396957778735,38.88470666590768,12.56263216225749,-2.855171962365275,-2.4673892927615046,0.19865199323532176,-2.775910745984655,-2.3890854600251727,0.40705675851733336,1.1386249304048082
hiphop,hiphop.00055.wav,4301.507707717491,2134.544944510078,0.29874164672757153,0.019768773,-444.58481366774765,-200.651920535201,-125.6028098377773,51.56148264820014,34.06729195456744,6.79387693633735,-10.298541272778904,-2.3408058638122804,-0.7416302057942576,1.1575855847549184,-2.183462208463762,3.687369726543966,-2.523612987914378
hiphop,hiphop.00056.wav,4796.207140302254,2070.5492110090418,0.3824386419663573,0.034816083,-390.9653809849619,-240.79172456443027,-122.22860927578854,52.64495052257385,27.197056125942225,18.70878802870302,-13.717722827224595,0.5678320668081123,-6.138868962250717,1.884354753779747,-4.0320170889719185,5.22997763160199,1.2554975967709063
hiphop,hiphop.00057.wav,4604.833610839155,2224.3830089516987,0.3417073756525522,0.031758193,-392.11202663612943,-212.7521554645797,-114.13918056758364,56.94926798614598,33.05302737987653,4.338852078480495,-9.39587187885505,-3.362611407839185,-3.7542968616529233,0.7392630211740746,2.264893238027966,1.4929456946561799,-1.731444076753864
hiphop,hiphop.00058.wav,4708.032992783024,2056.5547868739395,0.3719894987432328,0.039399337,-387.1633129091804,-234.31243123376723,-122.7303993880645,54.55587562465141,27.951632862998974,15.664334230244815,-10.326757437717106,-1.5305881985448229,-5.692902178374988,1.2044570489700237,-2.551721862507169,1.3149793936219696,2.2862937549023474
hiphop,hiphop.00059.wav,4622.727585795591,2111.73299277625,0.35982891652165505,0.026876545,-422.4010973059182,-218.71312392883,-122.75835369112166,54.80161803308996,31.336650337495332,6.90320819840715,-7.12949874121862,-3.34542233806688,-1.852319332312696,1.9179596952339433,-4.42162062840153,2.1875851541088362,-0.006743849357862127
hiphop,hiphop.00060.wav,4234.879249859053,1877.595909175437,0.3301676243474478,0.028076198,-419.6557588262496,-190.7781389547373,-118.33846669069665,69.06097298455525,24.507078622954094,4.46145252000136,-10.6218176484335,-4.395474360134745,-2.530958413498498,4.411677746991678,-1.6919315974002163,2.3196311235821496,-0.6043061630095425
hiphop,hiphop.00061.wav,4488.355195950784,2263.7396894061344,0.33246250845901004,0.024529457,-409.29964454184926,-208.01400685587316,-127.69429492275312,44.299990500034966,38.307262988599966,12.823283176731165,-12.12091930132199,-4.399935234180386,-0.3083047546532319,-1.9746575208026442,1.3426357137513782,1.2115934032649722,0.00529889170597968
hiphop,hiphop.00062.wav,5240.580449303176,2405.888600344681,0.3905290808681361,0.033411965,-408.5728595301743,-207.08637823682866,-94.66093834491954,39.03857320035277,33.750179196976816,5.563814225561908,-8.202523683915105,-1.286067507861132,-3.15218956073598,-1.9785238195746293,0.6114423151075352,2.8683156294879044,-0.9286238310277063
hiphop,hiphop.00063.wav,4864.3149865675905,2230.5314218807816,0.3607171125773395,0.048023704,-368.0912291678174,-214.87896189088693,-109.18178730508306,52.7346114399427,36.508788347058164,5.850513213531158,-14.41619103717172,-2.947776181338259,-0.9569370176854625,-0.168651450901026,2.021407365357301,0.051040032730056153,-0.32184059927422387
hiphop,hiphop.00064.wav,5002.430304660945,2164.296821501442,0.39252789962780354,0.048316557,-351.48326747107757,-217.65753081912223,-93.45351576171954,60.49362269897039,24.553409970972407,5.6298406169732065,-16.51856687538396,0.15304730234025876,0.6138023919641581,-0.24934068163788917,-0.1763670288781245,2.3875508170448354,-2.1469978119228132
hiphop,hiphop.00065.wav,5949.8907992126315,2498.075320810472,0.47772863495746326,0.031063154,-411.8310042825557,-214.41317930740962,-66.45006629088705,38.3615241520554,28.671552131668086,0.9916251450248351,-11.125432486429258,2.854453669911479,-2.00019135594154,-3.0053354769390426,1.7523550248065645,3.4910647650617856,-3.0935688348083064
hiphop,hiphop.00066.wav,5014.204191628842,2270.995429342546,0.3785784633604022,0.036616597,-395.31696724797536,-215.25629774715784,-99.80538750165034,48.6649155196861,23.698217609462837,5.375496855305561,-7.701339561717731,3.2083391119488582,-3.106363925734141,1.1033289653515417,-3.1688820040569965,0.22167689863696072,-1.8726550537304831
hiphop,hiphop.00067.wav,5686.521357773363,2597.75826798192,0.44674260138727767,0.0469975,-358.46702704245155,-246.0981903470303,-102.46393730715222,34.751896817931566,42.59601448600922,5.42043788972823,-8.337214878209315,-0.9175501943619204,-0.769451704209516,-3.815646991298698,-1.3348385766246003,1.921933621612711,1.2657900359810035
hiphop,hiphop.00068.wav,5338.552551569592,2347.691865028003,0.4189966707753287,0.050391283,-351.314181346224,-232.8041466688015,-96.38466125929652,46.1998368438846,29.412117226843492,10.798352167420152,-13.192781181940054,-0.5819807811238222,-0.3546037541689624,-2.1278519442607045,-1.8555800867134384,3.1480194176192824,0.2215129985380187
hiphop,hiphop.00069.wav,5906.41928450351,2388.3542913943047,0.4794838795436968,0.06963676,-339.5573571560478,-266.2037229181075,-76.39375556721895,52.77625290408213,24.23450859866328,5.216636130072802,-8.266305719339762,-4.208310922821387,-0.11615076479620855,-0.4837977940657285,-0.04102590777921711,1.5410365111085407,0.11693405203628589
hiphop,hiphop.00070.wav,6348.405548847604,2502.9279218407632,0.5289611580384764,0.043264646,-380.03131002517244,-242.40580209961024,-76.70011132867138,23.635534167975855,31.796233926385877,11.88344656430967,-6.380586247047829,-1.4235143274455933,-3.0809469315888593,-2.569320927132646,-0.1761365289061777,1.9273579835381758,-0.034699878524872815
hiphop,hiphop.00071.wav,6344.544047782242,2580.4610254532877,0.5362060735692189,0.04725527,-369.4437247111491,-263.1255131385948,-79.93036188824324,33.8899954619171,39.84632438239991,1.99614693925348,-5.287157195838749,-0.14978907851881676,-8.061813805134337,-0.26008834336628583,0.30891041188903623,2.912030571402156,2.5131001821192163
hiphop,hiphop.00072.wav,5307.055887105271,2691.4449684404626,0.37663326868232794,0.02936701,-404.0106297188869,-206.981063796792,-98.87710265753694,39.88610832792515,40.59503155244142,-1.6870613410723891,-1.2581676396510477,-11.013158237488769,2.6383759514916623,-4.196143895364729,6.121749442192736,0.39529160035605976,-5.034984708495209
hiphop,hiphop.00073.wav,5961.833392600818,2495.9239358679447,0.4777562022670147,0.045572445,-379.0583886808066,-255.24635423701272,-85.31875116976335,39.86491263175689,32.914418689386906,7.553956362174253,-10.218685271191179,-3.508886255301681,0.5082589729480952,-1.184810187956595,0.4769813208031126,0.15951349239894466,0.9084305004309917
hiphop,hiphop.00074.wav,5231.9763153579315,2101.473203126985,0.43672622716067283,0.05400435,-362.96143650436426,-256.29223549063624,-99.74373105019626,58.30261059907903,20.383472544095877,10.859056278078851,-15.497829718204727,6.028277335722902,-4.227460446616424,3.878846811635976,-5.726504806556836,1.1691326604305898,0.624168462914319
hiphop,hiphop.00075.wav,5595.7696445894335,2440.592339275592,0.43901318095030933,0.048384145,-369.4692864457796,-242.11573923525552,-87.22402264808763,45.75788230648706,30.623363687900085,4.1164230014840335,-12.307920488983275,-1.4540157275816519,5.606206781802062,-2.0409471027392176,-5.336344738043378,2.2475167550725543,2.566164080231564
hiphop,hiphop.00076.wav,5343.1989423894365,2593.3154616231373,0.4017705010150812,0.035375208,-395.99663650563457,-215.36244006376714,-107.40224210688541,30.031807348440786,41.941485862528744,-2.9266301264826575,-0.7523573474649538,-0.2676526199169805,-2.3123187954999995,1.5604331228548511,-3.91282269382963,0.3892104493524191,1.8911116246972723
hiphop,hiphop.00077.wav,5549.538929634874,2518.967656598624,0.4475231716453983,0.07368134,-307.84132701506906,-231.0710477828398,-98.77942186039319,35.961273821231984,32.47248334166407,7.0550685474139,-3.2244923550922877,-4.645071506637387,1.0415249265718673,-2.839245034644695,-1.9024277710680657,2.271054629057947,-0.14895461994565914
hiphop,hiphop.00078.wav,5343.1989423894365,2593.3154616231373,0.4017705010150812,0.035375208,-395.99663650563457,-215.36244006376714,-107.40224210688541,30.031807348440786,41.941485862528744,-2.9266301264826575,-0.7523573474649538,-0.2676526199169805,-2.3123187954999995,1.5604331228548511,-3.91282269382963,0.3892104493524191,1.8911116246972723
hiphop,hiphop.00079.wav,5297.920412143806,2539.0885794999303,0.4125961457124903,0.060707394,-343.93831719625126,-216.3368975371649,-99.6233059101135,41.766384441471494,45.615995947244855,-10.696100756895769,-1.8936887325655196,-0.03317253368063812,-4.556223385648334,1.3042976375777948,-3.7650269596937154,2.616258320730265,3.583613180907096
hiphop,hiphop.00080.wav,5486.102117372322,2513.571949439296,0.4285277848269528,0.053571362,-343.60675372479835,-248.48586383150035,-100.98701652077393,44.50106665707418,36.61821298823871,2.28971642340804,-6.519991184591147,-1.6941094656572615,-1.4040716623805618,-0.548024121076994,0.4020917093740646,-3.1633926256035236,4.017663411659302
hiphop,hiphop.00081.wav,4526.106776935642,1968.2632189775904,0.3716688871568059,0.008768138,-518.2805760111593,-181.0074972843608,-135.9264404853519,56.152027799422115,16.175975003102046,33.19079865107203,-31.39164838105931,20.379294036071713,-24.407788465892708,18.708071757245925,-18.05568844875935,16.85200578504415,-14.533961497443856
hiphop,hiphop.00082.wav,4384.565141822556,1813.1037888673795,0.3521516096287703,0.02411226,-423.33919607825527,-215.43107172271047,-158.26136368946425,65.53492092968902,5.904546939335435,39.4337448500474,-28.68302685504287,21.530239197444107,-19.385191085666513,14.739099810291995,-21.096197915610684,18.855340215001654,-16.049723912437912
hiphop,hiphop.00083.wav,4532.979928635025,1994.269783582784,0.34818191705336426,0.028784476,-398.7672479553238,-195.306206689008,-133.75740326360284,64.88785659343394,18.12809391062342,31.36442906534687,-35.04304072810466,18.41348561861312,-22.5455403814329,18.852728939558503,-19.122251869912258,20.84796195087093,-15.93693730352721
hiphop,hiphop.00084.wav,4068.6102178280566,1705.1499326482187,0.3310886745939675,0.012371607,-484.41336675460946,-169.90903770000256,-136.53630983035765,78.93373298614446,13.916199514727149,23.28729586421856,-33.53775305439406,16.576198696169097,-17.684699400386123,16.46946471208416,-14.78565186054542,12.28504900599839,-7.700681185482397
hiphop,hiphop.00085.wav,4706.915616615664,1895.863028148882,0.3902957028228925,0.029460069,-397.8481456149848,-212.91006965314523,-132.24067094072677,71.79796897252915,8.27532967406441,36.20408807629668,-34.806478560837725,19.66394823639457,-24.48935319568937,19.654283557900584,-19.270829754149386,19.046252991976523,-12.682766298222292
hiphop,hiphop.00086.wav,4478.807149511383,1936.9163645275962,0.3506912974912993,0.014167321,-462.7938401237067,-174.35633673678038,-119.79390144840386,64.7079457412043,13.483250005181223,28.56451889869851,-36.142758679216705,18.778698946054753,-17.679281593086596,14.361793860897436,-14.617642685070926,16.44045707093504,-13.572335182764602
hiphop,hiphop.00087.wav,4877.847896844997,1901.3409012493285,0.382265307787123,0.020553596,-463.65751094714454,-236.69100423893684,-129.2628649490888,68.80683709151018,4.424729150150662,32.47436609274329,-24.182250539573833,22.172464503744724,-25.46306469388053,15.07454743439635,-20.027128359524607,16.527746084045837,-12.079233417101634
hiphop,hiphop.00088.wav,4642.327973085291,1956.5467631911094,0.3643786555007734,0.043934584,-369.5698123582952,-211.61553152658814,-135.12504201504973,69.3655973706258,14.652040742669236,34.93837421069595,-39.625174017097365,21.440939779154633,-20.68180587758808,18.390392654304133,-21.45035268533042,19.07662298370703,-12.570292239571295
hiphop,hiphop.00089.wav,4645.876563268674,1902.5929098352185,0.36652475166763343,0.036808897,-389.8296378151535,-223.8719834659264,-139.52726137734328,70.30814116369721,13.973773045306686,36.58579890557919,-33.95380189388307,14.966119585280001,-20.315438002667303,18.924213275362852,-20.391105485933753,16.562092309290982,-10.64736479579569
hiphop,hiphop.00090.wav,4582.287442752013,2068.645071744435,0.3572530724332947,0.025488421,-403.7546516916539,-209.09241592275237,-143.58435199602096,55.10361748759576,19.20310455959053,35.756283079632084,-31.30924804330007,20.498232738030463,-22.47098250046838,16.929419400015888,-23.674338798087668,20.04940366435761,-10.376657754248097
hiphop,hiphop.00091.wav,4535.531270318282,1868.0740245662894,0.3623447167440062,0.038763203,-382.62925393288117,-207.8091427392041,-133.7135868621144,78.639938840541,11.939063422050229,30.803792553428426,-38.439641202006015,20.366304654519755,-22.1203591209497,19.781415641390392,-18.163714838847007,17.40200697969351,-13.612850265340258
hiphop,hiphop.00092.wav,5311.658489830645,2107.4822246983335,0.45901269757830626,0.01977616,-435.4020874797084,-219.8574088264265,-113.11817685766337,54.23084991982345,19.524425051151532,33.33588839336861,-37.98619973637023,19.954032704538974,-23.85730849700073,22.04407493954521,-20.54944491781856,19.343282457770936,-13.01399219193571
hiphop,hiphop.00093.wav,5098.494925625336,1804.4197626952316,0.4267238254060325,0.022985412,-460.60560570595686,-235.14411281419638,-103.73079386612096,80.6609400291141,3.417032954225598,33.08733176298378,-41.536389493186626,16.597310237618636,-16.33523598891216,17.134933734794842,-15.169596193197517,19.010444460927523,-17.456494721569296
hiphop,hiphop.00094.wav,4604.732669479442,2045.3966204190326,0.36198634171983757,0.015930692,-452.73088080545637,-189.86191523744276,-127.77745970302783,59.58156142585411,20.224811163602286,28.406818627299387,-36.29798309971877,21.95030339842385,-21.5154673860461,17.950157151228325,-19.726513137088528,16.74577677665435,-9.849273983054877
hiphop,hiphop.00095.wav,4467.975437424107,1804.1391486439195,0.35987272210943544,0.041418996,-372.60722738360545,-210.12506017325035,-143.28863947505056,78.4718519106099,8.07480901154321,36.64220286086859,-34.96015905277767,21.201638178464226,-26.948975518279454,17.684212702276692,-16.19835453481534,18.18205633546169,-12.336811240872771
hiphop,hiphop.00096.wav,3910.4097349163376,1721.5300915427624,0.30192774796983757,0.024409782,-404.15282355425074,-158.11660992741918,-143.40889050307464,70.79504861414631,11.813310874954713,25.299048061684523,-27.55573931225424,16.98479908833707,-18.052697928964953,13.455903835558313,-15.295071486899268,15.427878100998669,-10.762543985100468
hiphop,hiphop.00097.wav,4996.8798324323925,1930.245561039853,0.42453921053267596,0.030248119,-400.5484632596458,-222.12461335344977,-121.23775417409202,65.7097020141407,6.135539774259345,38.00307216274403,-32.64585236798072,17.870171336842073,-23.518119428036908,19.33424379293206,-20.253572515003782,20.159710096129334,-14.376428374848977
hiphop,hiphop.00098.wav,4536.218107974322,1827.9832321050749,0.3645923965583913,0.031945743,-408.60432340389684,-213.6032901880662,-135.93685228167345,83.41612100816454,7.86522830727635,32.495729515566616,-39.39862648725374,22.687694787639728,-23.544347738240297,19.43982385742807,-18.13936663861907,17.223340016020224,-12.14074325340079
hiphop,hiphop.00099.wav,4123.787358044468,1859.356399332462,0.3236337943493813,0.029248865,-414.669415914903,-174.19290582763657,-139.08652621165461,65.24401724994635,19.42647277778934,25.90973803945352,-32.47020473686944,20.307495640776178,-23.75334670594002,17.475741189523177,-12.293551023268442,13.739811325844787,-13.683577556263764
jazz,jazz.00000.wav,4188.26624930179,2263.5627185337817,0.2911024809068059,0.009313277,-522.1590163864754,-132.52287050915623,-110.1521335777489,35.82816092728085,32.59787883132864,7.1023649113218115,-9.311352841474715,-2.585888621475464,-1.263161232635614,0.9832963235672808,-0.9114606677590349,0.03958590098409393,0.7720491540126433
jazz,jazz.00001.wav,4260.514050036412,2235.5469384785683,0.30000936533255995,0.0031841455,-622.9341531988593,-144.85356600897305,-109.94771433548469,37.751309404944536,30.11931201124962,11.006676262954832,-9.21346507758402,-2.787817110188776,-4.842693879496507,0.3403157232938602,1.0748038325891442,2.9187602515341085,0.3370783904904327
jazz,jazz.00002.wav,3046.6780223702954,1349.5635296267765,0.2285273316656999,0.013004679,-541.5875723821125,-96.17523688727138,-160.6802230223957,61.121405839659324,19.496309359248325,17.732685488301055,-18.573029662750784,3.8895369750669513,1.0366662221944782,6.245634119004116,-16.382889826095198,7.012340379860089,0.3843116920680333
jazz,jazz.00003.wav,3699.790331569514,1990.917587751253,0.250985625725058,0.003525753,-624.4001806768749,-100.9832485413422,-138.79064941820428,17.125144678883444,21.91881511121778,26.728819318681413,-19.003619832712037,16.71781663912267,-9.001600593733386,6.123591669373498,-15.014245999495868,10.102311093759933,-7.280430206480267
jazz,jazz.00004.wav,4083.063606932381,1840.6998934985445,0.29974502126836816,0.00828153,-541.1443738565234,-132.3737826080148,-104.8136553048439,66.31852636748127,3.187617567864266,14.663837271421322,-27.336417367559,15.679009096585126,-11.424178324156017,16.66198687625911,-10.013091325015981,6.387291663422809,-9.194968163292893
jazz,jazz.00005.wav,4047.6783156902993,1843.1392200452992,0.2997302935276489,0.012715419,-498.01757355156656,-115.79610927928539,-97.99038855695086,56.438617591905064,6.4794477027521005,18.16520487844252,-24.791243655089605,9.672479522053647,-6.87372839956429,10.661667006365436,-10.42016478560247,7.432281809949888,-7.3880243117720825
jazz,jazz.00006.wav,3726.1946824040792,1580.3699136988919,0.2793202883313998,0.017842308,-509.1002344248474,-132.33747014427195,-126.91503340598827,74.59105595701992,4.764990257118116,17.022512301028918,-22.60749575309229,18.16487669304373,-16.742012113544316,6.845810875678119,-8.66076693472134,10.7551369540416,-6.9649550104122255
jazz,jazz.00007.wav,3897.6312673624757,1720.5884463612072,0.28462605133410673,0.009585957,-555.8490171761428,-120.13200645412816,-103.29344159619697,63.59616270532141,-2.0089537739659438,22.775635834002532,-24.904907208655022,9.731894378233784,-6.022506742261168,7.164283736722769,-11.839024274620105,11.713305677255441,-4.097270951470053
jazz,jazz.00008.wav,3837.795264227091,1767.3003899486605,0.28818298953499616,0.0157657,-457.3227208632364,-136.9514322795949,-130.8373361289909,67.16690711207751,20.750660607651213,18.045743967620567,-28.760231713635598,12.940824202038058,-18.725688815669983,17.82091467045049,-10.602810556684219,7.417290461718187,-6.884082587555704
jazz,jazz.00009.wav,4325.425343716491,2087.7828788215606,0.3451653736465584,0.0017227415,-608.2603218917591,-141.88103732415354,-127.39791889701677,33.914104571490846,10.599648864470177,27.173142960528715,-19.009272776300012,18.914285180737355,-17.837882594482416,14.61330919283979,-15.88946295306635,13.494038617217095,-11.676865183762041
jazz,jazz.00010.wav,3255.583553662721,1519.0458679815324,0.2486495794663573,0.008389158,-604.4116518174073,-94.00889780260334,-146.10540428583272,60.57303214507007,29.345907114524934,12.806813441960061,-25.379278780014864,11.116939315708821,-11.846389492274987,4.910973283299269,-1.9185309798049794,5.9415730220132525,-4.96920960196518
jazz,jazz.00011.wav,4468.329241389623,2012.3197490523892,0.3379510465003867,0.014492169,-469.9496297307974,-171.80778070751606,-116.12272234392762,63.01431941948247,13.220976489218659,25.05038848340823,-32.351455071319926,17.649092812487794,-18.536861346906832,16.663528382977635,-17.002648436522975,17.548162655637768,-14.08826517956169
jazz,jazz.00012.wav,4453.825978803915,2000.6204797765365,0.34477678787219646,0.006770791,-539.8096379500315,-172.801130010695,-123.85958047180826,60.411481521222534,14.449438876486859,26.275795088912396,-31.17474792920676,19.543679222440176,-19.482449249854227,16.153158809532847,-18.44555446464471,16.544573939530256,-11.336893139019471
jazz,jazz.00013.wav,4935.986876129707,2087.5535922517324,0.38106178702629545,0.007446692,-520.3345683444468,-202.09078507040078,-119.49403474730279,53.933304607086086,9.661486446879419,27.942001626239986,-26.227156874001707,24.99784414791971,-26.91130050016034,20.394905604867645,-19.378130443152507,15.16474142794289,-13.659253585337035
jazz,jazz.00014.wav,3507.8344978058512,1722.3585778633662,0.24343595925174014,0.0077481014,-594.0260736116338,-79.52618382563718,-94.16346421110664,54.87873049777151,18.1721963951641,-0.4392780583594856,-20.454528445979737,10.06045817982185,-2.378576645998919,4.335795332065682,-6.18300544034665,6.122084013101269,-7.501896331041938
jazz,jazz.00015.wav,4364.712191258694,2015.1304993433107,0.33429214701759474,0.012745123,-465.4601942190536,-157.03096673547552,-111.81699889643525,63.235807704347,17.01887440561783,19.512739108740583,-30.984009094723003,15.607175854414349,-19.400683977553136,18.616152693622833,-14.817192491291532,14.752135001750972,-11.377904070456562
jazz,jazz.00016.wav,4103.5968314618485,1932.3689581165677,0.28738580336426917,0.0131810745,-521.5822902099392,-139.77275670862744,-107.47500741903946,63.33381404073326,12.624656006945429,17.567693158392114,-30.301450801266526,14.339483172934855,-12.613185930659192,15.084659580790486,-13.94358602691048,13.339949079214927,-12.790175575628256
jazz,jazz.00017.wav,4590.425975276266,1986.5067282871362,0.3646565944025522,0.008741686,-512.2195839657685,-175.35209027963293,-114.91955216398358,64.20784399500245,11.379729067951429,26.408056003692103,-31.2252051419581,16.688777223159857,-21.56455382377524,19.265349009732645,-16.152366353190473,16.282356517881524,-12.479227085860186
jazz,jazz.00018.wav,4330.963815145114,1961.615361457167,0.3340111870407966,0.01102831,-488.3866788729131,-202.31028244777647,-151.57858520456656,57.19917761813516,14.47129737512335,35.23953988320799,-25.676498325428206,19.775403448966195,-23.487276444289233,17.71597698850854,-21.17705435138013,15.494310007092176,-11.297522316882533
jazz,jazz.00019.wav,4089.6390999579976,1909.9815124415318,0.2977998265902939,0.006084917,-543.9034496973874,-153.12447423278442,-126.10246360146724,62.841214659433696,14.889255893899746,25.246948195849708,-29.15027473135563,11.868696551772086,-17.443707956076743,16.163779738138512,-14.343877566003965,17.518038527923533,-9.83766388511395
jazz,jazz.00020.wav,4084.730766379252,1795.8691210555312,0.31968373876160094,0.0024227093,-625.8155684750192,-121.5351204904696,-102.43048636111831,71.77556346431047,10.110943488263052,13.022578339764978,-31.844869533824532,11.873154554541289,-7.460227247117424,12.191554403664492,-8.769826497191257,6.214051803620934,-5.808836131848208
jazz,jazz.00021.wav,4785.621611834216,1864.162883609399,0.400099846529389,0.018928759,-450.0456640981403,-210.91449678913415,-116.51567649690959,78.33936285373183,1.051278733123869,31.33429812146894,-32.31873976552363,19.719695627487916,-27.764184914214933,23.947206240122384,-17.66121212611066,16.258584059751175,-11.68544300861891
jazz,jazz.00022.wav,4656.760149944511,2046.0193611347843,0.36250521135440833,0.0036327932,-587.3813041471545,-175.94255075696685,-114.95258663929533,54.59951917426977,8.884191017233016,28.670542096089182,-32.874609408048194,19.448115662533127,-20.211085673420772,22.944451307657936,-15.132394435021375,12.18922936373068,-14.067530678410032
jazz,jazz.00023.wav,4404.579606211595,1873.7843324650182,0.3277873948665893,0.015856829,-472.35986679608317,-191.62465913770558,-125.38108967772577,73.20606472755493,4.105355011355861,31.066061255305584,-29.96300073276762,17.29344790020484,-25.937677364632155,17.903001723490377,-13.9402082370667,17.30987710935476,-8.515527436531245
jazz,jazz.00024.wav,4334.977187803714,1849.6487049600278,0.34044985317575405,0.012646663,-476.64892619408175,-174.69616586664483,-126.83541461030748,69.16815181633574,7.992944668854578,30.89469726272154,-32.36744753573838,16.638828148718105,-19.608568299690113,16.967507379052492,-15.516771316572314,14.121710444404323,-9.455602315033799
jazz,jazz.00025.wav,4572.040802300746,1943.5064499925495,0.356565777866396,0.009603683,-499.558309693041,-155.1913376185642,-98.14565500989436,68.00371458738663,5.106798497801709,18.438440498787873,-29.848122254155765,14.544131632075858,-16.757446858164844,21.20969497753106,-14.742711267532494,13.268007351232987,-12.450102439936508
jazz,jazz.00026.wav,4238.53425192784,1903.5640586475977,0.3065352650087007,0.002510476,-656.6070061608223,-133.05369048863471,-98.81598718381001,63.76653726946931,5.369160460220903,18.707485885808673,-32.44607363161083,11.30611383108685,-5.503458439920718,18.1132887711441,-13.959549397719439,5.468090968589198,-10.879216915773872
jazz,jazz.00027.wav,4420.754232444542,1859.5307245735937,0.3622280277213844,0.009141313,-537.3594791843867,-175.1585900377248,-115.9999527440126,74.62124602323347,6.750484740998876,18.664246469238638,-23.79290826799397,17.53809712584898,-26.0914987620446,21.668686973849034,-17.199320489651843,15.886123993560444,-9.436598369219418
jazz,jazz.00028.wav,4444.563530444557,1974.6829611984472,0.3597186472834493,0.010259609,-489.364856133254,-151.62945280868055,-103.5020930894792,66.38066079590963,10.873132408983059,17.668167719263636,-29.72827440508233,16.45429565807599,-19.64424084324526,19.45428007758495,-13.736023147523722,14.759046893530519,-14.336927525155163
jazz,jazz.00029.wav,4470.966059169499,1909.1113949862604,0.36925580348511217,0.010822926,-513.2861857199338,-195.93097645395594,-126.60042874865405,73.27975008128699,11.584719518666368,22.51819952441117,-23.931198823068968,17.01167636398906,-29.656525803161006,23.247048558796706,-17.56061733551898,16.33361213855759,-7.922024495320743
jazz,jazz.00030.wav,3957.3968481638676,1637.1803453646892,0.3130777805974478,0.008150365,-583.8824730246621,-154.27666469008517,-123.6286184396535,78.05081918320333,7.464696423408493,19.17852752216434,-21.89925475017621,7.984948116176233,-21.81121684839487,22.174770715264838,-11.82805071531857,12.764777450002114,-10.526860986018406
jazz,jazz.00031.wav,4249.355947860113,1870.168222320328,0.3299161198520882,0.009865817,-517.8540682852549,-173.78433323464964,-126.57462553887949,69.58677603893022,10.019130852890532,25.06671446294604,-28.316300997074293,17.185731349337942,-22.941449492222088,17.911140829086374,-11.921909552738324,13.600842370301972,-12.44650819235546
jazz,jazz.00032.wav,4503.122250448562,1958.8779227907546,0.3458889211136891,0.0033835,-587.2709086938196,-161.30927228615215,-113.4067423534861,61.495159407667465,6.824242476299927,25.618264218638696,-29.304614358289044,17.21796664218483,-15.677196409663292,14.988357659725352,-16.18418931471635,13.344924841910727,-11.548342701054828
jazz,jazz.00033.wav,3827.1394606495105,1553.596541959679,0.3057135326034416,0.0068490366,-547.9857094595508,-132.58780491526082,-142.38471733216497,79.50244367647117,-2.2909230594994607,29.95769711265883,-26.272777831254487,15.012824429439561,-17.886484874765284,11.830657658830198,-8.497872175653445,5.768106038105757,-1.3986502051686582
jazz,jazz.00034.wav,3920.6498538973315,1579.5188440120712,0.3155010603973318,0.0384385,-412.1536632915012,-149.86988159806123,-137.5066486553551,83.4815005087959,-0.8766840968177451,32.56008517926746,-30.632420228369476,13.098989476135774,-20.020392738283594,17.862580636063957,-12.32547559179177,10.18715655990063,-6.44555857107568
jazz,jazz.00035.wav,3459.883584427249,1405.45376698111,0.27295337272815157,0.007507238,-569.1043638089736,-119.66757710534051,-158.35272526099376,71.42799523152988,7.042361246348253,23.29069963182487,-13.026470069086482,6.110551365971029,-16.494560883792754,12.35319559375246,-9.936703939270066,9.819897288440533,-5.408093795379758
jazz,jazz.00036.wav,3435.1044746454313,1468.6688051724118,0.2609797195233952,0.027276324,-454.06545236193625,-106.33363667736775,-129.27875184140743,73.42372489868693,15.291729476046287,11.019134691241009,-24.086634971333215,9.084626882103322,-11.383920614996715,13.228862371085771,-6.921609681641382,3.7801216520910614,-3.7088494943320063
jazz,jazz.00037.wav,3951.8751610761633,1803.4136442618576,0.2912048198230858,0.010734412,-485.0233065958184,-142.62568014123104,-137.731200226184,59.61754179939306,9.247744437735678,28.468981470437512,-22.528749148952354,13.899690179964516,-18.607350099688375,14.933067740150483,-15.623947612594467,12.582152486547923,-11.219161683455233
jazz,jazz.00038.wav,3962.529371762157,1762.6581142221644,0.3025965384522428,0.017667213,-461.3606701132374,-162.35398905127974,-143.63612167314298,69.61369527697131,9.695092120856105,25.799784802488922,-26.334563793407877,16.420358542791398,-17.642258725431432,16.48310231736544,-17.067157021196607,13.70601568823676,-13.747653400183788
jazz,jazz.00039.wav,3518.3406825299508,1322.6094640615427,0.27201910527842227,0.020543514,-465.32115966374323,-83.45797521720145,-104.53405316770454,86.02487222432639,0.46916028940841276,-3.528832249732889,-16.08033074076186,4.952866702144046,4.832571701223785,-1.3108323177183387,1.512817331412973,-2.8291280267274863,-1.8371333922115718
jazz,jazz.00040.wav,3746.71425188477,1360.128134164113,0.29935794603151583,0.017781647,-472.6603217173781,-141.2513705056832,-145.07242870496344,88.20127332112477,-5.37663569062675,22.139968354419697,-17.5267057439288,5.469917479542865,-10.712048293109108,13.63455052131303,-13.841986774689763,15.144215005417907,-10.397199338137236
jazz,jazz.00041.wav,3548.930220695061,1375.6742072655377,0.27072872861078884,0.033479948,-442.85470177799704,-98.83605604783746,-110.8244439215114,83.23842603638796,1.1495185910291092,1.4030319417419699,-14.096025320885865,9.811856298061883,-6.734811309211751,0.16998654048475784,-1.7414078264126736,8.746258082002939,-5.007570796742143
jazz,jazz.00042.wav,3975.196573265327,1502.1623662401632,0.32641884788283065,0.019995285,-460.8395765399397,-110.39275967333973,-108.46422536063766,79.70607605383816,-5.529253620383158,21.277835744923866,-21.882701510533895,-1.858425840442059,-2.8434284690853935,11.775799857558914,-7.528360868302486,7.291850376963979,-7.0042015357485985
jazz,jazz.00043.wav,3927.730033037519,1730.5178695885834,0.2981498936581593,0.026428077,-432.8103159648761,-153.311428438264,-130.20202701210863,73.62690939752373,10.342377833810382,19.79814682892075,-28.097310707592268,14.747147538870792,-15.984168511219877,17.93526241088187,-14.28878285337005,11.42905500007028,-12.207657898877434
jazz,jazz.00044.wav,3587.0801941722066,1735.425439113325,0.24896641470901004,0.009104766,-525.9177436033515,-108.34698602432772,-132.2547799524386,51.352822083753274,16.665564118775652,24.195096581757007,-22.217942454371496,7.744390016311007,-12.371663035208668,11.648512030699301,-10.456742339654113,10.068157657540768,-8.109824118019725
jazz,jazz.00045.wav,3472.2595516330603,1497.2077007254277,0.25571738447409126,0.009785721,-533.4136673654868,-125.85429088668512,-155.4079378372044,69.19760466220659,9.962801039084756,23.399339977407852,-17.199534521770303,10.09606214351885,-17.705716397711527,12.318865870326418,-10.739947727282948,11.490179884567073,-6.294231010835151
jazz,jazz.00046.wav,3607.093561359613,1411.3450919257039,0.28341950949825984,0.018089114,-487.6278309854778,-126.47433189291428,-142.53185696631724,84.24422685641254,2.0472451382232864,22.68431113620707,-22.905306409080612,5.247068477043039,-8.860985102968106,10.056489013520785,-9.809651825292908,10.065518637778856,-4.011926528436924
jazz,jazz.00047.wav,4398.731264974004,1951.674417731814,0.3296109912751353,0.011174559,-481.5441463268034,-181.72664600287308,-126.31041965822646,64.74792503163134,12.114761218473806,23.410055153014504,-25.74709389243292,19.118657433999783,-22.731118709501747,16.633006214413445,-14.310723413581364,14.06050581081931,-13.500215579320656
jazz,jazz.00048.wav,4165.907261973995,1878.3319575527132,0.3051991945813998,0.011390574,-488.71582346672875,-175.1344473251052,-135.4239361695809,64.40517710187736,12.694978992039298,28.324368553652995,-24.6818997902146,13.419274362820145,-23.001694671635242,18.1820714127534,-13.613491773982334,15.049832800136157,-14.010583174532057
jazz,jazz.00049.wav,5338.085296282206,2326.9673614639964,0.41243602873646557,0.025140546,-421.6141884996735,-184.14687761998124,-67.68429806436211,47.55397111659574,23.900271175203034,0.027324808935304822,-16.65237478049615,3.575916107586806,-5.536824292761297,11.04603365129743,-3.049302038213334,-1.1011237824034057,-2.6758134650801493
jazz,jazz.00050.wav,5162.194900343826,2408.346090254226,0.39544397756594035,0.04027072,-340.2476393851098,-229.8662029688188,-106.51196076974979,41.8423511883378,35.23568649530022,7.8076029820304145,-7.448202982270675,2.5442586527717173,-9.581137147877536,-0.7127728373443523,-2.0892330811853657,7.093506162751418,0.0006601382659975962
jazz,jazz.00051.wav,3912.694075249697,1691.001612655459,0.3062444865380897,0.006855799,-538.6045686316445,-145.48405622444696,-129.9279089914291,67.50139147360971,9.05007767277484,19.375939518220335,-16.650817319184437,6.409807597341379,-10.419805451913318,5.537614802063871,-3.3059492839694413,1.6813864324819274,1.6562967281575778
jazz,jazz.00052.wav,5051.001455303369,2248.5541462946812,0.3981413786270177,0.041066837,-371.62097867769194,-217.95405378897723,-98.38584279618098,48.74849013828488,23.464162465151635,9.775601622003922,-8.177935428714596,1.8953211944655308,-6.899049524500384,-0.4857583807773818,0.395004879695871,1.2645100483395182,0.1556342300741541
jazz,jazz.00053.wav,4012.85904427901,1716.199703783645,0.31608186206979894,0.038476616,-401.64269128328044,-164.64164910059822,-123.07435877856958,69.5993679467288,12.314220833857249,20.249741029179482,-19.337091994848763,2.8865208244426346,-10.980139207572535,10.022101470758889,-5.672024033417035,4.712299630719334,-2.085652007295908
jazz,jazz.00055.wav,3643.5596774123846,1709.8008024438216,0.2754582215535576,0.007512331,-556.2400469592793,-137.7870719211786,-141.02522768574562,54.74977645876134,23.001447544325522,8.348539352325723,0.7295728300967017,-6.375459757721269,-5.354127174978343,2.583015868061622,-1.542899141259739,2.783440798507268,0.35398949793981305
jazz,jazz.00056.wav,5624.598824695722,2524.5712106453966,0.4449297626201923,0.051606283,-315.11302155845885,-231.27307831087498,-91.59216143640992,38.08395070283115,36.17955385730341,6.24040129146249,-9.645398209957182,-0.3873410848165885,-6.4608487122865625,2.1619442043298855,0.09515168511773381,2.1075286048600046,-0.3548369556010514
jazz,jazz.00057.wav,4171.12293776763,2186.07436828902,0.28406186557424595,0.0091707865,-516.6434251744221,-159.53341269904885,-111.96393114486655,49.88741663088852,28.092303705507284,-1.1460208582118543,-6.643687687939081,-1.569856304029544,5.268776038392514,-1.6119057081035475,-3.143761585224864,-2.25996328000633,-0.32087794840881284
jazz,jazz.00058.wav,3647.971009005794,1813.519128158664,0.2642322844160866,0.027284786,-443.1976215266533,-121.7494160358289,-114.38834143601399,59.124835009650006,28.844041863890865,-1.5755730541186863,-12.561693956218349,-1.2823075805287973,-2.2496215547879244,5.356116729598297,-0.317159883884824,-1.59881101745631,0.5269311070731605
jazz,jazz.00059.wav,5161.013234726313,2420.720420224647,0.3909518844011805,0.01408222,-444.9913262691092,-169.05409228539645,-75.37074512092086,44.47055677809486,26.28495661733907,0.8039421280488179,-13.931678488792036,0.7973641470948979,-1.8160285207868492,3.619576609046668,-0.6160472334495969,2.4025047763765195,-3.2636545989554158
jazz,jazz.00060.wav,4428.699217305482,2322.6638668914597,0.3032264325937742,0.0108608315,-467.5848698608489,-166.8701593999821,-114.10956831024683,36.996541149003676,30.671584566796216,8.316614986151583,-3.7946333064982976,-3.370588410913695,-2.787830431430448,0.6308690226996017,-2.865617997253186,1.3094723830366353,-1.4144622054873455
jazz,jazz.00061.wav,5017.365357161103,2383.409936213472,0.3667625491653876,0.057270978,-307.6564398728259,-221.88555551886265,-109.65676831935804,43.33099989335877,35.26105199900807,8.217343422423584,-9.882837681220376,1.0690061818589631,-6.262401793846516,2.0014415780285115,-3.0871031729343774,2.6248831492289217,0.21342532674020356
jazz,jazz.00062.wav,4373.758576461182,2228.7285906485913,0.3133893289588167,0.017789006,-444.0558502775567,-186.72084544915913,-119.82481447847722,46.55010552841191,31.811366969710086,4.816363030911655,-6.622888122481579,-1.9149423834627561,-0.7554672154642164,1.0891364807205859,-3.1823006533321094,1.3172365412603881,-2.8154312234302985
jazz,jazz.00063.wav,5120.960010541881,2407.6618925442676,0.388786479238341,0.040061302,-338.6392455227719,-224.58239163236144,-110.33089837168176,37.96897267609382,30.468025080411298,11.543647919137314,-4.432271204386779,-0.9331850866279523,-5.396919418179822,-0.0873925228276848,-1.7434115893301667,1.001014145580483,0.8521626316864481
jazz,jazz.00064.wav,4426.437933091617,2226.098193043363,0.31667361513921116,0.030588197,-363.6586838888482,-191.91879717625483,-126.50245298279071,40.02735349774398,36.67073811177014,9.36759383658427,-9.501273329888498,3.6484455003105114,-10.77184668497289,7.927584612418487,-8.54938304421384,6.579227842442949,-2.619824939336389
jazz,jazz.00065.wav,3610.480501605447,1496.9738183896027,0.2725032325502707,0.020545887,-462.38669201253265,-87.36444050085886,-100.83754179826637,82.62495126658699,3.5349516391518057,-6.174285763283838,-13.91876368999437,3.2863392563636733,5.970497145806086,-1.9045871007801816,1.621926268150097,-2.5250337795096747,-2.5054633302487344
jazz,jazz.00066.wav,4081.087178752053,2137.8326865649037,0.2623373394363497,0.040841915,-386.31570725305346,-162.77208810127286,-112.20042026845125,45.5463474272169,32.690284092328085,7.606192662012516,-14.180515209166002,0.25757614712777316,-2.596183229772282,0.1711926164152163,-0.1824661933449881,3.7271874517218073,-2.750073735792387
jazz,jazz.00067.wav,3868.536794449323,1576.0511483020334,0.30037038379737047,0.017799068,-460.37689816327054,-158.152633723738,-128.35305686266275,72.16538742294864,9.899991666682759,7.789360078816461,-4.310939078671056,-6.553800822363884,0.042340511889713134,4.198108072672228,-5.731896199433743,8.316335538247515,-4.808017384421913
jazz,jazz.00068.wav,4108.9409729629215,1699.152683804909,0.32829569073859244,0.020003326,-454.09368141902263,-119.95349728087008,-99.36494615102127,71.03706575194492,2.604131108139217,13.89374389524554,-15.353482607662349,-7.4811166942044505,1.831766615566882,8.047156249417274,-4.738148337801504,5.413229809838823,-5.951695392768348
jazz,jazz.00069.wav,4478.229811899622,2334.1326615738544,0.31217712260730857,0.026637878,-415.1216501971047,-178.08875730971266,-105.88214983402871,50.09299241525132,32.90714745081307,-1.5986181646529698,-8.028897782809615,-3.9076772535650344,1.180304170988186,2.309911589856714,-0.2048519607659742,-1.128999985421201,-1.13971876894256
jazz,jazz.00070.wav,4133.773905640402,2329.005169986798,0.26424663452242847,0.009171577,-508.7145909491751,-132.44399475517753,-110.20164421604049,31.454088766263677,34.63920784571075,7.924705383772009,-7.482457645290659,-5.584540494818059,-0.3518505060162319,0.9400939440131099,-1.0586435629355724,1.9401947449311767,-1.2712686027393374
jazz,jazz.00071.wav,3659.4588336906572,1805.2903676864619,0.2575051056167827,0.009791773,-520.5193406695137,-144.0434186786703,-137.78963695455138,52.155122186599144,26.276692392167686,8.04198590054115,-2.951392694555773,-2.9287439853568804,-5.976025927835448,1.9345193996737555,-1.738995726899575,3.8397453757959097,0.07716631214708765
jazz,jazz.00072.wav,3746.3407956389747,1651.1004599346056,0.28499009087393656,0.018095419,-476.2775822241473,-142.441270483888,-127.09031221605713,69.34635478520816,16.234232950271664,9.449883584524258,-10.739827903278881,-5.747671605355416,0.861982844085724,1.6110293914543952,-2.633578566299617,4.16082279685953,0.6956668440317839
jazz,jazz.00073.wav,5335.648671784128,2564.697193174681,0.40976539841937354,0.04387915,-348.1691351555593,-217.0153902230564,-89.5240842540462,46.63079071212122,36.27042821719643,-1.7906587083172087,-8.674615384204472,-2.668449103009752,-1.9403308842206521,-1.1976044756320576,1.8240307273078595,2.614364781380686,2.637855692975396
jazz,jazz.00074.wav,4972.9445415083455,2341.613099195133,0.3802751746181361,0.03335468,-404.6475071076308,-190.5896920056802,-87.14579554853853,50.58628861474239,28.864991344195182,0.993274838826019,-12.621735520805547,-1.301327929460577,-2.0175541204577514,2.5412145299109254,0.8680496388969673,-0.7500398795583217,2.4157880340061424
jazz,jazz.00075.wav,5240.727257416454,2560.9905813779283,0.3885419687741686,0.04752426,-346.8390251915959,-222.02451928167346,-98.8651573792312,44.09253611608558,38.10120848745889,1.3370955412892673,-7.305866458490075,-3.710790602899587,-3.7318128448835277,-0.7231772801332856,2.736468203749371,0.6606754421388251,3.3403442106612196
jazz,jazz.00076.wav,4393.708076169957,2293.818043586456,0.31531677482115233,0.023238724,-429.6993264226608,-183.1161274484973,-125.73007237236945,40.701452266846786,36.612668765513156,9.862847400860646,-8.865237509644238,-0.1305463048544235,-1.9587467670001537,-5.266669476076264,0.40166203043471516,-0.8713494670650559,4.781141118936899
jazz,jazz.00077.wav,4905.350786139789,2449.3279489959123,0.3493537165264888,0.058916427,-334.184988285766,-206.6768441878068,-91.60464336802133,53.51601983564956,35.40613926583261,-2.553727325946992,-15.223792471279003,0.44384610228420923,-1.0224721422782894,2.277402439536925,1.5011718064987434,-1.821303311611254,2.4140765849191967
jazz,jazz.00078.wav,4860.414731814007,2381.6256992759854,0.3628960629350348,0.03950252,-402.38849044069906,-205.38184919461528,-93.5075813413703,55.831620999517206,31.44252428241906,-7.651662095652096,-6.202638823886957,0.8963299264372574,-5.0238935229577875,-0.17224809326070323,4.9320862230491365,-1.3582037818066641,0.5689367812274908
jazz,jazz.00079.wav,4994.377491751979,2424.04252338002,0.35120941185711524,0.020688977,-435.1011698305698,-224.22521060375948,-98.84045542576145,55.78995201020098,30.291933333930462,0.33561466987785016,-5.4939166056330535,-4.917364720840498,-3.617907877273134,0.9019872065476906,5.454536142530542,-1.682514499799813,-1.406870220108901
jazz,jazz.00080.wav,5044.588354177386,2458.4574949097046,0.3611789594209203,0.031382058,-396.6754756213227,-242.34292648221955,-110.52275545705166,50.41240071497758,31.7874806186586,2.392675989151113,-1.27929278514963,-2.0166531309036713,-3.7662282371921774,-1.416532179211465,0.6438053380546983,-1.9894485329339593,1.7599855851382715
jazz,jazz.00081.wav,6321.181176762061,2663.59656704863,0.5208843139742846,0.009891584,-519.2092135867267,-246.99971953547447,-84.01734518865786,26.900640077346235,38.294594166413084,5.354077775606845,-3.867590185944907,-1.2507204323866374,-3.3579406549912347,-4.413226530869106,-0.3666368157502221,3.2611092690973993,1.4350893089381542
jazz,jazz.00082.wav,6242.626002034694,2630.4575474644303,0.5284981782917634,0.021081688,-444.33974308593827,-258.01433361395794,-92.48000819117507,29.14053767449383,39.63539611445801,8.126306022806816,-3.126107802820896,-4.794461393426479,-2.408812754314484,-4.662936126110023,0.5764273887134514,3.5661727290616043,0.425251133840966
jazz,jazz.00083.wav,5850.958543963243,2488.443651668827,0.46906154836136893,0.024020813,-413.38581949854597,-252.73495025421107,-91.52710989218915,36.61005965352281,29.44511194107354,11.591054960678882,-5.389467956825748,-2.1391652852392777,-3.4885973271538595,-2.7750514032003593,1.4183910604234302,0.2541161681397374,0.5127123876001063
jazz,jazz.00084.wav,5125.511654103092,2425.79377265677,0.37804901996326373,0.015596933,-455.5292949580985,-235.13582648296804,-105.71147320767258,51.22372116126843,35.00228844059761,4.75694676348088,-11.693553021073045,-2.5660186726155025,-0.6964917803154692,-0.4968998971226646,2.6716520387357696,0.06605609303587315,-2.26800760313173
jazz,jazz.00085.wav,4758.17871200186,2278.086185792159,0.3449301074294277,0.028206898,-407.2873587961936,-232.02523700808365,-115.24777713105405,56.36545144179948,32.55149088187472,6.188037822204105,-8.995284742343081,-4.908381651720636,-2.993434745400327,0.4407773320445084,3.6933064677698693,1.7440822473985198,-3.970694122327166
jazz,jazz.00086.wav,5914.630659425493,2652.4954019940196,0.46775644395301624,0.030788658,-417.7927465002399,-253.67461276333438,-82.51698790511004,45.811038801685484,37.87327485253519,-0.04584109833401589,-10.76789065188377,-5.691037822660034,1.8685484190693464,1.2263203416034816,4.016263432728263,-6.380426532849075,1.8788334350906197
jazz,jazz.00087.wav,6165.1735233930185,2683.919081062602,0.5115046313080046,0.002539099,-601.7808729124519,-189.27107744071776,-58.10120843716774,35.15692494814333,28.408267667699775,-2.900563507199951,-9.865832552710982,-4.709136608444119,5.451890724715729,3.5660749743063485,-1.3343073311240747,-4.898360083496137,2.2192600598020173
jazz,jazz.00088.wav,5948.606216188473,2780.42917029407,0.45617213179137667,0.011816158,-461.3523663743226,-205.90194039454497,-76.40495072394855,33.3782985128647,38.09509746116394,-2.548937505343567,-7.9093956492355995,-5.986190784851383,2.0269163493439724,3.033060642123385,0.15071531365166388,-3.189648002585241,4.247196125507793
jazz,jazz.00089.wav,5209.651752500461,2606.8967632670897,0.35709220018851506,0.00895282,-548.0364468528162,-146.4089146056112,-52.41124316253304,48.27487765079689,25.44253994282596,-15.330374205161155,-14.765965992054884,6.1059481565159,5.720036596309573,0.9310266214989894,-5.74814566215691,-2.1353991791018996,7.669985401701294
jazz,jazz.00090.wav,5334.894599733961,2668.0806944252085,0.38400960097641146,0.0076848874,-510.8023347618798,-211.59237462904156,-102.81078834683504,35.29476658229941,34.15299276445005,2.6625643902317067,1.679903221548358,-0.11176134070579824,-6.235472782486596,-4.53643865337357,0.4092154610462883,-1.3153598405447533,5.013814349176876
jazz,jazz.00091.wav,5677.332209640651,2600.2151081088723,0.4138449825986079,0.021294134,-506.2245998264269,-153.41973020672933,-32.41619271980072,44.02102535202244,18.226595107247963,-15.967488409472669,-10.453167451845434,7.73417952418765,1.3062360710659138,-0.7663368805226204,2.677071398784051,-3.6001359878548063,-1.0365524634751857
jazz,jazz.00092.wav,5849.248748655476,2756.814771964044,0.4416947626643465,0.014328274,-511.0467281545927,-142.13438757039853,-34.24818098910341,41.1874397080999,20.217981734285992,-18.15274341859965,-8.340942799747712,6.6226254679227,3.886364473292073,-2.112220284588545,0.19270030769470373,-3.687502346529934,2.3095701922833687
jazz,jazz.00093.wav,5598.28277783352,2804.9637801271133,0.3947869084735112,0.0074712187,-501.49709559346667,-207.2434016087953,-98.34348080251698,23.49015331465492,42.125457081419846,5.488868566247512,-3.55191967953657,-5.072032848613687,-1.9885379128753458,0.1786556155665743,-1.4612577504793576,1.2980919319504651,2.5195457014719587
jazz,jazz.00094.wav,4261.379318228509,1892.7075882418883,0.30926254048240526,0.0024422894,-655.4372559200043,-148.5716702214992,-112.0311389346326,60.13887639239107,8.551693828649105,24.563940058352827,-30.975667823793163,17.34087854917064,-17.5576599619418,13.856560379610901,-11.268247573835215,12.927078128598753,-9.934444521684531
jazz,jazz.00095.wav,4645.158916542297,2023.8312966096562,0.3656939560373163,0.011123515,-501.0620163615589,-186.02323616851444,-116.83294755323737,62.00917002561087,14.241930832870237,26.49954747524538,-33.23906588316423,21.023298041607394,-24.98833101230696,20.53021150739832,-15.172929085899474,13.823860714832936,-12.56032782455055
jazz,jazz.00096.wav,4436.385480477443,1956.259869173296,0.3280800615090874,0.009296714,-531.3740009388752,-156.46123587252055,-100.82768549269436,68.08978246109176,8.878465455682415,16.573538963350018,-33.727488211458734,23.101227500198597,-19.570431305681208,19.34768598652205,-13.666103174751944,9.734069734662322,-12.890610520600053
jazz,jazz.00097.wav,4677.361038126865,2022.3323660379128,0.3680632341212297,0.0010592629,-694.3735719124785,-152.03698664681227,-93.88110454151348,61.03941592227532,9.669304566716448,17.86045996861421,-32.1401951196717,18.15713122086515,-15.72402723152033,16.857985321378916,-11.849654727410702,11.292901942073364,-13.386497021802244
jazz,jazz.00098.wav,4665.893182026176,1971.297232663085,0.3768791086620263,0.009609397,-507.6124430578294,-189.58279278695485,-118.99208127938871,64.65637954361154,10.192215268713408,28.73850271233327,-35.23161109371754,23.50748651867329,-20.22991291139811,15.706429576127306,-16.445101205389392,13.612170748258519,-13.506589659268135
jazz,jazz.00099.wav,4615.993390397289,2022.7294557388275,0.3444101048917247,0.003624637,-593.8875538018427,-166.27028265953493,-106.63323097064624,61.00103021786392,13.225102359682,22.90986150886834,-32.39207319084673,19.517382092338714,-23.088727143593506,20.04934689272653,-13.80552431501699,13.08426366607025,-12.144999498722786
metal,metal.00000.wav,4934.360807026476,2247.7255485892483,0.3840401893609822,0.055586513,-349.0573709349037,-267.8271884019321,-135.3871927620227,55.707317829458006,31.420064799799448,12.020236521597631,-7.192077838834946,1.282640700696687,-3.009926082684263,0.03699344346499381,-10.883617182393658,9.543635294811976,-3.571757464154824
metal,metal.00001.wav,4782.7279042682585,2180.664931560336,0.35971600384280744,0.03993237,-367.84063104464445,-241.02154161129593,-133.229653739305,58.76160714545716,29.217202531645732,19.581829056483606,-20.28792626132123,12.736915995003647,-17.49554775629609,7.131105308324957,-9.784783713693619,13.332267195846397,-11.857964803322735
metal,metal.00002.wav,4067.4552256740626,1689.181485963791,0.322767501087587,0.046167035,-355.8910146907715,-195.0242108820773,-161.6774753787857,73.5858913266974,6.742787411735146,32.13020034436117,-29.194956436218803,20.064956806195372,-16.060442718243873,17.07703107332538,-18.297022363911974,11.96189869367717,-15.540399264609965
metal,metal.00003.wav,4302.184837899173,1804.752756773742,0.34018550911156226,0.06842726,-315.2170390129717,-209.2742385275424,-149.72203221893474,75.77078759879915,13.063485135090417,35.15654824062976,-29.34475592033152,16.247498882060547,-27.6066452854067,16.618350909669097,-13.977365057991552,18.358849382709806,-14.351187787814283
metal,metal.00004.wav,5095.320318036772,2352.9440630070285,0.3894947403083913,0.03092992,-397.3019556889711,-262.3051375389374,-126.42113024043698,51.731979603248696,34.80423293370051,11.105594769403826,-13.488766574500202,10.757262565910608,-11.171484571597793,2.28843597779505,-8.660631755121717,8.193628571873859,-5.579118098261188
metal,metal.00005.wav,4323.705525036597,1705.5787468018589,0.3489628649458623,0.042604405,-371.7627293719949,-211.8921512773128,-148.3904003073479,82.12531912931406,5.589723144436886,31.56201015767756,-23.813775034188122,13.339696107309841,-25.23293289240824,18.575147189409453,-14.757873350378151,17.40835190738888,-14.746294889316268
metal,metal.00006.wav,4825.1370716529245,2083.3273117535264,0.37541766362142304,0.026870172,-420.7493087146823,-239.4357659412037,-120.06021906394379,65.12759833530008,18.33871819584643,14.394625548479095,-15.259198302654749,14.478953864088167,-19.43181928961754,9.618607689993839,-10.08982313122967,10.252565838043266,-9.154277248759946
metal,metal.00007.wav,4596.672249649371,2133.192405983112,0.34517368160286155,0.031525232,-403.3959167257517,-246.57170730834056,-143.67079201341326,62.376924783165265,26.6413805819133,15.966203725540721,-15.403160376247998,18.07609940070245,-19.04001859415401,5.6536706829380385,-14.979533197549165,15.761410532349533,-10.112454641248997
metal,metal.00008.wav,5143.316733546297,2303.0978473816353,0.408627963674594,0.01971016,-434.7949193052842,-234.90630142906957,-119.5092095565239,48.086587719521454,32.38949070128725,12.497345053025477,-7.3657936923832885,-1.0073476591114767,-8.457749748285488,2.4250312276097152,-6.661017919908984,8.632360188023778,0.05352285019641197
metal,metal.00009.wav,4788.486115954262,1790.6055114575904,0.4077726218097448,0.07548425,-316.9407719059312,-239.28502912636793,-149.17168885866667,56.387350499379274,-9.314861024071057,41.167526488130726,-20.788886227247527,24.411754261438343,-13.67120923534153,14.057580778640464,-24.741296392870545,15.624308865958927,-19.38676669279925
metal,metal.00010.wav,4583.365015404243,1722.6184125527543,0.3793877338312065,0.062389743,-357.49801672742296,-247.99696821176087,-145.46055316940453,85.30491450190276,-1.2399941153528724,31.828284692542884,-25.869232212901103,21.403522613259486,-21.362256802668508,15.593690889396651,-19.893342041392504,18.52818004951623,-18.240082180038993
metal,metal.00011.wav,4229.446301967097,1797.882762176205,0.32119805261504253,0.12108425,-287.5466309597648,-231.8324133998183,-154.23236266941115,80.27771751056449,9.832707763182945,23.55947923282059,-21.445738701768448,27.447470012521794,-31.932673068085936,15.502133212972188,-16.467748076514837,17.21605334891101,-13.076600598991975
metal,metal.00012.wav,4166.96181878054,1776.0955929409918,0.314237495770495,0.061714943,-353.1220743358842,-230.5547018309829,-162.6853533429374,82.98719003222455,11.336793580356815,27.579586854614206,-30.1020905441763,28.876938532710938,-24.54046572442113,13.45539289580985,-20.23016336532513,17.749155149966374,-13.733986651969056
metal,metal.00013.wav,4378.158120318467,1858.226554302788,0.33364563696345706,0.050191198,-377.34819340991305,-244.98060185159417,-156.37911724600454,80.72318524645655,12.060737112708734,27.777718453293332,-29.962639662658233,29.352692689344366,-26.148946165550406,14.058924791625095,-20.120155219811103,18.49352913682641,-14.45585071389551
metal,metal.00014.wav,4093.695757679778,1662.8696338784653,0.3158144969305878,0.044226557,-395.6628008684028,-224.30662864728953,-159.0362357778363,95.73149835108381,10.574032376483087,26.61665694209829,-33.509190238990826,22.21855717522776,-24.338344366974923,16.717498886707858,-15.642022965869065,16.541190573661897,-14.074760693919464
metal,metal.00015.wav,4679.985232656039,1803.8017207664186,0.3827211124806651,0.04999598,-379.51143751144787,-255.29025986307093,-142.94657738048474,83.54257509991339,4.429457484451402,30.966402593636708,-27.468001328525393,21.491976492661827,-24.395328734252384,16.655983620123674,-18.336196660580004,18.474240823530824,-17.56073220266023
metal,metal.00016.wav,4138.852569312055,1816.3248989215153,0.3130260446877417,0.14052409,-256.7527852198207,-217.77172574787295,-161.860753265543,74.25239831659079,14.568155478123018,30.00230908323549,-29.441861122850497,26.68068400167905,-24.681295799151048,13.572937778721975,-17.877493028164782,15.23123806036131,-12.53415961662715
metal,metal.00017.wav,4437.34989730452,1820.8013571082047,0.35854269383217324,0.045766518,-370.75598241978827,-231.54843431439966,-145.4700898600064,82.41480145787408,12.165832282295938,29.559174275547214,-32.882489005117904,21.290307200482015,-24.18019864847234,18.243202773148955,-19.01741445892306,18.286966420156322,-13.592402457233035
metal,metal.00018.wav,3431.687971787646,1222.5578740705917,0.2806567363930781,0.06785497,-361.20620457153365,-172.7391594340666,-201.4782662502333,101.14338344332828,8.648441906285425,32.483843884311746,-25.94514033867823,12.21495409766241,-15.550449381943803,7.833856624678146,-10.924023636503652,8.293627992853018,-4.417516980295595
metal,metal.00019.wav,4427.029830075661,1813.1387667353476,0.35814391192962103,0.044308774,-380.071079437654,-224.74966508951377,-142.84377055926208,83.10672309794478,11.265641690461626,26.87089125046045,-32.522574256548694,21.8093624667284,-23.289295913158348,19.13558987162069,-19.68255979228775,17.110387266842835,-12.995676589286468
metal,metal.00020.wav,4458.250363842236,1835.6209508987674,0.3596680442768755,0.04699732,-361.2965636418135,-220.6162507390575,-135.70162195617036,84.99421449731831,13.073953707691794,26.56056858694024,-35.4975682778679,18.276094237972796,-22.594056669131202,19.966131765485468,-16.98322925369831,18.284369922321627,-14.201076774839223
metal,metal.00021.wav,4502.138150964631,1801.5703370121178,0.3643046391627997,0.054749887,-356.1890151060234,-229.75741035628704,-146.98735312852233,83.3423040944965,8.063960025654929,35.2300440598784,-32.94414823898488,21.056910744123194,-27.261969374040557,17.062910532872554,-17.41675574053981,20.17246578107412,-14.54351202151212
metal,metal.00022.wav,4405.749804808343,1769.7518078265507,0.3583761570717324,0.056979716,-327.72021978483474,-186.5588205414327,-120.89354023433654,90.44771936960629,1.0645675888383894,20.3787079992361,-33.590372089877846,24.39865263011963,-20.83122527314484,12.972136743541215,-17.391687153908848,24.300208372133824,-13.713936941976847
metal,metal.00023.wav,4327.136279304214,1633.9905377532268,0.347283902503867,0.07481789,-330.8742784001986,-217.88427693844645,-146.4834545913775,87.11318107831735,-0.9756654419532903,30.448932323493988,-21.194239030971353,16.37263296941203,-21.078397566044124,11.290301029448342,-19.463616137867763,20.344789516132792,-10.408872908177537
metal,metal.00024.wav,4329.460063377279,1799.667562606921,0.3435302167923434,0.079046085,-312.9541500182953,-219.28014230386654,-158.32400380253426,73.00725299151664,10.888027883342325,36.902121966510535,-28.56968148392889,22.18555489873531,-27.184436215012006,14.635842521936604,-18.40651262644232,18.409533503247665,-12.52565057251919
metal,metal.00025.wav,4034.2206337332354,1620.4620940496045,0.32030456967807425,0.040906474,-403.6932220818778,-203.80146019426613,-154.6881320818599,91.74842174469181,14.275879458029241,22.56533742044291,-29.004194057033892,18.585959339741056,-24.643885824434065,14.531913366828464,-15.182259350196041,19.797065700304273,-11.025690678294676
metal,metal.00026.wav,4207.389810089479,1593.3692973315503,0.3468703928605955,0.07839973,-334.20304577998843,-213.49875003741454,-149.89621352770885,96.33933088797203,4.564650162079617,32.83132479340018,-34.5562238319201,16.89059475219144,-21.232505356242754,10.995717413134964,-9.171770527097772,16.261380620192423,-15.266543754571579
metal,metal.00027.wav,4255.940789162883,1871.0945493119962,0.33172347798240526,0.058760174,-327.04353291477855,-212.59640471757348,-155.57289092097832,69.74878680048843,15.804373645614955,32.13789656951834,-29.834938847033403,21.51837907277832,-22.613703500764448,15.801396042612534,-21.64015820813354,18.234106544042675,-11.30417909926738
metal,metal.00028.wav,4355.350526166113,1872.1502256670965,0.34535910008217324,0.06991114,-316.3143018412558,-220.8903891612696,-156.14564241485294,70.35638588534643,12.865308170594389,32.266350136046846,-31.502535985740053,22.61571495082583,-20.655735169599613,19.677600051375347,-23.823568125199895,18.56973997044723,-15.85356308799398
metal,metal.00029.wav,4852.3885216874,1839.7516361593823,0.40852600239269143,0.037088253,-389.4798015038407,-225.86432061896264,-130.5517004669846,72.24370708333085,0.10314271743914699,38.45444387525508,-29.308130866224868,21.421189300831735,-27.84581731845926,18.608237440170086,-16.867164659519528,16.656080110358108,-14.862147881385376
metal,metal.00030.wav,4014.3591884406655,1704.9246647300024,0.2985664243764501,0.034322694,-393.3712764455003,-195.88645117908843,-170.55725238611052,69.90471190060947,11.046067760702227,38.08386952651083,-30.633598738336897,19.696945905896023,-19.423121301131467,13.60853320414764,-17.5409010803276,16.640069590094242,-13.877068071481773
metal,metal.00031.wav,4645.527138876224,1950.8258529008249,0.3794972478006574,0.07134765,-312.5097109195688,-226.73881656823136,-150.94405480861164,62.58609710140214,11.283018883663948,37.014857142986635,-27.85490270516713,20.242298661093706,-23.225413215367332,21.25009505540775,-24.22771550915942,18.040762910272857,-15.022753031527033
metal,metal.00032.wav,4209.9849055896375,1703.7089513772653,0.33517732199825984,0.059289366,-342.71711517627614,-201.3252972483106,-148.86983803326112,78.04423363216203,8.573810550113306,29.14535210470179,-20.760502913359893,14.266714560773472,-26.37900400936302,17.268522316121388,-17.36337087636945,19.24509975224892,-12.506380690613168
metal,metal.00033.wav,3906.0808893650155,1454.2992060052134,0.3239272162606342,0.076136865,-341.60194490558473,-201.27908474085856,-177.13707595012545,87.75063972619817,2.5044619097261167,28.955479427781754,-18.02721784442072,14.768997044895055,-14.489317256369862,10.818135702015642,-23.07586849851807,21.89524094122201,-17.079494569714665
metal,metal.00034.wav,4480.4888904593545,1770.4877905733304,0.35962235051720803,0.037197646,-390.8790514452378,-213.41256003401563,-145.04007621919334,71.24023978897712,4.354563455863509,34.552103836627495,-31.63465611788571,21.252594830803826,-16.698940400994907,17.777408463681763,-20.375469438919893,12.951832104484277,-15.829876570787038
metal,metal.00035.wav,4516.705268487333,1831.340434802654,0.37134374395784997,0.117930956,-279.1303318015825,-228.1126878966976,-154.66434231120104,72.04535836315746,12.302119015756215,40.41210842925769,-34.89702133608717,24.048113212339405,-23.79228634177881,10.949864916947327,-19.261139239113195,20.33222463304932,-10.64711867533256
metal,metal.00036.wav,4418.343209816086,1883.3269587813804,0.3510357000435035,0.0466207,-359.78824780877676,-222.2357117745798,-146.81613908389764,73.24973962092533,14.848217475358151,31.10343268521904,-30.0376126097645,20.325031131062314,-24.251558080913078,15.849154014966844,-18.20626355562975,18.9293228397968,-14.513191932007375
metal,metal.00037.wav,4352.1023665267585,1820.7448702385507,0.3435619380800464,0.034621347,-372.9158417215509,-202.2445183317451,-158.32126869057186,59.33548488273235,2.8455437636660266,43.19602184983944,-25.91055424211755,26.743366482884873,-22.789149648424406,8.495207616355124,-24.808482682780422,18.70428819262519,-3.349549776932747
metal,metal.00038.wav,4134.224634093542,1621.6908792684376,0.3220983329708043,0.061874438,-384.4551228671973,-195.6364551333715,-139.47018844769974,99.25618380121814,13.005151223928635,17.0986026166225,-38.205627482323166,21.374645730278818,-19.37771203746391,12.84297155136931,-9.407543387559926,16.049819374917234,-13.523716462556301
metal,metal.00039.wav,4188.913710053709,1611.802526493794,0.3467763619006187,0.037575528,-411.8071277080471,-215.2570918710704,-166.76654023652964,76.66014479946793,3.3056188061430785,40.90523027893023,-30.11712294802416,16.406364752850127,-14.666810998613434,15.620857579816455,-23.02220012066408,16.617487581352382,-11.069486481800666
metal,metal.00040.wav,4253.724389467949,1820.1114404383954,0.3339231982308585,0.05073446,-345.09665728972834,-204.26579590535235,-147.6438580250551,73.48378211786505,17.071228438844216,29.99117009454523,-25.650654868872124,14.296388700417383,-28.596923722504464,18.391419842910913,-14.01681891379896,19.0344047321192,-14.525441742973166
metal,metal.00041.wav,3821.7999369002364,1630.0815138443497,0.2946824548047177,0.042509135,-375.66321849604986,-184.31461357478827,-161.84791601594068,77.91229319600849,20.648867393380677,23.113357986022386,-23.429436018160846,15.314116841374815,-26.591174288721106,17.62716782915239,-14.666929641765876,17.004629861771264,-11.54045998427232
metal,metal.00042.wav,3976.795614121167,1770.9671958349277,0.3012891682376257,0.041940358,-368.87235234738046,-198.69527206002496,-160.01751325893306,74.04415347859675,21.158674364226073,29.230303283204883,-32.439578548273694,17.808231560209226,-25.26994672680352,21.143151463666616,-14.3268939367413,17.094345525275042,-16.17458287368467
metal,metal.00043.wav,4175.659866894365,1757.5515841332506,0.32829795654485694,0.04562716,-378.0175780575462,-196.35253993076978,-143.68164351705852,79.92698047623654,19.120719550310344,20.271371798604203,-29.145824140995035,15.446365097151004,-20.82475986396074,19.186858110261085,-18.42329692952937,19.544178730307294,-14.255611861721794
metal,metal.00044.wav,4317.807963150403,1836.2804788764558,0.34029691125290024,0.04511527,-363.99685012824654,-214.57736891715922,-149.65939737118248,74.24182041386133,16.120010853774367,28.840703625243076,-27.345898281183782,17.538542017373977,-23.850194827337912,18.017280837961696,-19.322287669342217,18.181885435245498,-15.383987705196212
metal,metal.00045.wav,4043.7830399348886,1689.4182415099406,0.3132326106921887,0.03874608,-391.993459551848,-173.72388369597482,-134.67198652245898,82.91429209741312,14.293331413347154,15.986041152572584,-25.72160436273479,14.8350909692175,-23.13130193350106,19.47040406272801,-14.50106232911998,18.553416078561614,-14.471150764568108
metal,metal.00046.wav,4448.785550227709,1828.6529283487453,0.36364717771171695,0.09513349,-287.54315713561743,-224.68047738580307,-145.89399667460026,79.10398006456138,10.915208416767081,33.236843528459815,-32.58861161670294,18.786176783539442,-20.595775575555642,14.861449869305003,-20.145232500107554,20.45749418810313,-13.573156037991623
metal,metal.00047.wav,4426.947932058559,1764.9965530293962,0.3609115942817092,0.10563082,-292.10393670426646,-234.88462253136046,-150.1737488295062,80.16049239488828,9.301380384201854,31.958995121256397,-25.42957385960041,13.802446160740674,-20.176078793577044,15.89887852214546,-20.77118739855848,20.451011428032857,-12.389044552010173
metal,metal.00048.wav,4499.108627912255,1836.0367235512597,0.36778227414443154,0.10835378,-284.4219548866129,-235.24815438209194,-151.71420475725586,73.27085684846423,8.129477845291284,36.15431164154474,-25.999233527009928,17.363237896149492,-21.427710136718538,16.597064268960196,-23.156030678100155,19.542567554077785,-14.28073825975783
metal,metal.00049.wav,4474.547475729891,1750.2542270126257,0.3693675832608275,0.113654114,-283.6342994873874,-237.1238266166332,-152.78280617669503,78.43348246069924,4.218395699509911,37.25623933290476,-25.947425036873287,16.749458109720727,-20.660530621806465,15.513879343450704,-22.510942468681044,20.364709563824377,-14.453692062678659
metal,metal.00050.wav,4617.871772272617,1824.4832625522315,0.3789583635440835,0.11693727,-282.4184684142234,-247.24777488236148,-148.25025378008712,72.31543418692176,7.660547397402116,34.66931366977964,-22.70008694520997,13.981665459794657,-17.077210791791874,13.46571850481838,-21.91072827461671,19.343802317280762,-13.827780956063155
metal,metal.00051.wav,4815.8780721786325,1839.6218497995262,0.40287583683778033,0.12785204,-275.17841311574324,-246.94604625799556,-133.70885318510955,77.79729254903367,6.306585758591239,35.35566020482123,-29.761200755414116,14.456044439704824,-17.935205480448364,14.337959961959903,-19.58190236445952,19.63958688325817,-13.740437481778942
metal,metal.00052.wav,4296.425883959054,1743.8964038699164,0.3402580149120263,0.11199298,-282.74561556741264,-219.4777763165075,-151.99099854090866,80.11711501813511,11.985045446914942,28.12815775772178,-23.89841144443663,11.786608845759567,-16.50899885784309,13.208182325859992,-17.571639591324118,15.498953614744217,-9.394768034751536
metal,metal.00053.wav,4579.3072397470005,1817.3623537116985,0.3749037032337587,0.099950224,-296.95034885488366,-245.3441457029601,-153.0655165814278,69.92122355609813,4.988203330308097,36.1266463668894,-21.47299773526422,16.853787163459586,-18.863409903885753,14.584284640343984,-23.338649978177827,18.888986073521266,-14.384218674316465
metal,metal.00054.wav,4656.370141134317,1827.6928899016502,0.3872236471626063,0.104906864,-292.79393874876405,-245.14237542410424,-144.7748090775638,75.95717164880652,8.096723350424783,36.376724646193054,-29.066797371976968,17.135319325102326,-20.152061565290293,14.517350232112939,-21.321510021014742,20.683532559903313,-13.491615321044666
metal,metal.00055.wav,4573.975637191865,1807.2116168176208,0.3777555980520108,0.12099684,-282.23312697312656,-246.76720770457766,-148.4912449950902,77.74300560113211,7.354489988655629,35.10592691119324,-26.64698115321633,15.56143942065309,-19.040955832952406,14.923215999402043,-20.597463492056654,18.422211842256317,-14.32724593436517
metal,metal.00056.wav,4603.9415626716955,1817.9084126494295,0.37891266978441607,0.11438429,-278.6761990445043,-238.70577494385415,-140.87392702017218,77.45267820401241,7.784111689457032,32.33610695396774,-26.34792581664816,12.66318868587108,-17.489274660799435,15.884090380520759,-19.818301688523224,18.772972055720007,-13.273849831800431
metal,metal.00057.wav,4349.542485348441,1780.9331826401337,0.34537193965100543,0.089972794,-308.9712099617835,-221.09184822897777,-145.28170581237202,84.0627522128733,14.70253393806173,24.826522465694417,-27.741428858029387,13.72688953513006,-20.00412213564451,17.87020916174628,-19.852770407785354,17.333523008792483,-9.358665090255327
metal,metal.00058.wav,4357.999454558479,1868.1043103792267,0.3441193264211137,0.0683709,-316.6514286319262,-218.37212390152501,-164.40171825925415,61.081966112959094,7.543556574648268,37.6619146860285,-26.39779554710048,27.580307701513235,-27.376028563167118,19.79982684065272,-20.7553443220072,15.504634976980926,-15.641434618289248
metal,metal.00059.wav,4104.826561347,1768.8251663167591,0.3188695590438902,0.07670751,-313.0142831329535,-214.65393359224993,-169.51853805824734,71.27078713080641,9.488721905897663,34.191245945761956,-29.431786879932783,27.163740029006195,-22.601686310982544,18.2338954424174,-22.279581077365023,14.472552601251625,-16.439905997261416
metal,metal.00060.wav,4100.243020263319,1694.747302718408,0.32718053642208045,0.048187267,-356.9210741291168,-208.56611049411617,-169.54964969317516,74.20758605583516,7.654958935370005,38.35107305360587,-28.345824064695673,21.968910731875358,-22.512689157956487,14.859305305470889,-20.432203094484173,17.237739863703407,-13.80076403849373
metal,metal.00061.wav,4253.724389467949,1820.1114404383954,0.3339231982308585,0.05073446,-345.09665728972834,-204.26579590535235,-147.6438580250551,73.48378211786505,17.071228438844216,29.99117009454523,-25.650654868872124,14.296388700417383,-28.596923722504464,18.391419842910913,-14.01681891379896,19.0344047321192,-14.525441742973166
metal,metal.00062.wav,3821.7999369002364,1630.0815138443497,0.2946824548047177,0.042509135,-375.66321849604986,-184.31461357478827,-161.84791601594068,77.91229319600849,20.648867393380677,23.113357986022386,-23.429436018160846,15.314116841374815,-26.591174288721106,17.62716782915239,-14.666929641765876,17.004629861771264,-11.54045998427232
metal,metal.00063.wav,3976.795614121167,1770.9671958349277,0.3012891682376257,0.041940358,-368.87235234738046,-198.69527206002496,-160.01751325893306,74.04415347859675,21.158674364226073,29.230303283204883,-32.439578548273694,17.808231560209226,-25.26994672680352,21.143151463666616,-14.3268939367413,17.094345525275042,-16.17458287368467
metal,metal.00064.wav,4175.659866894365,1757.5515841332506,0.32829795654485694,0.04562716,-378.0175780575462,-196.35253993076978,-143.68164351705852,79.92698047623654,19.120719550310344,20.271371798604203,-29.145824140995035,15.446365097151004,-20.82475986396074,19.186858110261085,-18.42329692952937,19.544178730307294,-14.255611861721794
metal,metal.00065.wav,4317.807963150403,1836.2804788764558,0.34029691125290024,0.04511527,-363.99685012824654,-214.57736891715922,-149.65939737118248,74.24182041386133,16.120010853774367,28.840703625243076,-27.345898281183782,17.538542017373977,-23.850194827337912,18.017280837961696,-19.322287669342217,18.181885435245498,-15.383987705196212
metal,metal.00066.wav,4043.7830399348886,1689.4182415099406,0.3132326106921887,0.03874608,-391.993459551848,-173.72388369597482,-134.67198652245898,82.91429209741312,14.293331413347154,15.986041152572584,-25.72160436273479,14.8350909692175,-23.13130193350106,19.47040406272801,-14.50106232911998,18.553416078561614,-14.471150764568108
metal,metal.00067.wav,4007.7784836673395,1695.2807812442977,0.3046297219402552,0.050126992,-366.46373204478857,-199.9582755533465,-149.96994333310892,87.56609554494021,17.1802107135932,19.21482164861174,-25.264849967615064,14.487972457008059,-24.136912978651786,15.868249563484245,-12.605678080677292,19.94831288338002,-16.676483489714524
metal,metal.00068.wav,4149.651586006508,1730.0626980407158,0.33081413440158547,0.03495815,-386.87724754705886,-194.5954753842439,-155.75270462180313,72.33842466501584,6.381062695131694,32.80237185941047,-24.159572634741362,19.848254030890047,-20.7211438558694,12.261962585365806,-21.021650719342784,19.92968224735785,-12.457783365170854
metal,metal.00069.wav,4320.0922217690595,1779.5117758711576,0.34752747667730083,0.02772367,-416.3916082606597,-207.3140618736235,-147.20540962729316,77.99759008896453,7.962403093027539,32.682517167483454,-31.50287675878674,18.037989542409893,-21.26108749232637,18.616108025877974,-19.653351826265215,20.209444761371447,-16.30427161597964
metal,metal.00070.wav,4736.2080085809785,1963.2362849120655,0.3845639682424594,0.014495311,-483.04382696411983,-224.12346868717816,-127.77246817994353,72.52128461528132,15.33836941789569,25.92423589774687,-30.565142594284634,14.64348898596525,-19.025777626537355,22.168446801430353,-22.269169881716977,17.26321492205823,-15.193849199197098
metal,metal.00071.wav,4692.940023520122,1860.21588979065,0.3901133054186002,0.043835845,-376.6169839801658,-231.3970668654966,-149.6971261945342,64.40944333009038,2.6633837852656788,39.49965689689149,-27.68045898662241,23.559824261779422,-23.27635932791192,19.341620773060214,-22.74222005805272,16.959691820464176,-15.61757485159963
metal,metal.00072.wav,4178.626970075471,1756.0905400501103,0.3285664545872003,0.0647394,-328.3970421030212,-214.84072367128917,-157.1450930992124,77.54861494010629,11.1526603845953,31.364466529320218,-26.392993260314544,19.788691233513784,-22.89460585326981,12.40173315876749,-18.516350865516877,19.292594587859806,-12.14976228314106
metal,metal.00073.wav,4633.437133323028,1971.9695334916896,0.3633771691318639,0.10062906,-282.91222809559156,-225.08222732325214,-134.8727357542779,70.05545849944909,19.342689078472112,25.260785264456047,-28.293411624423168,18.59616017739093,-23.86862323735487,14.452935202946685,-13.614936916870006,15.593365994882395,-10.8554889103344
metal,metal.00074.wav,4658.720030608177,1748.473467472557,0.3925203469402552,0.014749401,-487.5610116764162,-223.7998207132867,-133.40376331542066,81.86009035621964,4.026362817872947,34.46344570884451,-32.23963158214039,16.94971264323092,-22.02346511990487,16.778538764404157,-16.843489178304353,19.254590966894114,-15.598909100490097
metal,metal.00075.wav,4362.001434054241,1908.8082517079881,0.33332615828016243,0.06526341,-329.0697748109313,-197.15632581544875,-133.98688566024586,69.38765425422852,18.40977525259696,22.246319393470994,-29.037143481566606,18.69294569464562,-19.575192598521618,13.536911681338843,-14.772317519598307,16.27246070159677,-13.567692909648219
metal,metal.00076.wav,4368.575092294548,1693.6619501277983,0.36238814469740915,0.04249379,-384.7078593657418,-217.08402140984143,-142.7040753756611,92.54148420813615,6.165875051004007,26.750223376009323,-32.10743583258845,17.33277283212089,-21.724300342582247,19.541174752016445,-16.728875437562717,19.382933158028738,-17.902952375603526
metal,metal.00077.wav,4512.232352006588,1723.179674014665,0.37602187862529,0.0629919,-333.6425338501919,-221.05621063109905,-146.2298041940451,79.72582499179391,0.6253320118488613,39.74471531499521,-30.456867727651794,18.906051717770502,-23.029898924110714,16.134938721896,-18.72731280291819,18.380370029386643,-14.985802896205547
metal,metal.00078.wav,4802.647719673004,1978.1459695579313,0.3916668932472931,0.097102106,-287.98695358552766,-229.38132709541605,-133.11116041411722,68.40185493407064,17.05643032865416,29.62601102287035,-31.00653931166208,20.134239744218814,-23.78643138849554,14.98547577932209,-16.308973919764416,16.755945561002843,-10.421303060257852
metal,metal.00079.wav,4405.749561767594,1809.9176953648903,0.3530609532095901,0.048839167,-363.794088780953,-220.66085882611264,-159.7417794909824,73.75874248110024,11.793026014796975,43.02358050951201,-32.574276369444824,18.8060103428691,-28.071035551607565,17.643681656350633,-18.980263610337964,21.023591203489044,-15.429959540451591
metal,metal.00080.wav,4799.540685243955,1905.8495547787898,0.40160774059841453,0.04962135,-353.73619339287234,-216.9488949437632,-128.89165319985742,73.64402469023068,11.172091046934856,35.631668770333455,-39.826589536591,21.201715728688143,-23.144344786009142,19.292372234684514,-19.162358475976315,17.858473111719555,-12.45479746518933
metal,metal.00081.wav,4008.291859372571,1736.8603183762182,0.31113711753190254,0.064207464,-315.40510430970375,-191.5347040790276,-174.29238447646293,62.317854120691415,7.283851760389439,40.26376999123321,-24.717678229133,26.74006770140574,-27.419610163561337,15.978359367951532,-20.73141204577621,12.381028876272708,-7.131135208972719
metal,metal.00082.wav,4177.006530783927,1671.73305939991,0.3373849725686388,0.04970571,-356.97563784583474,-213.32200437067425,-167.51009914923955,71.33519573573541,3.235955849615327,39.5294367802743,-21.870554897463073,19.502097383273398,-22.934683169551143,12.29687683674345,-17.43223799341208,15.55955495644943,-12.524268265808319
metal,metal.00083.wav,4187.856914157645,1684.6456166110095,0.33021407337587005,0.07380674,-339.71899194960304,-226.06236783765226,-167.05906352604342,79.33901348557097,6.324671247335941,31.465390150756953,-26.970836216607562,23.6898891763433,-24.125602504245627,18.147559433648684,-14.305623253472586,9.984073464987823,-14.947581075224246
metal,metal.00084.wav,4427.32857646087,1894.9894731678955,0.34317372994006184,0.08818008,-291.59436159109737,-213.5212080157696,-151.04702921774526,63.385199635954606,12.6059484558772,33.67157500081165,-24.580175166512518,15.816438024723917,-16.714950028596334,13.432635513337233,-21.08983406015164,16.104174836278954,-10.357882371969916
metal,metal.00085.wav,4420.65723043461,1823.7448635855023,0.35993163307231246,0.06065203,-333.1699401019298,-212.5342006704649,-148.88317427794433,71.68738849932974,10.294413300632153,38.49388191754767,-34.28625143783274,16.233955796340823,-14.534021398625393,13.061740150687037,-21.67851395817081,19.750407918474064,-12.64250131952386
metal,metal.00086.wav,4424.588116155851,1779.449096137421,0.3545862184599768,0.038167585,-381.5894267548338,-210.0699367480094,-144.32425843111804,74.56038413410478,6.943998589396798,34.92383550760599,-27.883842180980466,17.24042309035848,-26.05698893478702,18.984867031752607,-15.916557705978887,15.458480260468612,-12.838239346412596
metal,metal.00087.wav,5121.772145064807,2007.6310758698473,0.4379320137277649,0.12362806,-270.2694540179502,-252.1093852467111,-127.52514902287898,65.10039491866996,11.896271714322802,30.601185184589063,-27.357660135098286,23.14481172324207,-26.22864323547883,14.74981233853937,-17.071446685437454,17.060331478883466,-10.115937471890232
metal,metal.00088.wav,4026.866114100028,1636.7050320124679,0.3187287014211137,0.0338873,-411.3553725136694,-182.86041289210604,-144.6180429130206,86.57647361691912,14.695309344973595,23.5047858124239,-35.71853873236409,15.803084583800137,-17.082532923581738,16.66309726448052,-12.246852203795612,10.48998412261849,-8.80032164808913
metal,metal.00089.wav,3706.449822280029,1494.5627624651047,0.2774351375193349,0.03843424,-376.463564274121,-162.1357807364263,-156.08848395614385,90.97745410268406,12.737626671015338,24.785149270825826,-31.96837062215003,9.170653520339075,-13.518194710398275,12.613547302170394,-7.8806390557397545,12.276271045184252,-11.532793436258293
metal,metal.00090.wav,4421.87400219624,1870.3245904608611,0.34967772682231246,0.03865403,-367.891158734499,-185.48269661191046,-130.79172456968453,70.47488837824203,10.25392043812585,34.25694446690677,-31.86934353531777,16.805732667430256,-23.400871909820633,10.85440703697786,-15.612978615223092,27.36796565994603,-12.112453887177507
metal,metal.00091.wav,4577.294774448595,1841.5827959572969,0.3660194768706497,0.03852822,-375.1249421007212,-188.70152219955511,-124.38851204641362,70.28545673456885,0.32840370206831027,34.56965443926161,-29.771261369663392,21.175500720729566,-22.0186066883802,10.540048246377934,-16.429835003626483,22.65781721868187,-14.359653767932874
metal,metal.00092.wav,4204.866819642352,1733.6877433921795,0.33361580384764117,0.041730825,-359.1575146458206,-194.62923773165633,-152.1391243750265,71.97610888629119,7.004879386273362,34.318707744524495,-23.668565547040224,15.981672013456526,-23.31679713979718,15.679247978273832,-16.744219405304612,15.322339892336908,-12.154998934612147
metal,metal.00093.wav,4380.381255097964,1709.6953986902636,0.35716583889211134,0.034680076,-397.87162370395924,-227.15062926166064,-150.1528327229233,82.27195239287025,2.1781961454833616,33.83241147145479,-25.208829773528333,18.509518469660705,-21.608191350901095,13.679625061467709,-19.558164521894167,18.891473783089555,-13.50542843105827
metal,metal.00094.wav,4480.4888904593545,1770.4877905733304,0.35962235051720803,0.037197646,-390.8790514452378,-213.41256003401563,-145.04007621919334,71.24023978897712,4.354563455863509,34.552103836627495,-31.63465611788571,21.252594830803826,-16.698940400994907,17.777408463681763,-20.375469438919893,12.951832104484277,-15.829876570787038
metal,metal.00095.wav,4558.087945478911,1912.1400624540954,0.36449458925464034,0.056142066,-336.38971638367815,-222.03078149624812,-153.31470650783658,56.951557619268065,5.865070273646555,37.55267883453076,-20.1827525355921,26.65508350881843,-25.90641878709268,10.780883453704934,-20.835928567910436,17.64956582655298,-14.184141556110555
metal,metal.00096.wav,4468.025571033827,1816.5409221654777,0.3611090970610982,0.060790278,-348.835744948258,-225.96326861975834,-147.41861475058354,71.67239628096678,8.880293778802276,32.317261813785464,-27.38153239587496,21.711044919463095,-21.62340385703432,12.765486412625547,-17.47725508567132,17.90340589585902,-14.711481903785938
metal,metal.00097.wav,4251.218648744371,1775.0164697070384,0.3351693916763341,0.04867241,-366.52842223722695,-196.74285366146972,-137.05445710464608,80.51882295711106,11.838272756795655,25.41437047706234,-30.72819966465463,18.629412609259028,-22.50799208543976,15.71535987861831,-15.500439451856224,16.26872420337911,-11.871106348761767
metal,metal.00098.wav,4258.963179343408,1794.5755021730986,0.3392946696152359,0.044258915,-387.993655062953,-208.78579203031546,-152.20568767899448,70.38985844744657,13.947817561000408,30.779494577740778,-26.434195773512506,18.74053044548256,-22.77530202424892,14.343820532405685,-17.606289113988083,18.923440703484776,-13.450200121385546
metal,metal.00099.wav,4357.705700109554,1818.7692342769658,0.3471422896123357,0.049789105,-356.77130310698965,-212.89666888329344,-147.74218697239522,71.20367533446753,11.04165409644755,32.11436798197744,-28.17121064730165,21.315542722483826,-22.02353031807855,11.194347439139143,-16.955606098004154,18.55024179383954,-12.81738363824873
pop,pop.00000.wav,6325.39100255441,2742.1695161034295,0.5100503613205724,0.04262868,-378.3664388408101,-249.94019679806823,-85.73943943845588,35.574466002117596,41.81774967928192,-3.92381537542382,-1.5983670517563784,-8.899313211019367,5.8032804531272175,-2.2467377543151508,-4.623463121095601,5.351990440530289,-1.2038330490203786
pop,pop.00001.wav,6606.482860693079,2579.2421952766204,0.5590057491057618,0.073575936,-337.9272869557179,-253.753379481069,-72.86176980958237,27.861635160535812,39.85248934880803,-2.100548606070711,-7.0578057564523355,-0.40555874702607037,0.2341829495211784,2.9430146870262632,-5.29437390423936,1.7375209779368779,0.11953223942566585
pop,pop.00002.wav,6275.388246520026,2585.3919245367206,0.5328405959976799,0.047621053,-363.846375525925,-268.0557258434176,-100.50593877148846,19.24299128576476,33.11415898400913,11.99918969156232,1.6800762693698184,-1.0645511498142888,-0.6039682959561213,-1.7355486830912472,-5.202063893810453,-0.9852729484364606,0.14857039107999617
pop,pop.00003.wav,4180.900187283152,2119.195808507965,0.2937172213360402,0.028916314,-412.3540186532696,-175.6257230805321,-139.42515897651853,49.54413063333409,44.00755126156444,-3.3446585382703815,2.0002585886912128,-12.897221495137739,1.194486085252052,5.416933596160901,-7.324439228101778,6.1717181054245005,-5.083962392487825
pop,pop.00004.wav,5370.232469941543,2630.840489267425,0.40173160467420727,0.059038557,-306.6436923162387,-223.5188808900096,-107.11035806364988,31.725840500882153,40.19133051980365,2.5399377568285693,-5.54834559514515,-1.0738024013204117,3.45872311010455,0.09138229880129925,-6.918968979142872,-0.47546621582128873,-1.0679998528225276
pop,pop.00005.wav,4811.692013905652,2368.68551716364,0.34668761782192575,0.0411258,-379.69387640103884,-191.3535264692678,-107.23937967959898,41.569150045555425,27.841029003034613,3.457390862663637,-7.419506491102206,3.7170731581101166,2.4801686860843413,-2.4800577617621924,-6.190123925432564,1.205348207556109,0.34236333036238453
pop,pop.00006.wav,5452.095345730648,2509.1721259945,0.4193980961185228,0.014831329,-442.47995731406564,-197.95608001568343,-81.89579287829824,38.91497792012257,31.706327793000394,5.288744089144117,-15.591421284875302,-0.553625936358347,3.512231794266319,-0.012954419764482547,-2.80406427349966,1.8408142329715074,-2.042528735805654
pop,pop.00007.wav,4956.260049348726,2532.6911457950278,0.34590364885440833,0.014405129,-462.3408552259043,-138.50517684342572,-77.36687552881322,41.68145170797437,34.77330597991624,-16.06373082975225,-7.615687729115138,1.4111334839694347,5.505912555975757,3.709464162748769,-9.846248910518755,-0.08680598329302218,2.7127049241670136
pop,pop.00008.wav,5614.843141374962,2672.027871769917,0.4153532543020108,0.055812832,-321.5078381720904,-212.72566994356603,-88.56887181739154,40.14986730356614,44.565917537355766,-4.725999487973919,-10.402310847997404,-5.994907979565974,2.956542505408095,4.464002610145427,-3.718167539537048,-0.032488456539260656,-0.6530368923007503
pop,pop.00009.wav,5532.75140115617,2513.0068199583807,0.4223685681312838,0.061162725,-314.2232369605632,-237.3936378015448,-93.54544621262839,44.89328918674344,33.90533110156872,0.6674787628585588,-9.713346977600535,0.5639891694775242,3.6365034861903123,-0.6337117662642429,-7.7351519965187885,1.3152547443299791,2.875680868528022
pop,pop.00010.wav,5028.746406706243,2514.9091490290502,0.3541942339762181,0.031540193,-385.9159694889497,-191.92104788571905,-99.30783155613018,41.1092239205856,37.997443226146736,5.702621083002571,-13.030547258290492,-4.438685479232131,1.4104213520101,-1.8107827024103815,-0.7402435404033136,4.239300489298571,2.6034692714143928
pop,pop.00011.wav,5373.264506031058,2685.7543080985506,0.37775522041763343,0.010543574,-488.7681924810249,-161.6780690187391,-77.25666501806614,34.70461531538282,29.827540593167413,-5.6012494865952664,2.2062077567963017,-9.93677768565819,2.955349270907736,2.1751549098351073,-4.2543269279505145,4.351571793626181,0.1606846928971212
pop,pop.00012.wav,4989.079888326635,2468.9851425658276,0.35831460266821347,0.055071972,-321.95246453201304,-208.56177202347558,-110.23511113575641,38.978243952532,40.34894235847995,5.403916462101552,-6.020491330589386,-2.9453184511353725,-5.590227837718226,1.9783385560137101,-4.797440225469739,3.1460861917164773,2.477377244994622
pop,pop.00013.wav,6273.201499080376,2617.999131185514,0.5172707306167826,0.022544486,-440.94247830190625,-216.25544340430423,-64.00091896536236,32.46608786035638,38.51283496226718,-2.3922892235957245,-11.369950301447668,-1.119765547802749,-3.4313261584855224,8.077908620739938,-5.230907167518403,0.6890134508550428,-0.027865383896625864
pop,pop.00014.wav,4576.8928557191175,2342.556636379067,0.316962505437935,0.016389325,-420.4472108634253,-198.4402098480401,-125.98086884500634,33.05040494637837,37.64033593576626,13.668030324484526,-9.821959432667592,3.784610033778139,-2.534499774629079,-3.6949450108641546,-9.292604974982378,5.814885110046869,3.9220391833268216
pop,pop.00015.wav,5858.891958683029,2671.2104735240046,0.46626441052784223,0.060929116,-315.92100723648304,-222.13494737228683,-86.63243142977163,34.54327210226017,36.401953641549085,3.5143303739258718,-6.426537970305165,-5.432872882149625,2.134171812081758,-1.681392095221197,-1.0838847030230243,-0.31078835329305055,1.938124686427882
pop,pop.00016.wav,5988.9327610468445,2613.8231155649532,0.4856914334396752,0.047021035,-370.63775247558044,-240.2235096012219,-84.7852970399553,37.70906135482703,33.69785460871879,2.9381053480400214,-5.931502740794743,-5.643476055992256,4.512666987449012,-1.0084468699543738,-3.9447230559095057,0.762823797088684,1.4663619793413003
pop,pop.00017.wav,5270.623237178247,2417.2109601669176,0.41915754302010827,0.043058667,-348.01137666723116,-239.9858339772551,-117.47614075243311,31.69197653109432,36.70468380896581,10.418256358788026,-7.995505440653855,3.8788059742448975,-3.870900761983085,4.067053417943051,-7.91396281621812,-1.7610819354626062,3.7961644575962876
pop,pop.00018.wav,6456.780888825581,2650.4988169410826,0.5368065122293116,0.055411354,-332.53354619207346,-242.39811394578834,-79.38407024727994,22.73549552525798,40.25032195196746,4.600470833655764,-6.114936379916212,-4.681149636675674,0.8057786373120733,4.259322722727345,-6.373626893728365,-0.12225262225722978,1.1568034528441304
pop,pop.00019.wav,5646.7422529251435,2595.8336085627766,0.4388549521461717,0.06769154,-308.0821176803103,-232.16386224572142,-105.56513987620201,26.70165139645565,36.69181783068694,11.455310106648204,-1.1531313899932605,-7.116268394519144,1.256350854941796,-2.187910324162199,-5.9190662789008694,2.845013547394274,3.420099608584383
pop,pop.00020.wav,5731.290093810255,2719.8718763601914,0.4353233154485692,0.103158474,-265.54617420387376,-239.52426881503263,-106.6335546990927,26.411098505467923,43.294548886846854,5.866146043074061,-3.007291474186814,-3.0928507723596357,-0.05272025877202802,-1.7495997428061807,-4.566661283715707,0.8755517989802828,1.4767216593106867
pop,pop.00021.wav,5591.668696270181,2558.4579914116625,0.43670017038863107,0.07776057,-302.87839623734794,-245.17193772637512,-107.37642089757419,33.02537265980893,36.97640522865429,10.428282729741868,-4.189639734298006,-1.8496347942458928,-1.6067126832299068,-3.790365626350567,-3.0724727633194058,0.05705831307647126,3.1914931409581184
pop,pop.00022.wav,5858.379825093316,2672.0277276342445,0.4663033068687162,0.060926102,-316.27412618701203,-222.63091554294195,-86.92150896923715,34.48407295367493,36.46957786765957,3.569250517277195,-6.373599294975773,-5.429693650278424,2.108684354610619,-1.6961368504358374,-1.0922782987950714,-0.3122202815814919,1.9424393575538357
pop,pop.00023.wav,6324.487655417763,2607.041624163361,0.5242671627271849,0.07791411,-317.1028692087579,-239.84696986175464,-78.30582031136801,28.774754841600846,37.51902020763085,5.0018492978390245,-5.295899099464191,-8.696856281290724,2.3124570320220963,1.9445895843393644,-3.699967929142324,2.145791363331556,-0.6428468143024674
pop,pop.00024.wav,5929.062450396827,2694.3948514259005,0.47383824560131477,0.06038909,-315.3892484223029,-231.20568584274346,-93.00965890741254,29.018863317787766,38.15675652790819,5.08708271311482,-4.546137415405725,-5.682224174089379,2.1885824053046923,0.4908132491896047,-3.2134532416312838,-0.7237795276530451,1.5920285356386228
pop,pop.00025.wav,6529.198169606428,2611.7634005236696,0.5451612951952823,0.03764688,-396.4502409536364,-231.8236804374866,-72.06053182819448,20.41500278036061,36.06178459237674,5.248037290065554,-2.4101531779068854,-6.393167353555693,-2.168736109824027,2.6149504617876804,-2.7895228359739526,1.9916479558441191,2.1221149441802285
pop,pop.00026.wav,5828.067342987427,2717.6853992011247,0.44002335290989947,0.037643768,-353.6392806364535,-202.54451526341262,-90.89802023686613,16.81137400963412,38.93660973739962,9.64295287660517,-5.290075459991141,-7.46609035631551,1.4823227699417554,4.766707683359314,-5.096225628793115,-2.324339894726987,3.0608447072999336
pop,pop.00027.wav,5631.119261057192,2727.648350449263,0.4295980006525522,0.039983615,-357.8192245864739,-219.85690842468458,-100.48990573972789,28.01624529012043,41.565381320482146,7.123003247633465,-6.1235638391681615,-7.355504624772935,2.211286617649533,0.7688500645752083,-2.5785847000027986,-1.0673789634648845,2.5950785545122255
pop,pop.00028.wav,5791.061662782754,2638.4829795707424,0.44214603574535966,0.050632328,-330.1858735715955,-231.05857385517083,-96.79381988890596,27.87184699037333,36.5555582658306,8.29094860262333,-5.762996830310013,-2.458362737530946,0.3260760087613063,-2.3893074443382067,-1.8426969075394697,1.8555602565595055,0.10792595440063943
pop,pop.00029.wav,6013.820302925531,2641.188082442003,0.48227157651778807,0.056264773,-327.0768461750174,-235.09914716304075,-92.86088816474013,22.88078997987801,40.19016985880153,7.3218261783502046,-7.108435661942812,1.2012485827301496,-2.4183020425848287,0.17513425238082575,-5.633647198050009,1.4153066881412324,1.8564613364704423
pop,pop.00030.wav,5572.287378295693,2715.5382555345964,0.41869833961716935,0.065257065,-305.0125849990731,-235.18589944790273,-115.34057349562421,19.75181998730602,39.9239956750844,11.12820620569598,-2.0214962608407907,-0.19030690300265166,0.07259839552432086,-3.4239566380946966,-4.246150004497551,-1.922558004443431,2.868972637659788
pop,pop.00031.wav,5602.156906592116,2714.4205270713614,0.4231619779582367,0.06548146,-304.4497052444454,-234.4964697987737,-112.8686532297122,19.65304247794324,39.443748585409594,11.127993378025844,-1.87977974967691,-0.38420482784220966,-0.2755729729935101,-3.046663286623254,-4.586963705605735,-1.8011693028534665,3.0688854834805666
pop,pop.00032.wav,6518.343826076252,2690.269535839759,0.5438029443397139,0.045023333,-390.6655285778383,-255.40057911643402,-85.30368722279557,27.165576884706024,46.27670725772658,1.861270270918001,-6.384064688534833,-4.7267550947717405,1.36389259458629,-2.491471992465784,-1.5375848675413604,0.7538326148793674,2.965634124894729
pop,pop.00033.wav,5171.489455309423,2463.763477366681,0.39041050367362723,0.04209895,-350.4230773929409,-227.71415038923777,-120.99024184747027,27.158456784857893,32.70040829623907,18.46637940331082,-3.0095136121150228,-3.870909234728524,-0.4107273325666903,-1.2988934459803079,-4.469685228047382,-2.919441030308265,3.1100555223375976
pop,pop.00034.wav,6308.169852273296,2722.729392391066,0.5047521510054138,0.04904941,-351.867658047385,-237.88166036692022,-91.78749751044874,15.868799049491868,38.4516698263993,7.0628652378461485,-4.210350179546177,-1.3824049565503567,4.380172029282743,-1.7662543137599593,-5.088850258950004,-1.6950901151210869,1.1014609034524996
pop,pop.00035.wav,5670.075360656653,2738.7172274895784,0.42883782265081205,0.097724,-254.68944005641288,-228.70043255675733,-108.31901863954,20.90136579912247,40.95597318258846,9.450566900312092,-3.1794639822982047,-1.9085090511635092,1.1141769214031263,-2.4488736850339974,-4.2921693615932766,-1.5805478216755424,1.6044570772103242
pop,pop.00036.wav,6094.04800193677,2781.5190296986852,0.479528440400232,0.05889157,-330.21363660158653,-232.22783570345777,-93.59845383897846,25.399816351674623,46.53757665269146,0.9399937571192271,-4.984459159786944,-6.675076367149808,2.490481748507939,1.5894953599233255,-3.844756546888515,-0.562408667904079,1.8859462681661803
pop,pop.00037.wav,5501.103620568484,2550.6337237842376,0.43549174038089716,0.09364972,-271.90541494647044,-230.61422957368833,-105.71177031026814,31.361559057439184,36.84914504654924,12.10492106960184,-5.991665298214984,-5.63938349077263,0.9232837073622806,-1.8328320769147979,-2.1054717914918495,-0.9814693391873758,2.0189762200512966
pop,pop.00038.wav,5546.340481735231,2642.567414471246,0.4194536083720031,0.080362536,-295.4110849548427,-239.69975716029037,-107.89636912960286,31.507188969869812,41.33505490899607,7.942397219101899,-6.899254765758371,-2.3823665760365387,-0.1471189164520445,-2.8048869824621443,-1.6396131883474554,1.0408576117908332,2.308180984173446
pop,pop.00039.wav,6648.943906408777,2644.2412893642927,0.5716021213988786,0.11246227,-276.03038705942737,-219.954086832297,-55.90129789468346,30.708902307966355,36.51093679768903,-5.125959244887404,-2.179595208214179,-10.968856470994789,1.6429656775253185,4.985716580048771,-4.53461817691103,4.714514330740674,-0.9438185991874407
pop,pop.00040.wav,4536.940940613964,2526.395726941875,0.28834688285479504,0.055731706,-340.4947470440716,-166.46340305710183,-102.61819444908625,39.219946844203726,42.180527656099684,-5.136362422956773,-6.369347546327401,-3.392132748939989,2.0253699959296565,-0.7823948427891145,-4.596103650998331,4.105334932558652,1.8642573214544385
pop,pop.00041.wav,5534.719232761438,2583.415475910696,0.40098766495069604,0.013145189,-476.8806400032898,-189.11957517265392,-77.50860949936273,24.80182762127975,37.37680740229662,5.447845460696842,-17.154807914081843,8.755658437790546,-9.24744931359689,-0.1443150838593282,8.67014514767684,-5.320592676444199,3.10772600573915
pop,pop.00042.wav,5496.653646689175,2626.234962790662,0.40371758386504253,0.07112677,-310.8428450795066,-223.6893197855448,-94.32807328708542,38.816718124329356,40.05113949525604,-1.0298889748756868,-3.481553013264397,-6.030691662646766,-1.4502383903706018,1.911021993514328,-2.911610001334383,2.9417393873722464,-0.30794961139633614
pop,pop.00043.wav,5251.774067212429,2316.980542580511,0.4000462224477958,0.05983142,-315.2151581558879,-213.42244423545432,-87.18702640991533,50.17268023093608,27.273146513162114,6.721920031603794,-11.983249787393438,-2.134171349601954,-5.904087878466876,4.778613997144937,1.131546625981355,-0.5909971672815307,0.39368858197490064
pop,pop.00044.wav,5461.537044799269,2666.65907006074,0.41394241226798145,0.06768395,-316.4963012210988,-231.41128664830012,-102.84050226878122,40.70165279436377,41.06338899166287,1.9648532404024364,-2.566474644374869,-10.28433873294806,-0.12231740366597646,0.996607820555285,-0.9009083703141394,0.9865661576076099,4.095112480904387
pop,pop.00045.wav,5969.130727183483,2734.307472218176,0.47266266978441607,0.052550655,-349.41413669908695,-215.77591991360563,-90.43610871711077,24.98432685133688,42.266367548193074,-0.6608526805481375,1.3627822328113204,-7.448434255371972,-0.3056313655447487,0.4930790997180977,-3.41657947165475,1.4610708656397093,2.9427549768754373
pop,pop.00046.wav,5981.869702750379,2737.144872469504,0.472947028470611,0.05184709,-348.9262624674545,-214.4188885342204,-89.33548642273045,24.975891444869724,42.42397705621747,-1.3144977463322571,1.4078363707558257,-7.455701191134021,-0.18660547276374181,0.5959946553008715,-3.656370329296521,1.6451852075762095,2.9186788552659473
pop,pop.00047.wav,6070.951881137436,2783.5112315137467,0.4842794585025135,0.056802228,-324.8787851282611,-229.94889250683872,-96.30392880075358,23.887460951238552,40.98897672746654,7.335018984567322,-1.4398059622018793,-9.07872084870019,2.9496145000080527,-3.5711467366305523,-0.2546443741749656,-1.7401705902651847,2.718852017195758
pop,pop.00048.wav,6419.156314008379,2683.0717074091804,0.5361864365815932,0.06600073,-317.6658838941928,-233.04290198914586,-81.35137579661851,24.328205615305514,41.89683063675999,5.364178176169945,-2.3159534171606615,-11.06968600447317,2.0811431193444707,0.948138925636348,-5.05355014417572,-1.151502266511931,5.325948275193373
pop,pop.00049.wav,5700.351479282048,2676.889119563736,0.43182264476991494,0.021629388,-437.6043830864884,-177.88904622774461,-70.93060255672545,35.17495207956329,34.494132948232085,-11.092837470832867,-0.9255763428712476,-5.497316399471376,1.8728245900477998,7.438164889831002,-9.520457816073716,-0.17282390295265546,5.389635796229548
pop,pop.00050.wav,5918.913864518278,2641.663761610069,0.46256321599477956,0.053468663,-351.6472477849235,-226.7796555555979,-81.71208108675293,37.95827735415425,35.8607828018826,-2.6934489982270056,0.6277855908230799,-8.171083214930022,-0.9380225158550898,-0.01579843003883376,-0.7663790347077956,1.8574959764090138,0.6173710741130571
pop,pop.00051.wav,6426.357241550961,2767.102120507945,0.5482835762277649,0.10300532,-289.4623300434707,-249.24297237288792,-90.42332342053876,29.485772641490637,41.735554271482094,4.3079421770427135,-0.2931775023963468,-11.828529597112892,3.808943953421702,-4.077435016764695,0.9650542018103164,-2.001338088202067,3.7377206079835803
pop,pop.00052.wav,6049.681318772716,2624.3741659281045,0.4879183433633024,0.09212464,-299.12600446796455,-238.2785098195841,-82.21107678655716,36.7492394681322,39.60987986019386,-0.2720676147532556,-3.41947960414273,-10.388499007597638,-0.39666665135854273,6.263258076942569,-3.8729774760833573,2.037159125974917,-0.7173120588550961
pop,pop.00053.wav,5608.348835849587,2717.6383803605077,0.4323838094547564,0.03603796,-371.24706326482516,-165.45926209885755,-76.98152516297017,32.46440042203429,35.84981791591975,-12.803525472614181,8.113639860958461,-13.98469396987348,1.7163898512173161,10.94730619231879,-9.231217355298332,0.5025782236822739,-2.0683504241130892
pop,pop.00054.wav,6283.824417230166,2642.643049851255,0.5226588179137664,0.07789982,-321.6638091847686,-237.52252504327072,-78.11817254325344,34.06551728242902,36.21732657767873,-2.8260280871505676,-1.6129961169512796,-7.6802338127672725,3.9383856077558717,2.116568493756941,-4.571124157893567,0.0526654277356742,-2.1505226730537594
pop,pop.00055.wav,6495.0890257027895,2608.413142557514,0.5485150661011214,0.06710778,-327.9902267194561,-252.23877970681792,-86.08410850641344,18.04214996391911,39.195591474689515,10.047470789073122,-5.932631584822281,-3.2105366227954155,1.796614877645992,-1.167122842527627,-4.128414242728453,1.7328556964985935,-1.1612882664343627
pop,pop.00056.wav,6130.565872436967,2631.0792381724814,0.4787327647670147,0.06987462,-347.09514760779325,-248.424179609771,-80.69951809260841,40.392489963016494,38.82861162064504,-3.2790587889604472,-3.775243626752785,-6.812357215601044,1.3158514808939006,-0.4934124174578852,-1.1562721377819123,2.210628003560961,1.5576460368913962
pop,pop.00057.wav,6060.272963273516,2618.7539123194083,0.4896388455868136,0.093906656,-299.7886021735487,-241.1743102632197,-82.60480615945325,37.549372846231506,38.818077670229364,0.1811267413176197,-3.731757497657184,-10.355565865033679,0.5599942300085579,5.44930390054259,-3.2808932494424625,1.2218504471284688,-0.5861643383082573
pop,pop.00058.wav,5111.540491161407,2407.1543887182947,0.3786332203451276,0.04775531,-340.1591838241607,-200.5804673843172,-97.12948404138352,44.092296023438486,33.104417538434106,1.4623143785079602,-5.220947546141392,-6.231571980380309,0.7157813960098472,1.5200491407623524,-2.9883436409029502,0.9177972857775936,2.3164642022762676
pop,pop.00059.wav,6130.534145951088,2628.659676033139,0.47645185312741684,0.071951196,-344.84965699070904,-252.32751552573444,-81.13506636000837,41.63371535796605,37.68060622023284,-2.578910684081677,-3.8294596158260323,-6.879928021688408,1.4664670717678814,-0.5677981425290348,-1.0658184835564306,2.0320377290670564,1.5195802775485587
pop,pop.00060.wav,6283.824417230166,2642.643049851255,0.5226588179137664,0.07789982,-321.6638091847686,-237.52252504327072,-78.11817254325344,34.06551728242902,36.21732657767873,-2.8260280871505676,-1.6129961169512796,-7.6802338127672725,3.9383856077558717,2.116568493756941,-4.571124157893567,0.0526654277356742,-2.1505226730537594
pop,pop.00061.wav,5378.1494682301645,2580.2666178563763,0.40635384945378966,0.057742905,-342.2278956623739,-231.07635057908305,-102.89991125296713,47.40659851591689,42.65064499460643,-9.347757949227196,-0.021482562401735125,-9.967012011725865,4.179551506603287,5.673381440060644,-6.489720959937827,-1.9274796369628107,-0.2319402525933681
pop,pop.00062.wav,5107.981617664591,2295.866367302652,0.404072182545437,0.08884984,-283.69374444060253,-227.2922575651741,-103.17594423871496,42.87359347581978,28.419943902738233,11.190239214710063,-12.516191948031127,-2.5953872816063717,-1.8040964907757917,11.962010336909117,-8.99694123167472,3.3513241506404743,-5.021426267681057
pop,pop.00063.wav,4914.520051458333,2553.89187477757,0.33688196357791955,0.018248579,-412.86574153019967,-190.73629923674858,-112.53605768488131,26.673115253946932,37.88043299382228,9.090783258062581,-8.921219089082047,-0.016288855758705468,-1.2442066848410112,-0.0049935575799881825,-2.428113791757758,2.534557918289282,-0.4289194672002037
pop,pop.00064.wav,5538.951755827418,2463.618279052134,0.42121678328016243,0.06999499,-318.5828163727378,-202.65741946093334,-75.50263337493429,41.16484453433929,32.21381913773198,-3.4265601869856197,-8.33928055812185,0.29991913144750226,-5.485398265057279,9.258059078672172,-4.353515605385308,-1.2386841903470505,0.06952788697904652
pop,pop.00065.wav,5238.154149956787,2489.88546235249,0.38841999287026296,0.032124992,-388.598211424909,-209.96898664270432,-100.54791140971005,36.49753010189139,35.40526397859407,11.147944409225842,-11.339731984507493,-6.020862231263309,0.9092656371130352,2.7787495626351704,-3.2098477252373905,-0.8684891061598534,3.7367342132306662
pop,pop.00066.wav,6352.197080682681,2655.130022921724,0.5152148890661253,0.05231492,-345.2452647306505,-224.04447576890627,-70.96115416867474,24.270700622224357,35.68811107509945,3.739623230349485,-3.289223597057301,-6.831762219567601,-1.5918620025406884,4.532468415338474,-4.890514261339658,1.0042744563688217,2.713914651477385
pop,pop.00067.wav,6109.172823390796,2626.7978769340625,0.4914594209203403,0.0673721,-320.7729834626916,-247.8180257217408,-85.1041383253675,36.63500102787238,43.27750001287054,2.127130773676691,-8.226764482918771,-5.374142025990208,-2.9326916830426324,2.3629300319673394,-3.2338662492054406,3.6134295962274483,1.8364202652484656
pop,pop.00068.wav,5510.007916798106,2550.9281664324444,0.4301240453402939,0.07655072,-306.1856262487643,-241.56633745462432,-105.36465047975008,36.22295007757765,35.15348493852977,6.456809516377346,-1.0062774705235482,-5.519788163751281,-1.5221882452775608,2.315735903833549,-5.285807870575966,-1.3115731391980432,3.103920519388733
pop,pop.00069.wav,4748.434285994178,2352.4210018886756,0.34971133628190254,0.054497723,-332.2359052476798,-239.42171540275132,-134.91073461691195,38.496825460671175,35.83145286375695,12.37271731971301,-4.794652658237243,2.0171467795414726,-1.261646485747493,-4.130350206976261,-4.587324775408065,0.40938305209157616,0.6487881711618941
pop,pop.00070.wav,5726.092076882056,2588.464409575525,0.4464053738882444,0.046875395,-372.5692046121845,-233.97028479637257,-92.06898913717535,33.94166792055838,33.71121520919482,3.0785373062333417,-4.3400347432010085,1.48043021433517,-2.210569925604566,-1.9351747428470356,-1.5877603747940034,-1.3699162048743991,3.4992430577687266
pop,pop.00071.wav,6109.172823390796,2626.7978769340625,0.4914594209203403,0.0673721,-320.7729834626916,-247.8180257217408,-85.1041383253675,36.63500102787238,43.27750001287054,2.127130773676691,-8.226764482918771,-5.374142025990208,-2.9326916830426324,2.3629300319673394,-3.2338662492054406,3.6134295962274483,1.8364202652484656
pop,pop.00072.wav,4891.178954294997,2469.013807955577,0.36323744441221967,0.07162023,-284.4880688145397,-227.83294310656652,-137.45054890776595,21.79254013539204,34.80429069281515,13.27949816170614,1.7955850726417741,3.835765764689892,-1.1379768899505136,-2.666309447857872,-7.521672797082478,-1.688417517698538,1.0409498930374628
pop,pop.00073.wav,6158.262814196038,2617.4777395971146,0.5003489341647331,0.093594514,-292.6029922073277,-250.7293035144384,-91.05152405456525,26.7820008575818,37.53994488582546,5.919554864821323,-1.2299327355787322,-2.112656414573222,-4.521570360073583,0.6012994341455836,-5.0347637449805465,2.9792735678643516,1.8971620762562944
pop,pop.00074.wav,6489.703251863401,2723.735791197636,0.527920775328693,0.0452271,-374.74909998395435,-241.8794705219031,-77.73928501747939,28.20999448810908,43.2176599511136,-2.894080082825288,-3.4966047701604843,-9.129957865567604,3.061053515003211,3.6690386426078234,-4.751855174694121,3.790979285558656,-0.7180875237620278
pop,pop.00075.wav,5880.063118370064,2541.6893920574717,0.4501749202436195,0.06590544,-337.5478695530959,-246.32273261586553,-77.10251921964583,49.36519818596888,34.673585662424415,-5.331958177957816,-4.959142355618785,-6.001886506288674,-1.8597068411199082,5.902367618708917,-4.722139393646253,3.2854001985093504,0.01944058174501971
pop,pop.00076.wav,6140.095959564922,2640.5465108139074,0.5077022307617943,0.075309746,-312.866212688757,-246.39913248154537,-87.67833292674541,34.50117046495712,39.56989184696443,4.164929373283824,-5.044817133169062,-8.692737417874545,-0.42110138230983596,2.2842125788488286,0.7981551227665629,-1.2977281119945154,-0.9983967551058187
pop,pop.00077.wav,6284.574133116732,2673.215226705852,0.5006548180104409,0.09271378,-300.4988533647366,-242.67169230168912,-80.5355353252847,31.702743044356144,38.354584025909666,1.2779026351817295,0.520955273116245,-8.87492893402629,-2.0198522246990978,1.1644764905804084,-3.504094864654952,3.2845744192917117,3.4134329891595687
pop,pop.00078.wav,5525.861816862905,2572.4306375690358,0.4263004972689482,0.0727549,-316.19847848037216,-228.80219459755253,-98.16914219680349,42.13831195688746,38.778833527066695,-1.563154130437149,-1.389863768757179,-8.821413837582055,0.6868338453955382,3.4343265750064256,-6.080287462453391,3.9279985944154894,0.5176081678815816
pop,pop.00079.wav,4993.343029347818,2415.593891577543,0.3692482507975638,0.0058905706,-555.1494619474906,-199.44657609533706,-104.58200393418811,41.848352475113934,36.129845413345905,1.8488814285237625,-6.108980104183459,-3.313468055379411,-2.9938657576539685,4.1933262358635135,-4.54616133714956,2.279661884864867,1.5237528278673993
pop,pop.00080.wav,6072.419900502671,2783.4447455228756,0.48486214834686775,0.056815244,-324.19098756850457,-229.08603925396955,-95.74667275898526,24.10577788933201,41.006127690471615,7.230518256981678,-1.5704148352931924,-9.238883514021595,2.9272102791626495,-3.484612748009872,-0.18632332324884263,-1.695944476896221,2.7690738802547648
pop,pop.00081.wav,5392.66705134717,2572.519945428929,0.4388934708526682,0.018270474,-433.2540123516502,-219.02191339888415,-106.65964909795173,26.922175139142027,34.552135972083285,7.870886946630409,-3.2401723246522685,0.016187937604991057,-3.2128516576718575,-1.8056297276704756,2.357488368380662,-2.7250506227813447,2.6041496303280858
pop,pop.00082.wav,6198.894756392232,2690.6246545787726,0.4987303932231245,0.045737933,-350.5178741011093,-246.98966210691896,-87.9367974898716,31.79595951896425,39.82785337276941,4.055926885593444,-5.552968417346716,-3.6984345863399857,0.5496978387102788,-3.145935341998086,-2.3873349520720444,2.094353311814064,2.1285576057049975
pop,pop.00083.wav,5757.199954834374,2600.3680682844847,0.43594716744006184,0.027201915,-401.46928704039817,-235.24796057924218,-96.90667433590488,31.387751566002663,32.71029140411082,5.478378230455137,-2.1213765365932953,-5.41858352057558,2.550561681618248,1.4125131338676284,-3.8636537386583605,0.2371439251019947,-0.6819448295275788
pop,pop.00084.wav,6024.046955702864,2695.2295450865813,0.45726727148588553,0.04665275,-387.65368841537617,-234.32031365184164,-91.13653848319251,35.208177592442915,43.140070315634155,-2.0376144559310903,-2.1285099094985047,-8.80483708837416,2.613045554702834,-1.0059374421134484,-1.4523406472678482,-0.2318234833064419,2.6289692877508397
pop,pop.00085.wav,4781.112841597557,2364.760102624632,0.3487513896945089,0.05762889,-359.21762188792684,-217.89446983565756,-122.61938373431278,42.73148760280994,39.25317715577479,4.30942462286123,-4.516710538651655,-4.777678379301842,4.212092052023837,-5.2867160041838135,-3.5619883847808365,2.6450918080994317,1.0306498686539447
pop,pop.00086.wav,5870.384161605947,2569.424026079679,0.46798793382637277,0.054282516,-336.65328256246477,-250.51176078844955,-98.45493738530274,29.372312787656874,32.1209720381974,9.246917154609724,-0.27739211013935006,-4.093174000218352,-0.2185270885281969,-0.975587624347205,-4.281294747369167,3.1064324880796548,-2.3435991490401613
pop,pop.00087.wav,6278.456923237691,2652.601911050387,0.49868545473221193,0.062867366,-334.69584548194223,-254.1574008466784,-88.57989873651336,29.85841212994654,41.500812566347456,3.0328703565986985,-5.311843887608449,-5.021893044821434,0.7394233446716398,-0.7629273576626487,-0.8183136795957727,1.8132037209060154,-0.9368241393451704
pop,pop.00088.wav,5923.205614101076,2629.6191951279843,0.4573816947022428,0.08606651,-297.40881720724803,-213.98629001191,-72.7166884374241,40.621990436692975,31.611111451268,-3.3874903884998226,-4.091994258076982,-7.287825601874143,4.868318714050456,-0.5710299644342532,-3.7091193504905124,3.244715437645703,0.03196624654164412
pop,pop.00089.wav,5799.010614730358,2526.9208551546235,0.45195282289249805,0.083252475,-318.64469007043726,-233.0246034368588,-82.72821580722592,41.79956698021961,31.544579979370766,0.5897799815519245,-3.897516179044546,-6.140663564366807,1.7812162238290687,0.47447061321345063,-3.3891833594650227,3.7167554660200066,-2.081665466172186
pop,pop.00090.wav,6271.355426167127,2646.1277010812364,0.4948437802107502,0.06468427,-333.39555387568606,-256.12475755020114,-89.9108765369924,29.82075471197716,41.07141315637963,3.3261715028161554,-5.132016876293274,-4.9661882932899255,1.2638860333664006,-0.8765528298664343,-0.7883930853376719,1.3402880535747248,-1.2204298147848014
pop,pop.00091.wav,5985.497123147273,2649.949641545039,0.48150913270978346,0.093951054,-281.06951592171,-248.69948387725898,-94.1879251788272,35.77512065235712,41.961341428640196,5.808077579259485,-7.041809815717793,-9.267525677846606,1.608987129926338,0.18600187876622937,-1.0060941380313289,1.645440636763467,0.4013707988146669
pop,pop.00092.wav,5616.5154240613565,2447.8772695008656,0.44513803291763343,0.07219739,-305.6984555553078,-238.1425790095485,-101.01966615585657,35.42427932725799,35.67842089743348,12.021211238141786,-9.019892636298605,-3.8537789003759033,1.1943664942156684,-3.260534602590006,-5.528512031488047,4.911875402324913,4.045856102649287
pop,pop.00093.wav,5864.961612410219,2512.5839417253464,0.47884303400522044,0.06632884,-308.21596886399243,-252.50251684354998,-99.49921250073774,29.022123564811803,35.36964579981976,14.79035901504314,-8.131967765257318,-2.3902472775805665,-1.363576329030008,0.47306937221681317,-4.869842512229392,0.18479592319721946,0.5088330087915831
pop,pop.00094.wav,5319.012143431007,2658.585658520688,0.3744444998308198,0.059428357,-328.24784566507793,-225.3926336355151,-116.04726744353593,32.83596268127837,42.16219267596989,2.4886154832602534,-1.290458303059995,-5.555396804588286,5.180973415860462,-3.2362529611875304,-4.37600996444593,-0.8376717848115228,-0.5293456761891073
pop,pop.00095.wav,6403.654438224366,2704.6303664206735,0.5268920992846094,0.0661167,-335.2026710568564,-251.04990007190185,-88.02702557651214,24.279883585984503,36.1256263587364,2.1892451022824857,2.317120519631233,-7.509603740414363,4.00124552588113,0.5771391005472681,-5.497405863202296,0.8388272892475431,0.9392319705833581
pop,pop.00096.wav,6054.897439549368,2626.823613187219,0.4701480024651972,0.062065966,-341.1171555472786,-242.32358979905666,-85.27716405000496,33.52209934809975,34.159370039778125,1.0800794030436902,-4.586897417023878,-4.051788641103305,7.038769119111842,-2.0482100331841906,-3.7170680435117482,-1.292352856282291,-2.7748901102125685
pop,pop.00097.wav,6574.847676054102,2574.7785690027886,0.5478266386310905,0.04134482,-408.9689596004087,-253.73547202926994,-75.37642132647186,24.51199817197112,39.84045532741757,1.2566243871736233,-1.0146537546328362,-6.737704822153003,-2.520523665524188,5.729419778123956,-5.572501494565361,1.4600160926047383,1.0568811871602115
pop,pop.00098.wav,5911.1432360388335,2546.624368439466,0.47802545557811293,0.082229614,-286.78393372943543,-227.80994782731793,-82.37544688943467,31.986196105465645,34.92559793220884,9.384432844343582,-7.698479636123527,-6.203729693530941,-2.6734702724454547,4.3681251104539545,-4.995566355083405,0.3749788239467066,2.4637147278793
pop,pop.00099.wav,6388.5848975487925,2725.6164558635987,0.5242766035866203,0.02746525,-413.9078798675527,-232.79930012432135,-88.96794801754132,16.9808325029026,43.32554859416798,1.901535942016779,1.375384333659394,-9.3203438528315,2.224452211734666,5.443745150893637,-9.45695749212618,2.7769675255880637,-0.2845152404290272
reggae,reggae.00000.wav,4715.711629922102,2024.583274614202,0.3660398691270302,0.02131551,-432.12778859759544,-177.31512047257206,-115.19324875607371,57.543508391770665,17.8538448598657,29.31198753226867,-39.23439112741563,20.499651090744045,-22.030652447215047,20.23340766674497,-14.811496864261807,14.075354602413066,-11.953977804837818
reggae,reggae.00001.wav,4589.470007992362,1961.3576671407686,0.3610199753480278,0.010031348,-490.20572691705087,-178.41238819254153,-132.02283964406087,47.97145670703136,7.875132442745681,37.83576257934797,-23.83681096505152,15.004127753416805,-23.052031686900175,19.30041574870798,-14.94415654614738,13.686347327729528,-15.05766464992312
reggae,reggae.00002.wav,4582.695930971548,1910.0955819922476,0.3614840879978732,0.018398155,-471.94353384002164,-178.81228642060088,-114.8891425121172,66.87410034388331,8.88608748474259,25.18682650801576,-30.969894660956925,18.826706056122053,-20.60366583528898,15.660684148009564,-13.751129947630378,16.93681207117326,-12.388883231415557
reggae,reggae.00003.wav,4490.987441433683,1999.9961799180846,0.3512781413138051,0.015700167,-476.7101673579568,-172.53350349635306,-128.01491562913682,53.07030714857828,24.303348923304984,30.250774950627324,-36.56934459226441,14.747902471245428,-17.875739976790133,21.094612906210074,-20.835844462859438,18.906678615943033,-11.917912099675629
reggae,reggae.00004.wav,4537.996102669028,1967.1110678073517,0.35431092299883993,0.021412306,-453.4457720134477,-176.9469369763359,-124.98796817008348,54.54559551894929,13.602582686363078,31.143604060651167,-29.765517699156135,18.17303846554507,-19.65528934290818,14.26131914259844,-16.595410677051277,18.049419151548314,-12.14134187797433
reggae,reggae.00005.wav,4276.198882889264,1855.990587349307,0.33120649651972156,0.01817014,-446.0676551538395,-157.48918584224126,-125.7323792301896,62.77583332764825,12.06930912256273,27.39796347003056,-29.326294434364275,14.843555905562026,-17.880124154151506,15.601945632801002,-16.40261347030837,14.803100014034554,-8.238595289619747
reggae,reggae.00006.wav,4116.200557013487,1857.2413679860013,0.31623329345514306,0.011918433,-499.5109699024237,-159.9199668636168,-135.84591371822327,57.332803653920145,17.43109942861873,28.46249727075939,-30.984615294423502,19.48676288311584,-19.031304611721975,11.312536236889487,-12.592367643195683,15.216379391205232,-12.20422960644724
reggae,reggae.00007.wav,4499.950436385909,1997.5685489394768,0.34968716768174785,0.014645807,-471.43290716574734,-167.11987238889697,-123.54933417691927,53.52024052266615,17.490628828943496,27.263279882011805,-31.377262307926532,20.36214638763085,-22.4521672761769,19.17620596788597,-16.191721025073612,10.784201165590455,-9.046010119030345
reggae,reggae.00008.wav,4398.603715234641,1852.7399861981082,0.3390412769479892,0.01603589,-481.32791881896435,-173.01809656579596,-126.79428487332916,60.82214954531254,11.929903391517154,30.607104277808656,-30.050342605147986,12.246296846975536,-16.892497652338708,19.03722890036938,-14.61520066294346,11.43313042032966,-12.538372563892064
reggae,reggae.00009.wav,4815.275849711456,2130.7001540516085,0.3645308421548724,0.0099277375,-529.1493547343894,-168.82176952862756,-126.80307128215644,37.21333380142153,24.95005356955551,31.943160820285797,-30.976358526042464,21.17558849164612,-26.925469467169844,21.63795679239603,-18.907741137921775,15.443320974944756,-11.10022550157802
reggae,reggae.00010.wav,4308.609965937927,1685.5524006757837,0.3405737172515468,0.017107038,-473.8561781421614,-149.2356063405687,-108.74177966970099,80.49769985410111,2.5640806485895613,23.15980457940509,-36.89510299421522,10.649844753159751,-5.568270610360435,14.713235545102217,-14.41326864177386,9.896294170455137,-6.133116358912205
reggae,reggae.00011.wav,4765.564790032906,2073.5757337913806,0.3746129247631477,0.0130432965,-482.8813517093446,-189.70107577819007,-125.47223109446374,52.08967533815879,16.17599835463414,24.67088354551719,-26.463206812642618,24.862188687094275,-24.984813920639244,17.571060013103125,-19.424093762103436,14.896188746956623,-12.668555477138533
reggae,reggae.00012.wav,4787.385294586904,2038.9365668277287,0.38135029969064194,0.015198074,-477.31804084224973,-198.05431633638423,-133.77290771726814,47.18960757955602,21.278165068704556,33.75807698819336,-30.75060420548715,18.40644201045438,-21.376325728817573,17.946200827010653,-18.262135315118798,16.248415262730582,-14.174743828214776
reggae,reggae.00013.wav,4600.670874440184,2032.8618750474257,0.358237187620843,0.0145149585,-479.60852813272777,-152.8087379066814,-111.94722654984778,50.20620783144356,20.774500364448823,27.660149394094116,-34.618532126835184,13.737596814287725,-17.63214187175419,17.849609563002023,-14.097731178546189,15.468902286220132,-13.901868336054614
reggae,reggae.00014.wav,4647.893176137545,2006.3279473178038,0.35638564626836816,0.014778057,-484.4499842437627,-167.34502295805981,-112.14418600204175,56.42359060299994,21.09497066822492,23.60183602098114,-35.51192205547957,17.755075616333638,-17.86733548784252,14.762652731944208,-11.727668971034051,14.283337967087775,-12.934963488819896
reggae,reggae.00015.wav,4955.140844297412,2062.880352950595,0.3962713892111369,0.020556943,-452.82261085345357,-195.99424273456356,-119.6909266883817,54.329211685215036,18.516511200804164,28.432543858522138,-33.15527508981576,22.411101490509154,-24.532738566392943,19.272599870180663,-18.849357989398253,19.038731180463646,-15.21482891640897
reggae,reggae.00016.wav,4653.258918636086,1938.4899304670903,0.3650466907144238,0.04381296,-362.40257895484257,-199.34543847474575,-128.76654260961087,61.75480987247066,9.596447134332816,33.02631072343453,-26.54127973685407,18.519689407576756,-25.095813139420887,15.948857613839518,-15.725154645814905,15.281996163472174,-11.280364072032457
reggae,reggae.00017.wav,4322.720797657166,1929.2795528822808,0.3142359852329853,0.025326261,-425.0704507377834,-165.12790212694625,-124.20395199437363,59.624557243630875,16.171728400619447,30.43314331027599,-34.62536439055018,15.052201720869906,-17.736943373166312,15.971932836257546,-12.911479431144961,13.823428728302273,-12.502538053627292
reggae,reggae.00018.wav,4585.895242195386,1916.8389415772479,0.35568286869199534,0.019720947,-457.36452313447944,-182.85752556846055,-122.85028731046607,66.07711133092957,12.447001684307477,28.807759791154247,-33.94466454530852,19.329101840320053,-21.54984941850079,17.647143939518863,-15.27344544355728,14.819187541076282,-12.070476157233855
reggae,reggae.00019.wav,4681.515813902956,2002.8052116111426,0.36819389561581595,0.021064138,-457.7644833031383,-170.59270405820155,-108.7473889387062,55.7115115601823,15.871887531690392,24.862011927942916,-31.835539943757205,15.363988849742976,-15.27477309323061,16.519137226875433,-18.665079416031805,15.635499197914692,-10.24685206559509
reggae,reggae.00020.wav,4725.71188550325,2009.9543096977045,0.3672751111755607,0.018056093,-465.25828812365927,-179.69668611633247,-120.26870547593329,52.76750841662931,13.022403444355817,36.625929231353595,-32.79774268020033,15.411563156837149,-22.111737766571505,17.15614896295433,-13.333179296272606,18.006429279905976,-15.66456049067031
reggae,reggae.00021.wav,4348.887284835905,1912.4295755602795,0.3382304959396752,0.03211753,-383.73302548905355,-196.47031297333382,-149.2577741031431,60.039672218098005,13.816563812789415,34.65268626125368,-28.003999161346513,17.714931458970778,-21.37058617480883,17.123494695132404,-18.345037169005398,17.340342573074288,-14.669850566240275
reggae,reggae.00022.wav,4443.356081443415,1913.9326164490915,0.3485327393899845,0.039267268,-369.9003411278141,-190.1549427168442,-133.30533884878625,66.95492364161387,13.314841326292527,29.119963541372858,-31.40494320871257,18.877255952803072,-21.87618431420667,18.39493741930355,-16.68096021379029,15.277115083434342,-14.108756998429328
reggae,reggae.00023.wav,4590.006859555387,2028.266509464477,0.3648416352474865,0.025623009,-410.7059868907301,-177.70339563155684,-112.0174685232712,71.84548602840484,20.74653900351559,15.055121767168638,-35.61653886976459,16.429597853615377,-18.49746619817476,24.628489701908013,-18.166706393471355,13.84856747010272,-14.515534761529882
reggae,reggae.00024.wav,4409.751299216798,1925.2864312608272,0.3257931077194509,0.023669122,-432.8283306488478,-158.34326057928172,-111.29311187450176,64.85754371696405,14.032821840941256,24.568797244440706,-34.73919795728592,14.391105504017723,-15.186388092590771,14.348838353958463,-12.863967041591607,15.942333958388003,-12.158227827374619
reggae,reggae.00025.wav,4267.40481010767,1853.2788192078729,0.3254264247389791,0.023589993,-438.8068493407719,-148.39074084041886,-116.53413381798576,63.29536857056423,12.40706231045557,22.458712523036386,-30.046274606789844,14.913734375495338,-15.769300910593431,14.894137462350894,-12.72416665202991,12.230153938853153,-11.14069480427653
reggae,reggae.00026.wav,4451.189796025466,1878.0599053098313,0.34193886552590874,0.025826551,-435.6947882784456,-168.5450133185066,-113.47604332143577,68.65539824278524,9.876427414790816,25.40075667261192,-33.33929300210957,12.734682530179361,-11.771886652839642,14.476921173684762,-15.327234040790959,14.82281349497561,-11.068032752239686
reggae,reggae.00027.wav,4898.559834315209,1999.8950558697454,0.4072242966937355,0.019187532,-450.19745211841104,-185.4425801800366,-106.18082468631444,61.60949176338893,12.803971934430994,24.766950246405028,-32.27693499167224,13.310697617545259,-17.688200666493117,22.235163590815453,-15.112787756056647,12.778092793231593,-13.616191496083017
reggae,reggae.00028.wav,4321.64657288545,1808.5217877108566,0.33266529811968293,0.0095033785,-540.8430828412462,-180.59342924975013,-132.501201099457,70.99144883933937,11.936992072458732,23.150421468844236,-26.687976090717363,14.741503624014827,-18.13397820767236,17.46606673869205,-17.501314232979993,16.251272058954875,-11.366889290296854
reggae,reggae.00029.wav,4709.204453986478,1914.5341613567693,0.38676973064095127,0.013612666,-504.4491142149867,-200.58480634579033,-127.98677005234865,61.31447082431681,9.171850723510786,32.09472653084562,-29.060614033733934,21.72226847234723,-21.65518386051631,13.817219710821282,-17.805704604566806,15.60351593482791,-11.814623626054921
reggae,reggae.00030.wav,4954.425265552953,1926.7521216320004,0.39713957064481825,0.0110612,-527.5453120127329,-196.26943295885278,-107.65048820509816,61.64986461706342,7.8574227604901274,29.520085675180677,-28.127259113249092,15.003963226368743,-21.67650828694339,16.946031333566655,-14.747797804259243,15.97743414251797,-9.90814587993776
reggae,reggae.00031.wav,4602.608661136228,1967.2667684713285,0.34610303980568446,0.012235131,-499.76988699529767,-173.18386524950347,-114.00680173167153,58.849980215371986,13.433796682417643,25.072113687164908,-25.42370282102982,13.174533319734918,-19.202896066768652,16.14081036234582,-15.9113603420363,13.185606005295922,-8.631228853684462
reggae,reggae.00032.wav,4190.801951494356,1817.227929981548,0.3177366559116396,0.0077977455,-538.1825102484836,-169.7603755322353,-143.83524569071076,60.322131258201786,15.930428523611,30.456638790685414,-25.86200433937606,15.117235286263096,-18.638502814686333,12.02008651973838,-15.284389282815445,14.78723926404203,-10.663623994929715
reggae,reggae.00033.wav,4860.357117224698,1865.1954041624526,0.41219962961620266,0.008485601,-550.5211581588123,-194.19526209289384,-124.87506212869475,54.8219963080869,3.452957162669142,38.35885717238933,-26.821980284311987,22.773501788618596,-26.633025136161766,14.420846996151296,-16.51694954150574,16.552340791482845,-10.301789283062906
reggae,reggae.00034.wav,4262.074420256615,1844.789188805526,0.31804178448859244,0.008244399,-550.2657769718596,-180.19200778008263,-144.77191301821605,55.971013447813476,9.059863702482188,27.72866389326719,-18.59468268552441,20.66145466880618,-20.80550565226155,11.67014110759067,-19.44151192666834,15.389514919649864,-6.325421752142935
reggae,reggae.00035.wav,4496.517343321292,1874.9518155759094,0.3452480755752127,0.0108163515,-514.3360194973849,-180.00485669238287,-128.51105604614654,60.89654038352349,8.03798194315837,30.13457457877487,-24.58585229157927,15.721979039919937,-18.65976106650417,13.690739483979263,-15.298037566451109,13.799109950689232,-11.897073618599444
reggae,reggae.00036.wav,4704.8700839288185,1888.6624367725185,0.3751034718194122,0.010129165,-525.5070772467292,-197.4292196784155,-124.020341551093,63.74653416024932,5.8148416851677,31.61407638380536,-23.860181753151792,16.26207399121313,-23.23781330171771,15.569635653946001,-16.325770071335455,15.78167228440204,-9.616651378048417
reggae,reggae.00037.wav,4519.73157189391,1879.819779870736,0.3513294995891338,0.011709867,-521.7667489362564,-182.00861354055982,-121.59588375251477,64.74709045323507,8.432032225817089,24.192684309357137,-25.44220105063386,18.52014377705139,-15.949868660036568,10.977103414525073,-17.134427036081043,13.451827964047764,-8.718912288530126
reggae,reggae.00038.wav,4547.979767549725,1871.1074328855918,0.3675386999709977,0.010104552,-522.306660742003,-172.28627640136907,-123.45109098294733,59.58629056734661,8.035575372884852,28.136488296463586,-26.86227991005353,17.163414015082697,-18.327435945847032,17.145615188549666,-17.628908866235783,12.54347586268768,-9.620010853208555
reggae,reggae.00039.wav,5780.493544812717,1995.7873759298445,0.503776721408546,0.00837903,-592.9846013251776,-191.07662970915524,-73.41297821035032,44.780622416071935,15.498480082437746,20.801400090452365,-37.104599210081155,21.501820725795508,-16.91235128934361,19.26410140876037,-16.405871862753315,15.894114055289387,-15.064155403356867
reggae,reggae.00040.wav,4119.876879538533,1720.1779409319297,0.31979589617169374,0.011683229,-527.6200896870522,-128.7304043835892,-103.70783620378738,71.04568325077331,8.08495026412575,11.824537128480314,-23.6987382324433,10.993404501988419,-11.120417988343146,10.276846739138321,-9.93856707666386,12.615302046385004,-8.73729771796178
reggae,reggae.00041.wav,4564.761919085131,1909.6593031350906,0.3484288899361949,0.024102237,-434.7754178322742,-184.6909084702043,-88.93470954250085,74.2428037692792,10.859344797845312,-1.200161348365317,-13.86143342721615,6.274259824514668,-2.2776236218805743,0.6146910800440256,0.4573528282232457,-1.4123108717178388,0.6754506267321535
reggae,reggae.00042.wav,4790.549841114458,2433.3721684066372,0.3465071085895205,0.018408597,-431.0880821102752,-191.1843277957146,-114.22991345132033,39.05859777295667,48.31271173780834,6.546696943092327,-12.74903442017185,-8.370206630064514,-1.9236449900476273,1.4762418972247158,1.76890636149347,2.9085873147721437,-0.5951601229438144
reggae,reggae.00043.wav,3482.735173166008,1799.6015392420475,0.24785805781129158,0.029264629,-422.06457509469925,-129.44363033796935,-132.81094221416197,61.701481622232244,40.85292615270062,-11.952280861934053,-7.5215508539588685,-0.0696456637373404,2.6326670878026945,-6.82343960125696,1.7202333171799626,3.4356584170111444,-0.6380978588697539
reggae,reggae.00044.wav,5507.053085532768,2557.0447600061875,0.4131841224381284,0.031296816,-392.1212231776414,-226.70480654604515,-98.75727331882058,37.30501004908738,34.019241124661654,6.138124551827386,-4.310557390102599,-2.3456393500451753,-2.5267844095796734,-2.5435213370083725,-0.16795675538243643,-0.3056906550904807,4.235939049416006
reggae,reggae.00045.wav,5977.1871710275955,2371.3286688365956,0.4904719070233952,0.053181104,-366.6642603350632,-243.66676369201076,-62.51114744026448,53.64272661104708,26.46025961020909,0.38365818545211494,-15.458031431826456,-1.964129375494347,2.6428383404090803,0.21689203181103564,-0.0362721762508997,1.3237946011890533,0.8660245628272397
reggae,reggae.00046.wav,5156.868967389592,2277.9525965382863,0.3979069236997293,0.016739681,-450.3753719516012,-223.29507257698316,-98.41350279548695,51.22799521776506,29.236214806840305,12.798534889661868,-17.974606927503764,-3.7784796552028364,0.6698761457964081,-0.14926380303201686,2.0993877959055047,0.8620469330424888,0.02819316776022034
reggae,reggae.00047.wav,4462.6760179008825,2067.2015305896,0.3259294337296984,0.041589163,-375.4175795406049,-176.80328769684755,-89.28038003625119,71.6474269048437,21.35423986608851,-5.822052531471241,-16.908228687046893,2.628761345631336,0.21301012924580945,3.2649877661649582,2.6286425856095814,-2.881643815161422,-2.3692614932223734
reggae,reggae.00048.wav,4996.298137725961,2080.660191244857,0.39090633761117555,0.037589397,-393.08326073863975,-222.0184869107003,-97.1939949903074,59.18123818682246,25.144856079206864,14.099510700257337,-24.639013017374904,3.4785209355346773,-4.88924234953802,5.9322634928465785,-4.257353848438783,6.829165159070219,-4.4422104594008065
reggae,reggae.00049.wav,5461.004509872501,2606.2090995711897,0.4197024694267208,0.02274184,-415.65724038624376,-228.85287171806638,-99.42887201772261,38.90715259929374,33.456496468453516,-1.614890278436433,-0.8621769409664093,-0.16370008668413585,-1.7177948555417983,-2.188370710199747,1.3949040482624426,-1.0696164102111723,-1.0985762049721035
reggae,reggae.00050.wav,5222.90416517884,2422.779855400727,0.38097493111948955,0.046023905,-386.2232565372757,-234.93876524400034,-111.40537852873298,40.515799352572685,38.07844164552155,8.601057836485785,-8.173429099553617,-1.0330157228411476,-3.012693101416646,-2.691999189675384,-1.3030906804708433,1.9971177177040713,2.2132408200838696
reggae,reggae.00051.wav,6086.053829647734,2255.3804732660597,0.5091217583865043,0.046266854,-400.4593395729506,-259.4727041437443,-61.778217569590346,49.87270886323656,19.05628173289871,10.914359968908123,-10.719843861987341,-4.849716112137028,-2.0998313970759725,-1.8733689416749595,2.8209821183959956,5.353104640665957,-3.00463957038698
reggae,reggae.00052.wav,6286.697196219174,2563.7737076840976,0.5225036101846481,0.044645056,-371.92658002975395,-248.2831384625895,-82.67909682005578,27.10284031696953,38.42457712515568,3.262614959574104,-5.070150954445103,2.566538910757277,-3.8684511552471608,-5.563179828810761,1.53658515764862,0.006343974706530625,2.2122300832546338
reggae,reggae.00053.wav,4935.416496535366,2261.48582292751,0.38678294784416084,0.010606676,-505.13560203889614,-159.13509453258058,-91.22953244875708,49.68636760468965,32.16624888788605,-2.9833693190000403,-10.673924837594942,-2.376670631857313,-3.2057097100411913,6.779773970916103,-5.407501364934435,7.665148177853893,-6.264643825999869
reggae,reggae.00054.wav,5442.20524400336,2559.413148138874,0.40473681904969067,0.01912185,-454.02235002480967,-206.69993313906724,-100.16979238388949,24.596327136211578,50.149879651893386,7.045055213714894,-13.876712866383393,-5.129357036754204,-0.032901247575430545,3.9450546970010123,-5.3935006338320886,4.748238557053105,1.1422675265176314
reggae,reggae.00055.wav,5744.829835489643,2525.753112850674,0.4559965318058778,0.022092089,-426.51292354474845,-236.79157508178778,-95.83390288436836,28.5720439250498,31.875569609481897,13.761704068728534,-6.965614481498637,-1.7074157712499682,-0.04541206587359414,-3.9078255338302963,-1.4862393384223433,0.2993656852646755,1.6250851890158962
reggae,reggae.00056.wav,4994.24632477879,2420.5245732659555,0.36942196261117555,0.01980512,-429.0518061405256,-185.1733005349764,-100.99606142422856,37.3878505447229,35.980147031746185,5.91545027475643,-9.372666379470918,-3.207905913585223,-1.3248669667765103,0.4446672486900508,-3.0929654827717825,2.8867744897317844,2.561198508851141
reggae,reggae.00057.wav,5325.866028358507,2510.3872607308126,0.3878414570040603,0.01781119,-458.95488225378136,-202.44432705465576,-97.03561907240021,31.65483781975169,39.37479986211324,5.9336089712731415,-8.154783854202847,-6.885173229078691,0.22369285087603258,2.995708644889141,-0.1541149464408083,-1.726186290539872,-0.11033484380010627
reggae,reggae.00058.wav,5619.8572704258,2624.1408477473014,0.4240362015419567,0.022467697,-433.3771388859757,-196.82539984953354,-86.6358887150058,28.81445007484759,44.60575974583908,3.7428419218745645,-13.57333166714815,-4.250654306296092,0.007144627442336873,1.412055523723701,0.010685663419299012,2.45563683205482,-2.53106011191616
reggae,reggae.00059.wav,5266.151426363768,2485.412378778582,0.39152641325889403,0.034908768,-366.4787569649596,-210.77054732112578,-102.30108768207354,34.41251781535884,34.503588787227486,10.47214592943018,-7.721299533761915,-1.532443917527923,-4.616597235672263,0.7192048093991128,-1.2971695950531918,-1.4513224696934184,3.8123262056590597
reggae,reggae.00060.wav,4614.540943870465,2058.250450572686,0.3462155748501547,0.00779134,-538.6454112636546,-169.92385337661307,-93.05442738834878,61.17624611250818,21.151571100204535,7.746605257641467,-21.097152448358354,-4.344484153272659,7.375920007369286,2.718866739502343,-3.8838951348457047,1.0187994950152197,1.6310014069922303
reggae,reggae.00061.wav,5452.468533600239,2498.216860662127,0.40560235704273007,0.059277352,-335.8025112608309,-219.8066436313777,-86.33458268324672,48.00381094921766,38.34657866813835,-3.0649737133655988,-10.926344927330197,-1.7334631016139044,-3.5249727701279463,1.9928190598114306,2.569232705695982,-1.5680868566074257,1.1405358189836525
reggae,reggae.00062.wav,5196.720472057842,2530.9279379780965,0.3715525757685615,0.008844621,-531.2896585593151,-202.26277262103855,-94.459054600734,44.732960179886646,40.17342751142236,-4.463371700840139,-9.53115666852613,0.12063228370263251,-2.0968992555188115,-1.1070689529623559,1.15397704560693,1.165359225409044,0.7304957537257648
reggae,reggae.00063.wav,4243.02412876755,2085.768269697092,0.30007469607985304,0.021354038,-427.1080339793316,-163.80874414753157,-113.35960843127725,58.911894942535646,32.81123237287641,-4.71126166992743,-7.873393184290348,-1.3998999194231334,-1.2917888201379393,0.25279526243472833,-0.31072583781601393,-0.6494480063937736,2.9396094965118644
reggae,reggae.00064.wav,5886.0304561983885,2609.102139824603,0.45199813901778807,0.05712651,-339.7950291219306,-233.68347513680908,-87.78350849999948,32.71621884226258,47.5550904960298,4.189139653624678,-17.76503788331586,-0.586164322575823,1.9920182649003335,-3.804892526597789,0.2805582253545048,4.076918188372005,-1.2601926625661173
reggae,reggae.00065.wav,4537.743907713709,2248.5478854712287,0.31933933620939675,0.069842815,-333.219228209276,-184.03529943096922,-117.45497591105512,46.56741244576909,39.714935537158986,1.504605966052988,-7.105742432621252,-0.6041848964722194,-7.9360289786785385,-0.037649632466943014,2.8725928727710146,1.9816759842365732,-0.907185015533229
reggae,reggae.00066.wav,4046.7801599721947,1974.7317827963968,0.2890198273153519,0.02350944,-423.43491064783706,-173.01234341048294,-129.37889769561343,54.81263661775492,29.55428956346861,11.060519580888519,-18.106036109324467,7.00715564228239,-3.9849093421106234,0.34882048666114357,-5.014272615217941,2.0514916338704503,1.101362641636062
reggae,reggae.00067.wav,4800.555286971596,2704.630618219879,0.3084570463553751,0.019475337,-428.1646388075222,-202.56782874946308,-126.7674374265425,28.005972578163245,49.28008583123454,-1.2846623670661046,1.9129051165373385,-3.8823744133242952,-0.11794048265726464,-4.2852688802237,-3.426987628435869,4.060482379954934,-0.48551841339420865
reggae,reggae.00068.wav,4836.875655533836,2194.8308782236104,0.352400470683488,0.017023485,-447.989414552618,-184.69318726665506,-91.4040461160609,49.86576934716433,22.373264615553797,11.193413469273247,-18.462494404690368,0.5783817616655441,-0.1836809234098496,1.7641139969567128,-0.9593665818763815,2.838953429749514,-3.2632108051888555
reggae,reggae.00069.wav,5305.135950562019,2356.998848558555,0.3981871284077726,0.031108143,-399.3096427685507,-188.27154823664048,-71.51227328057388,50.29924833962547,25.066605290937996,-5.184904194611516,-15.188433222444093,13.575076642368602,-8.852397361844076,-2.9626096430788316,13.352070391337021,-14.900240263622875,7.513907243026469
reggae,reggae.00070.wav,4980.1089310407415,2295.4144101259153,0.37674542609242073,0.025229588,-407.780019127912,-212.92811895887473,-106.1261506527456,42.540721763320505,29.57533604364216,11.538336679952927,-8.035756296538935,-2.9138833403607225,-5.396089622357372,3.2894303059342165,-0.14884426556428187,-1.0068858032762624,2.5468431971440726
reggae,reggae.00071.wav,5584.041282620317,2414.34111217573,0.4102748271945089,0.05042556,-383.63270367267484,-211.60299503691573,-66.75366544550984,53.96311023969777,31.312757935872632,-7.498987476923065,-18.001797098470703,6.476108578673945,-3.600276225353367,3.412792377314924,2.398522016407219,-3.2434391907626905,0.8637637258178129
reggae,reggae.00072.wav,5680.694984662336,2623.969844577718,0.43559521220030933,0.041339595,-361.21554456067,-215.21515428674752,-92.5802483055836,30.107450529301,45.29179960333617,0.5803617443025498,-10.699076155738554,2.11432785050476,-4.80138671428083,0.34537774108446667,1.6503830432182849,-1.5857952628531142,0.8482767940876315
reggae,reggae.00073.wav,5400.297923415221,2383.2597767072425,0.4188807370214617,0.025375228,-401.95576472333937,-232.9278752588933,-106.09962938068773,34.39107164529939,31.60102227453162,14.754792930101383,-9.74992958082853,-0.6321007426498022,-2.0274920640606813,-0.3619978075947817,-3.2513319823283426,3.200007965256539,-0.8401905327931756
reggae,reggae.00074.wav,5398.621659167595,2385.0208587195452,0.4187349701517788,0.025351422,-401.82371464846943,-232.71705616364713,-106.1508308211723,34.33144745453404,31.59469858120388,14.698701349485692,-9.685138340846015,-0.6050659911474282,-1.9870809812159822,-0.3953099211493337,-3.306212178798316,3.1735823251146855,-0.7870055434662653
reggae,reggae.00075.wav,4520.8501801979055,2161.6852922631633,0.34053066693252126,0.057377484,-320.73368789674913,-181.7673949270738,-113.23674716208939,48.098478659478204,31.231971481388225,7.181668132140871,-9.969469764279525,1.827542689032627,-6.796857722345789,-0.16758422833294473,1.854068685092691,-4.282972382182021,7.146664762505778
reggae,reggae.00076.wav,5257.505032140161,2302.9005810531426,0.40180033413089716,0.05047359,-376.2111555814499,-212.91629828185543,-84.67185712768813,50.08607149455219,26.102170080483397,5.724071465726931,-15.690555002012577,-2.4458847995591095,2.0854026093202043,5.435982549865215,-2.2733660224053605,-2.709789348055361,-1.110070120479756
reggae,reggae.00077.wav,4434.052805757148,2128.7164076438135,0.3316785394914927,0.021156812,-430.2520337113402,-193.86513012751516,-117.02690905771662,57.17315614534448,30.644151456609748,5.371164667133357,-8.157777942591164,-6.025625491883745,0.5296291734978918,-1.0875977109095605,-1.464596857949289,2.1074154981045665,2.3580065577384706
reggae,reggae.00078.wav,4692.30281917048,2036.3419839670473,0.3394857526102088,0.029320972,-437.51338489478076,-201.6667341863291,-103.77951346023674,61.43255281587448,28.461097657645077,7.952012125157949,-18.381520612478205,-4.507550888451519,1.0999436565026925,6.1242094265231,-5.814395692510925,3.0276517496463997,1.6928126269063797
reggae,reggae.00079.wav,4558.826770212,1808.679300905497,0.36690842819508895,0.03883604,-391.3485767602719,-186.91022536496268,-104.92110759686403,66.88143078635298,15.265994403841239,17.471839616077684,-17.79350672557571,-8.265714173568652,3.0176650775848155,1.0394344630476853,0.19740010926115756,0.6998603944791013,1.1054520466507032
reggae,reggae.00080.wav,5119.715265176659,2333.093862439677,0.3844117815883604,0.044144344,-378.2523278224376,-226.79949856064835,-103.10116911727083,43.66383159840239,29.06397344930195,6.331170269316202,-3.913209203878112,0.07135941292319853,-7.888894537044586,4.854594921941547,-1.6328805389309766,-3.268991720585509,1.5284517465509535
reggae,reggae.00081.wav,5115.038564849018,2286.6034510498234,0.3935161687935035,0.041344844,-389.55931599825044,-225.3718371973003,-102.57246320753578,44.43425214514959,28.64018642411724,6.139815408113935,-4.367304176840993,0.6603429857900779,-8.83575873680805,6.072571626229089,-2.211767299132283,-2.9152632275907484,1.1761063405339072
reggae,reggae.00082.wav,5115.038564849018,2286.6034510498234,0.3935161687935035,0.041344844,-389.55931599825044,-225.3718371973003,-102.57246320753578,44.43425214514959,28.64018642411724,6.139815408113935,-4.367304176840993,0.6603429857900779,-8.83575873680805,6.072571626229089,-2.211767299132283,-2.9152632275907484,1.1761063405339072
reggae,reggae.00083.wav,4668.801688382156,2181.339584917863,0.34315296004930396,0.013063338,-538.4889702362506,-127.61622409970556,-74.31218101644426,49.535099495778304,11.090184091094601,1.1630910315140996,-5.10553925792849,-4.7523519235716485,0.5864994068091575,3.2353585600656922,1.3900734660624563,-1.3246596992236659,-2.45787907663552
reggae,reggae.00084.wav,4551.7871922270315,2054.473144321211,0.3396976054959397,0.023055261,-436.315760729047,-195.6041071943094,-112.66309806910706,52.09584706505008,20.56770850298231,13.617892779830157,-6.974884956536301,-4.0339544950138295,-4.994858989062262,3.587938374115958,-0.3696514657630763,-3.2797904333231593,3.3773942873205125
reggae,reggae.00085.wav,3539.170881632374,1396.0017787502245,0.28695454490525907,0.041400604,-419.1484097266617,-134.64523699850702,-138.77934135423126,84.31657442728,22.325824585659806,-6.821636084243111,-2.773365844002816,-9.143588208004513,1.4447868846671028,4.268694459353623,-5.173403542338774,5.646744707603664,-1.4585428603955752
reggae,reggae.00086.wav,5835.793075253987,2494.389114400004,0.35415156129157,0.28271815,-251.48117363663584,-279.02643155600026,-126.3266632054883,18.386926129372966,42.88138601183687,12.715473757962988,0.3973161477279997,-0.3450289435529681,3.041638454292213,-4.5147295868146085,-6.67474571068219,-3.4160151300320916,1.2163548213428135
reggae,reggae.00087.wav,6113.489358995024,2522.434626775577,0.47421210363495747,0.049145013,-384.52236512825306,-244.48643904564415,-74.82022542349048,35.46550430022129,29.088794442170432,7.8469063432803035,-7.776357501121627,-6.01564414470663,1.1793881494518346,1.0720092497993001,-0.9601690521497207,0.1042595939679675,1.2472247217424037
reggae,reggae.00088.wav,6238.011559180376,2708.8014899166537,0.5146427729843387,0.04616129,-346.25605888733105,-242.65939847832152,-86.77497663083821,27.11212794178151,38.79461585664603,4.979834194605889,-4.565568258136946,-1.6898555587236812,-3.287655257154593,-0.4294553104051258,-1.4448160262984298,0.1407349537951909,2.8809971709669853
reggae,reggae.00089.wav,3813.929943710506,1783.8911318741857,0.2946484677107502,0.01879567,-470.49014406020007,-131.87845196319523,-126.11553451725604,57.08057371957476,19.80890296623278,12.89080563600479,-14.237968946413346,0.45802006336230994,-1.0065626161540655,-0.655630017055296,-0.3223094252675985,0.8592437344109758,0.6965378186013165
reggae,reggae.00090.wav,5198.445900870936,2268.9981781831234,0.4041567726459783,0.041100252,-391.13338711070486,-214.53824732259838,-94.03132319100344,45.492419079766,37.95697575824137,7.934096812779976,-24.50319475363149,4.871531813281952,-0.7384498646146506,0.10634303145906922,0.9605647788931764,-3.9390969122560593,3.769988358586168
reggae,reggae.00091.wav,4308.404867239745,1952.5620347031577,0.3299436871616396,0.021849938,-420.2438819684963,-181.87267307752091,-118.87145601520061,56.78431187488654,24.456959979865616,11.3789037860993,-12.825531343939211,2.5598410745306253,-6.137020706746621,0.06227654870183422,0.5019248231343001,-2.2308987876624626,5.092994283297436
reggae,reggae.00092.wav,4144.43874892667,1825.11957479549,0.32451972459880124,0.028749397,-399.4814243187245,-174.35229318547894,-126.42897552603736,61.148428576335824,21.443153612481286,13.715346556837721,-13.85349637011574,3.2059495417019184,-6.354127463938532,-0.3501032501213093,0.8784775116566799,-2.511668993958877,5.436621805289402
reggae,reggae.00093.wav,5104.518517155455,2704.493498952684,0.35050248030259085,0.022376342,-422.85256561632207,-180.25301752823947,-111.04507533486421,25.947063456082436,53.48610341754738,-9.610663739588135,3.282205369801615,-7.2164907069901165,-4.944812188324518,9.764931020477382,-6.593999150554985,-1.5737267698417021,1.8157843719846136
reggae,reggae.00094.wav,4255.696282713898,2230.15661815827,0.285698910600348,0.034629762,-368.0463051451803,-178.4575587025239,-123.72045472438813,42.69500562469692,43.55350551024459,8.44898156258315,-14.693855909429788,-3.0115076271436685,-1.5936653145753619,3.0649910186860514,-8.939479428438533,6.944500376526152,5.299368171159444
reggae,reggae.00095.wav,5297.8030833103885,2383.367176719641,0.4251370057521268,0.04454528,-361.41647616244603,-236.25070745404216,-105.53162791605874,41.349056583200834,30.840880370602285,9.566558817064854,-6.261691585549679,-2.9625374162716858,0.864128026978094,-2.159878541122822,-3.721030806303442,2.096803551953582,1.7521186387374834
reggae,reggae.00096.wav,3589.042395812805,1323.9746772105132,0.2927202665796597,0.04029284,-415.81067302280667,-131.96692504333973,-137.42475333373548,92.76818229398037,10.694368359411486,4.464941745839337,-13.411717993921966,-3.2608890909235333,-0.41057373873315556,1.7059038521884236,0.6869443033410042,2.7241639479840187,-1.499119636886201
reggae,reggae.00097.wav,4293.853932548968,1934.3619260252103,0.3215356577484532,0.030161593,-392.38158637510537,-159.09673562795697,-99.14655223073252,64.01480168000568,16.51048199702379,2.3658530823638912,-9.76206016641317,-2.2221650789091685,2.8185854815181477,-1.9078165108925076,-3.184322031020677,4.775246199475549,1.4683459168233322
reggae,reggae.00098.wav,4921.286317607681,2273.163080554509,0.36006418273878577,0.02929704,-417.3308936547804,-210.54761385550538,-104.71638330948068,45.24279446873753,26.997999411019066,12.16227201243047,-8.43293666642796,0.35360974284595914,-6.457688194559954,-3.2638267690008496,-0.7293212350458075,7.363605675821095,0.5615795074584499
reggae,reggae.00099.wav,4122.169746183532,1628.1775640664523,0.3338397410334493,0.07873058,-339.84398351153055,-207.01776455065487,-146.41315795912473,78.02957471231132,13.250336383841042,31.454951601518122,-25.71410684169233,3.7611500367719573,-9.743373279770235,4.227139957475498,-4.420004808120565,9.977955784122205,-4.525185722876579
rock,rock.00000.wav,4344.283438315961,1894.0578421408948,0.33993438225058004,0.02978682,-396.9510959463027,-180.44083278753723,-133.7924413862152,63.977651711819824,12.780543201603237,30.752167848362767,-29.63487977182645,16.067738351117704,-20.11606393289731,16.24932216520904,-15.919586858711519,15.773206003499727,-12.684949690412568
rock,rock.00001.wav,4150.555145237209,1874.934026556132,0.3109052500241686,0.023688624,-411.081754030125,-175.87713941298117,-155.0402154851689,56.99269222953983,14.777002957117247,37.75858195905015,-26.66048679013906,18.14848452966474,-24.290938566470178,12.440032998622565,-14.211679539365845,16.314684761248365,-10.47332588079385
rock,rock.00002.wav,4186.113084221254,1827.4224965917201,0.3296789654630704,0.033471894,-394.55568596112425,-163.98607758369462,-134.60901009448847,66.33880495425748,14.466868824127316,25.447019980131806,-29.797585071445482,17.163343607601757,-18.29803300775288,14.069296468034665,-14.949282758756343,15.330139004153692,-9.732426278966619
rock,rock.00003.wav,4556.3050926706455,1994.8107116436556,0.3592107290458237,0.017546533,-451.98402796064147,-172.4439171101983,-130.23957543518833,50.89747880670092,11.931108590862408,34.605685212823744,-25.04075931021558,17.99241783705808,-26.02235988728687,15.66552123732245,-15.515793384870618,17.000003186194995,-11.190906019697058
rock,rock.00004.wav,4457.168638229471,1866.5647192715444,0.3506727934068059,0.021517277,-440.4895508028313,-190.6564478916107,-144.18796224459376,60.15982922292977,8.789817562138527,41.02394251043698,-30.93985698872005,18.925272719699016,-21.200529971436694,11.536090691640323,-16.03326505780606,19.597060157804783,-13.405883301974509
rock,rock.00005.wav,3556.8005106166993,1703.8302345386508,0.2529289322312452,0.040131364,-371.69242959108254,-166.29960301658474,-190.50456384287364,46.67668736645151,19.50539652525488,38.42639384149911,-28.031433822847813,28.893127791260294,-18.629596152299953,8.370494344196258,-18.949513064603575,11.628958000375555,-8.465762527340646
rock,rock.00006.wav,3667.922294024261,1560.2139914083689,0.2778516682376257,0.04629464,-374.2102254975664,-146.7822451402703,-151.4943215677706,74.82477990154814,11.648100999284217,21.003217777353335,-26.18707991231332,19.53270033710657,-15.709499212232455,9.949076530855585,-13.81852383480128,12.227419688039104,-10.793608641528683
rock,rock.00007.wav,4188.2112999941955,1938.8487732844155,0.3105355459686775,0.01631194,-451.0699083792391,-172.19838306901988,-150.78188961764698,50.63700470159006,17.283222066675737,31.799525438660687,-26.382128396376938,22.29063607022347,-22.750892090332307,15.726640778145901,-18.308490877372172,13.774261981522002,-12.02436996633286
rock,rock.00008.wav,4103.571390820865,1932.2756626523574,0.3086133869876257,0.046545565,-326.41999001152806,-190.00035175671746,-178.79953917927048,35.28413414921628,8.896858019409335,50.41440904385728,-23.42027737550405,24.410209973514366,-22.55245323959491,15.479171580419875,-20.587852110862162,12.815852065130938,-13.930539694377103
rock,rock.00009.wav,4272.972074059273,1952.3147953181829,0.31818264211136893,0.011271202,-474.9755482453918,-143.89610446410572,-133.1886570341339,44.179432265056256,12.82224294003769,34.68812027212583,-22.181479371084787,15.267898630005499,-19.515080718153737,9.228748074168719,-14.480629410812305,13.283497452309838,-8.685889589486056
rock,rock.00010.wav,4597.4476725451395,1972.7008398480739,0.3585196581351508,0.027677383,-415.8156935462924,-206.22978905333895,-141.27510656923846,57.459725116233116,9.874410868708216,30.296713061937695,-30.53006451223037,27.360343818873773,-16.83140983730881,16.477549885277565,-26.47430218000709,16.488747064028885,-13.011647786973793
rock,rock.00011.wav,4614.470946234732,2006.9190427171986,0.3532497703982985,0.015025871,-471.6304127151935,-194.97893098897924,-128.7666311411211,61.06831425799542,13.211743358066736,23.49897650639945,-29.00591083714919,23.462145451418028,-20.721825301493098,18.541618435904596,-20.242345409902637,17.37520798510877,-14.342610776538702
rock,rock.00012.wav,4407.17267699966,1881.404584029793,0.3430989583333333,0.013814491,-487.0313175956933,-179.38501785493807,-127.45923899001264,65.76715239293476,15.8953027381243,25.028298182727138,-32.326300779790564,18.157389077205544,-16.27926381532305,14.102718164184118,-16.650036199429092,13.205108257766666,-10.493272358109209
rock,rock.00013.wav,5194.226855997455,1955.9337676398454,0.43401179125580047,0.013811498,-501.0912185327848,-206.21263522918485,-90.95941531498576,69.9279403688568,4.875807328387617,21.196683138394302,-33.85531939153875,18.161141295797805,-13.833947943709182,19.702878980237276,-20.7018549876234,15.09763121493008,-14.770098157113454
rock,rock.00014.wav,4337.962402038339,1764.6564309767325,0.3427719269624903,0.011993793,-528.4091770080172,-165.99605578375332,-118.51742207184472,71.41567646693218,8.32929073196646,19.31924117183779,-28.283711776330467,18.012416093597064,-12.954775820059965,10.655702428098872,-16.545676917648954,15.602195140088988,-10.420640989712572
rock,rock.00015.wav,4382.50520436819,1864.8111860572699,0.3499348958333333,0.024185063,-436.029014646799,-168.76389126878374,-114.76271417392259,75.1709419526462,12.186108876508804,15.883436043816904,-31.563051803148774,17.989156079436178,-14.350295192136617,15.077592868717373,-17.265452229975306,16.3469627496113,-14.951381088639693
rock,rock.00016.wav,4357.999454558479,1868.1043103792267,0.3441193264211137,0.0683709,-316.6514286319262,-218.37212390152501,-164.40171825925415,61.081966112959094,7.543556574648268,37.6619146860285,-26.39779554710048,27.580307701513235,-27.376028563167118,19.79982684065272,-20.7553443220072,15.504634976980926,-15.641434618289248
rock,rock.00017.wav,4094.6030504036758,1739.3075811401454,0.31688660092807425,0.06522195,-330.65256753755403,-198.34144223404434,-159.9057708694554,74.4508031988234,10.70914230140812,33.17337832220302,-27.919157856271557,20.087637516869048,-24.877753799865058,18.047271479645417,-19.37801045315256,17.66869370970259,-12.847387901864302
rock,rock.00018.wav,4295.886909376291,1859.3069668585952,0.34422581931554525,0.04280023,-353.47713256980046,-189.58429342948875,-146.53776704382665,66.65197748618581,14.882940521042979,34.063083870449056,-31.09523273519744,18.37299513851784,-25.01777075222908,18.551353689067035,-17.599726145572095,16.90367230458657,-11.455201813479334
rock,rock.00019.wav,4213.660500328692,1802.821731390632,0.3311502289974865,0.04100537,-362.58773458342665,-188.61457224176164,-147.36814977329428,71.36775197928867,13.045598508810961,33.490910439149275,-30.429916396907107,18.032751217359888,-24.52855946055624,16.468313795381444,-16.67001078957055,16.821616169106882,-10.880130871595815
rock,rock.00020.wav,4385.880086033022,1867.7974588609857,0.3479311678267595,0.05177582,-343.8156193749837,-183.79168702180948,-143.30737760399595,61.82218999506775,9.928381122162584,35.78173011069451,-26.980223082199497,18.813340735163216,-27.650184911422922,21.863291675038344,-19.894485192208254,14.953828918084673,-9.288980127047196
rock,rock.00021.wav,4267.059582781727,1824.0033570072114,0.33666029219837584,0.056781847,-331.09379789190416,-171.97678755840238,-136.54993531080825,66.70333184527803,11.381008634484203,30.600425488577486,-25.840311583170696,16.50401595546322,-30.018958195056,22.357912041362876,-15.96407757234476,14.074963341880453,-6.183148453703879
rock,rock.00022.wav,4328.199108891715,1847.4293855161031,0.34011375857985304,0.06376385,-306.9684490993149,-176.8859915708584,-138.82845398534923,64.90135350012947,10.046388934768913,34.355051677531634,-27.09831590390993,16.675760280757256,-27.96386727683415,21.40722369247004,-16.867874006146202,14.822084617194133,-10.014591797575363
rock,rock.00023.wav,4506.56822680454,1864.4812702268418,0.35417761806361175,0.042253,-381.3752861266874,-200.25461749809915,-144.1871006141567,63.11560252664725,6.727187230671759,38.0109418995298,-26.952592434074848,20.986158773690565,-30.040676141021226,19.749566774431813,-17.590577016255192,18.641355269466615,-11.220046737645617
rock,rock.00024.wav,4108.501052989117,1735.6323858788287,0.3196803400522042,0.06491255,-329.16303015598754,-188.08909293423795,-151.0074895739589,74.49877744370413,11.463233661782473,33.392946983620334,-27.457024588137244,15.408549103540413,-25.808331817876585,18.882818273462636,-17.692592008930344,16.008597908484955,-8.589678901140783
rock,rock.00025.wav,4187.682593973597,1745.2532126392903,0.33674563756767206,0.06677687,-327.23042477045453,-197.24262444312055,-150.37071276222756,77.64223189613467,10.068339155584223,30.81459528398562,-28.381857048869325,18.25975642699475,-26.325971868955698,23.254034442459858,-21.49022917199668,16.099904743131763,-10.868435911817636
rock,rock.00026.wav,4320.377072127915,1835.2229714584864,0.34096607936968293,0.052282706,-340.21602433925824,-188.67597073327516,-141.07862581139574,69.15034700071237,10.475401530065914,32.616996338818836,-27.698438911502635,18.255364627424807,-27.338199201833223,19.651666803434562,-17.49128165920882,15.930565030351081,-9.838924947234224
rock,rock.00027.wav,4691.186278024668,2104.599942728529,0.3696081202834752,0.028854027,-400.4973580980036,-221.20976389708767,-122.2390260192006,49.58360364125819,32.49240356342498,18.049571014948988,-15.45277560118888,1.7481514287398259,-12.382172679176067,6.3439580581052,-2.772090849094198,2.8573077066884185,2.1410596930631445
rock,rock.00028.wav,4049.0099627730865,1892.5326164569692,0.29273688249226604,0.04164096,-375.6672031904153,-202.59870166296687,-147.1692635149938,58.06163469511561,33.69656993461494,13.428043988298006,-9.736255089121814,-3.1317648238603155,-3.5990128323137034,2.6146665837058536,-7.292725648610403,2.681757316911864,2.8616874901623266
rock,rock.00029.wav,4701.298351693695,2062.4586862582423,0.3633756585943542,0.054127302,-332.56405328409227,-227.98573253622814,-125.52035231091236,50.93135945746569,26.11923236476061,20.40237982172079,-12.51751388714004,1.1371335932983733,-7.051923046499034,2.067014484257763,-4.016296677332659,0.6271097192266576,1.1902849512923352
rock,rock.00030.wav,5572.534674208994,2076.8141061268725,0.4584605961185228,0.030846259,-402.42001231620515,-221.85060486953344,-71.18583254761981,47.89650415973388,18.794171672153322,15.484155141444429,-20.65158953016911,3.987002190522611,-6.640094798948683,4.575980207737664,-0.6822173262100368,1.4448788452145314,-2.1507007774190647
rock,rock.00031.wav,4822.487019217445,2264.0178348928725,0.3512256501353442,0.040918373,-367.6829642863493,-216.1419309131582,-117.37908204122625,43.685593756925776,28.56767494338736,8.120422862925336,0.10330663217885819,-2.64121810963775,-5.218016426919864,0.5262066668829122,-2.6546638905405877,1.7169113554375428,-0.035504848872500064
rock,rock.00032.wav,4486.372469422465,2212.1200987418124,0.31374418535305343,0.069290034,-304.36778728149545,-211.6457699210842,-124.43210575510601,50.741921329353794,37.42187248669902,9.586936362853043,-10.837312281728884,-2.733608089231312,-3.7548855106509906,-1.1909052203635837,-1.7112188259315095,5.174346123104008,-0.6460859226813773
rock,rock.00033.wav,4121.115166447359,2066.679427332422,0.28140634063225056,0.025052855,-415.2016857599286,-191.38346036815312,-140.17563091183877,39.06849785758062,32.89309840736923,14.593579401687633,-10.499482867059646,3.970903143304273,0.1701072506054673,-3.2521185306000677,-5.192134475613645,1.241935602310623,0.5881342456838109
rock,rock.00034.wav,4898.54765937512,2290.5965783532706,0.36343654434250766,0.065603025,-303.00799117636535,-228.23169583388741,-112.544753596157,49.01351266427539,36.37954519777124,10.019773363928646,-14.046009813715017,-0.7446330403266181,-6.234092812049268,5.794492963614092,-4.767465520514138,3.663142286949145,-0.5500329155292459
rock,rock.00035.wav,4907.279822026689,2408.3713649242095,0.35515871217614076,0.018839346,-432.56260271226716,-227.38358312462688,-130.59871826729025,31.626611596900418,32.458020949718644,10.826115679618267,1.7159583630976447,4.445605634056646,-6.683378142743199,-5.633497500571352,0.9432819425968438,-1.976362100349226,1.3475330237601115
rock,rock.00036.wav,4861.23415905452,2310.2638758514736,0.359724841355364,0.08315046,-282.2914036913754,-229.49176316598945,-121.63287350916954,41.144743410284875,41.23055996766536,12.42384776740862,-16.23989189845598,5.283388367210914,-8.053580929398361,2.5648408097684867,-4.072594122074664,4.204149800042801,-2.953050500964896
rock,rock.00037.wav,4539.3360827098,2217.638346380411,0.32928886915119876,0.048995435,-347.44670650193933,-215.4530373030779,-124.75701784234911,49.84552310364416,36.66046186314165,5.564353569579314,-5.722883228984697,0.7314454215547813,-8.853146054577419,-0.26434952301119047,0.23135643804033906,1.7025418067226092,1.7160730328187979
rock,rock.00038.wav,4905.2863841550925,2378.7587299601787,0.35948459873258515,0.0729377,-292.55502283296045,-227.84976127749852,-123.37230505153093,36.08848932841146,37.09684506762396,12.76807380212785,-6.057043909857828,2.1409875201996758,-7.5939316918197735,-0.6861661867699844,-3.2964375272539046,1.1723850719424247,-0.4555090460559397
rock,rock.00039.wav,4958.541883554494,2724.8614538448983,0.32565300536542924,0.042375274,-340.1298837680767,-225.08193532874543,-130.3742878410403,25.669810499761553,51.338209696761034,7.512951062993231,-6.563808054716291,-1.4887782387792667,1.5254082566757174,-5.097836188147844,-2.287356159634672,2.112638247598203,-0.5598391012529049
rock,rock.00040.wav,5073.2928986954375,2393.2168356867614,0.37711248670726993,0.052955337,-330.25348401244776,-219.42027787282285,-98.44833205742911,54.385326476643726,35.132661068798505,2.6663214453629798,-12.226751325378096,-6.16059983635307,0.674681923671264,0.43804462469551014,1.4828603179437547,2.053682335049721,-1.9754743766135197
rock,rock.00041.wav,4916.053968552063,2543.567404672148,0.34358459614269143,0.057161264,-303.3436387546347,-210.85634020797235,-117.62930860521382,38.23276271131086,44.03223259814918,7.974906323517385,-6.977101795423397,-7.7483825562129365,-0.21666010379659678,-1.8006911261743515,-0.6005405066197729,0.5278047482260924,-0.2407213040719414
rock,rock.00042.wav,5076.734599652643,2448.9600097297616,0.37877332269914926,0.04230587,-344.26905313782333,-210.88594446053776,-104.24139781190134,46.59569368949904,35.9876813183767,4.294114598519422,-8.162455286601576,-5.917224495881104,1.1820601855908253,-1.5670066999356462,-1.4322669450754064,2.384562781031048,1.4019946402537706
rock,rock.00043.wav,4723.944487397741,2376.6916099309874,0.34647463203306267,0.053656664,-322.56016808365644,-198.59527069338108,-115.56829763465385,45.82619326921356,35.80691946934978,5.73866929962301,-2.8277194696544616,-10.923871527212274,1.4578751559752794,-0.1903164928395648,-2.883398836864214,3.2303688156143604,0.44851686727244805
rock,rock.00044.wav,4658.827724208535,2399.506762679835,0.3175372649603635,0.020197148,-402.1454185232886,-174.45694178582173,-115.1438814933589,29.14818492603367,31.68232138900359,11.231542635710863,-3.324059295495514,-1.89043650869624,-0.8009018366447035,-3.3422051367694556,-2.00799039459785,0.34762521406569946,1.5235967312110568
rock,rock.00045.wav,3428.84527601574,1314.296917753568,0.2755730224042923,0.02449465,-454.78912854812796,-160.80332705705243,-169.2418981820821,89.62766058545024,23.246656149220144,5.405688891368257,-6.509720587796664,-10.741167530897446,5.4466848339997345,-2.802308163453488,0.4129870715660359,-1.3661601057184167,4.220218563326205
rock,rock.00046.wav,4805.708317370378,2449.3005911245523,0.3359084221529389,0.032641582,-366.0139342172569,-211.5299929512563,-122.38610447528137,34.99108355910622,45.311372577840594,14.057565733441137,-12.58823826738307,-7.339655525524267,-3.1536464663877126,2.949586608338094,1.165705532759691,1.7449585962487146,-1.793648426298442
rock,rock.00047.wav,4897.9925723593,2376.568532823569,0.3614644510102475,0.05424075,-317.34964476320556,-211.18024605241624,-103.44473897214915,55.170291784004576,36.78904767921486,-0.3914416304490307,-9.343364160122272,-4.688484803832541,-3.164598069475225,1.8845350847094182,1.2861509274073097,0.08027498888226123,2.75620436907892
rock,rock.00048.wav,3708.7697155849414,1715.0860016385063,0.27768097749903325,0.032971866,-384.11887467561894,-175.3634844740033,-160.6974906171557,53.24432234882956,24.571951509356104,21.008733745659402,-10.971773349115704,4.202090818196485,-3.9739933269057683,-2.7327301251325666,-0.8358414315039353,-4.1962577077076695,4.161625536334065
rock,rock.00049.wav,4778.517644636403,2335.288157789901,0.35509111562258316,0.025124718,-425.45943707078914,-187.73660264929663,-109.77903268385195,44.33830200633649,33.865097823839825,1.350494221235757,-9.029508198538203,2.9114420985539997,0.7357342001003491,-6.058860980176086,-0.08125590550071472,1.7545167091363407,2.7322173339791327
rock,rock.00050.wav,5090.511704893842,2413.2337963219347,0.37879598076179427,0.01807117,-447.29769120951255,-208.50535305859546,-109.92835755238502,32.46657788042983,25.62062367705208,11.301047969665525,2.520458872476524,-0.625458302471313,-4.989043758989305,-3.257312505211044,-2.539338929679453,0.02848566931374248,3.437862619214961
rock,rock.00051.wav,5793.489854960987,2482.761221114975,0.46598118474477956,0.043772545,-352.93173084089574,-241.89588158394415,-90.14305106652668,37.49131530963837,32.00860033518313,10.923470767526455,-7.470264550596529,-4.733267007638483,-3.164399591581148,-1.4696861854951644,1.147875562316951,5.0518860300606585,-1.2822817822060966
rock,rock.00052.wav,5189.98797227897,2535.7569123446815,0.3717410153228925,0.020210862,-441.58716934744706,-169.10512014051062,-87.21667982805995,37.98012965010778,37.081672308901325,-2.8106059836208592,-5.023818287902922,-7.306903742765379,-2.3399001574540286,5.1677303313112635,0.3029194654931924,-0.6251782152222849,-0.12296770796504274
rock,rock.00053.wav,5265.6919112396035,2564.6772768985084,0.38781464496326373,0.08885333,-271.2151715498034,-240.85483757802638,-113.58028022522755,40.11294659281,43.06836206374882,8.660359198850383,-6.728644205975128,-4.315429614473806,-6.183594778227414,-0.41495125961531243,0.28013265609663573,1.059434828735061,1.5069187774380501
rock,rock.00054.wav,4870.83740952315,2449.7587816189957,0.3432394383217324,0.020531705,-426.2345978274521,-211.2031394225694,-114.67847998658151,38.928830580266826,39.19502849001346,10.86721288935636,-9.62465258658079,-3.4744795371454424,-1.89195902561943,-4.5846045616361355,0.8665391485963003,3.813890868394651,1.1612526644139858
rock,rock.00055.wav,4889.04627891725,2521.5147168770495,0.36140969402552203,0.022642927,-405.86461586549075,-212.9790379050704,-136.36943249631608,14.349945853954646,34.322289726616916,10.834364176291631,2.229265604418225,5.431722558883993,-0.1306197383493603,-4.1968023982733245,-3.7670134889534594,-1.2687119375473717,1.3120632178460387
rock,rock.00056.wav,5334.515922301634,2405.5409203790105,0.4156119338505414,0.07821979,-297.63900252077866,-252.58066512880575,-112.74551925952605,41.639291515649525,33.66183336712593,13.112421966888041,-6.793838787686118,0.660958278876786,-6.8707931923294305,-2.8007647345178293,0.6336193907783646,-0.42547373236651864,3.4290477336479825
rock,rock.00057.wav,6095.755169078935,2614.605523526744,0.50248672237529,0.045098282,-344.36957928814036,-242.03010619228922,-96.51777541207767,20.50342208778055,38.3236622907799,13.705578442506667,-6.280648101456172,0.7186038730784859,-3.811724457161915,-4.974370584891705,0.982251023921187,0.05910394449774028,0.8684213301805448
rock,rock.00058.wav,5729.9798594795075,2615.502656984709,0.4306927627126837,0.017539382,-435.8151360415313,-220.5027507243698,-97.50492370887282,20.34072030127082,35.23720314871208,9.748781383856276,-4.045455685958208,-0.09595020024323142,-4.08498043340019,0.9431658992447479,-1.9886729449240825,2.0950304637508284,-0.6625635263409115
rock,rock.00059.wav,6172.940244270837,2609.4676456705797,0.4993315871519722,0.008099936,-514.6742440631989,-226.21707826288537,-82.81432112479668,19.34495687714819,30.93276637114889,10.788091185343989,-2.48153624087556,-1.841453098234823,-1.931690579513423,-3.284860746433481,-2.4502850718468747,4.711814938127681,1.8330997704212526
rock,rock.00060.wav,5433.36557248593,2658.1670243028134,0.39696170485305493,0.031366203,-372.2053660212626,-228.23958399619042,-116.652429044522,23.561553812076436,40.7835791722922,11.628632565263226,-1.4824109720393013,-3.2279152649426766,-1.75842564688682,-3.2475335988330456,-1.2846349978080962,-0.846883081072972,0.28187326559613146
rock,rock.00061.wav,6040.012626030204,2606.205909731885,0.5121296162026295,0.011978894,-472.18601062665863,-201.24257073288393,-68.7259555540068,30.898926960735288,31.983912463705323,3.1036723530001473,-8.62669357935487,-0.9554477469379514,-2.0143065020582083,-2.107075484528815,1.529331868570126,1.0104588514237214,1.697438690106103
rock,rock.00062.wav,6329.315236311763,2585.0401925894694,0.5369198025425367,0.012270272,-492.3092439107497,-235.57898331312177,-67.90614795118928,27.733801537950203,32.39548456449106,3.0013557869735696,-7.826651352579722,0.18491554863817924,-1.107003173218373,-0.6492495364780635,0.5555986970356321,-0.9669558694138576,0.8749975831220597
rock,rock.00063.wav,5722.101657668293,2640.9456266558263,0.4203278319557231,0.005775657,-569.5794886654426,-169.08620074238857,-63.47191922618572,30.193683526099,31.096612494466527,-3.348266408520851,-7.036361510349228,0.5566286433479074,-2.8263978176759963,0.650128079396712,-0.434088496768172,2.1529982226782485,1.358876158204935
rock,rock.00064.wav,4416.457737375447,1891.9528542189662,0.3470267334928461,0.028537605,-404.2546690365095,-191.1617983224861,-144.5074715512002,63.54579779827589,10.72184178587883,37.866752672793396,-33.828596412132065,25.0219374711847,-28.590252229800942,17.798357939140455,-17.100051290505935,16.820164304249857,-10.463711649364361
rock,rock.00065.wav,4232.865789049542,1738.1730287641954,0.3320395579563032,0.042861324,-372.67501532883944,-183.72107354021327,-143.44606287092256,77.50970995738116,5.924464854749215,32.9964488853563,-33.83125707369661,20.587084912254603,-20.970676245443045,15.835071307778444,-15.733839836992315,14.516934351408496,-10.654730836521082
rock,rock.00066.wav,4348.169073285374,1891.6821733090544,0.33022238133217324,0.013381935,-492.9257368628949,-157.52911029204012,-110.65935930467522,70.9226675932209,15.216497702470022,15.103381929516537,-35.057388526895075,23.710348959759738,-21.093839431523012,15.388051402761418,-9.230353216300314,9.924847800974286,-10.604289383497363
rock,rock.00067.wav,4641.672933597346,1900.2577861897837,0.3649658769576566,0.028748287,-415.0322679286286,-209.01913812660777,-130.2484370035789,71.33971297230129,9.573088314983142,26.070213161611232,-32.45866023808849,26.780707365233205,-25.479609253424563,18.68167158334465,-17.943007513026,16.71098465477063,-12.926845543217986
rock,rock.00068.wav,4681.721170573484,1930.4730919909664,0.3687622353538283,0.030025689,-407.1738516365354,-209.70755219136885,-131.58602493034732,67.63927063752655,10.402879664671659,33.33758029570516,-31.57001988836893,22.920667792436962,-28.821252297876807,20.058057615529524,-18.62302120178229,15.67067538197839,-9.601924152659457
rock,rock.00069.wav,4662.709089173486,1866.7139904562532,0.3681920074439288,0.017203916,-478.73692763763734,-200.26466165075942,-120.25711221764388,75.2630906314859,10.77976611567834,26.682827871194355,-37.9262122929706,26.351194104992448,-28.9714327571614,20.701506355926316,-12.834649592373088,10.730622300237332,-6.824008996789141
rock,rock.00070.wav,4447.537538498462,1746.067944622242,0.3547478459735112,0.022090986,-458.44339481625224,-185.0599224369397,-112.63026707450548,87.23337228621449,3.094145276788282,20.54269705915866,-36.26839779719224,22.112150854184605,-19.676920553769982,18.062117129509012,-17.229653817844294,13.402387130305312,-3.282489868352727
rock,rock.00071.wav,4527.696853956254,1912.8746417539273,0.35937009075309356,0.037612554,-367.6047047777873,-192.32529299438113,-135.37842310545267,62.461235801929575,9.187709176199128,35.31555476142405,-28.967055197575803,18.63941999861463,-23.730349632809116,16.366770675322357,-14.90516664080601,15.432139993637946,-15.182119431929397
rock,rock.00072.wav,4698.855281204622,1937.3644480927958,0.3758829091744006,0.0341391,-378.47697920151467,-183.41437573542925,-117.14879010660017,63.428566234295864,9.324067375162516,30.906466146015102,-32.741465942986316,17.166242564369675,-20.370435002379022,17.454346539952006,-14.324682428123579,15.203294618468219,-15.34154364054963
rock,rock.00073.wav,4594.163012289347,1906.5056212036989,0.36658819424303946,0.04636292,-354.66258524881795,-204.4344368146818,-138.6165392715345,64.74598332854372,8.454157909220589,37.23820382250349,-31.84560716816653,21.728209978230375,-23.745699102147768,17.04754965591951,-18.825435380727868,15.474222889259515,-12.325058051004591
rock,rock.00074.wav,4506.51673699761,1793.3292023853646,0.36584236634764117,0.037268113,-379.861234663529,-206.5102569259915,-140.67906848416146,70.19849176394482,4.619571354289861,37.02664189701545,-30.73300656590005,18.119431269856783,-18.235080208845154,15.266984730173139,-18.496943864449037,14.259713971252301,-13.306681675653746
rock,rock.00075.wav,4776.664545589518,1881.5767465221663,0.38747250821732404,0.03478809,-394.0588650651039,-198.95785323399775,-116.83950756896739,67.9489306764445,6.203514652169575,33.86421791762082,-35.62885544224265,17.978070433004522,-19.915734750815133,17.766239921518114,-14.172668089534547,14.268356741934644,-15.33716089376978
rock,rock.00076.wav,4378.3868978900455,1856.618210782279,0.3386609991299304,0.025382588,-414.1849354235846,-167.45635396216937,-124.92027084538825,63.318962577605404,10.228266423856216,30.364274840608964,-31.6595022806747,17.756417755582348,-19.267886540839473,12.645641400871924,-11.349468732265473,13.503987228467459,-12.241040890779056
rock,rock.00077.wav,4709.677252163439,1974.5304264249614,0.37593275691221967,0.031423304,-393.67302873843124,-202.90303398312383,-129.44522777437126,59.155957577764404,11.066472187676187,30.219893358355222,-26.1245393908692,20.41544255876459,-23.967096105320493,17.92537049265975,-17.80690675690854,16.052451745758834,-15.330083228464366
rock,rock.00078.wav,4739.65202039335,1959.662611150437,0.37598826916569994,0.022824313,-433.5307901505186,-202.9030991569517,-136.19675900592298,53.78633518681205,11.656403419277357,41.40697801698522,-35.88215031996957,21.33052298366708,-20.82750208590785,16.979503520985006,-18.312835668367857,14.65616367378647,-13.126939626474021
rock,rock.00079.wav,4322.478218856064,1809.2768821050581,0.33941513498163184,0.034757126,-387.03986058988187,-198.2806900044964,-150.19202895583712,65.40380173291918,6.977223930140446,38.227819263947474,-28.92058514866394,18.553970456688536,-20.083134935625722,15.562542973518545,-20.800010556078227,18.32587993708805,-11.696752089825232
rock,rock.00080.wav,4581.296506625869,1862.053835130063,0.3718754531612529,0.04121339,-372.5783608528918,-203.9160660476063,-136.01940764023567,69.49537359368601,5.97959675446316,35.847628788749056,-32.00618355846436,19.07018394370277,-20.068586044079684,19.426698929464994,-24.181564899474346,18.048273985154548,-11.861212728342549
rock,rock.00081.wav,4473.8676826015735,1820.1642995419445,0.358412032337587,0.031619836,-400.5970016348554,-199.85397778410433,-140.45158989511728,68.62867298394858,5.088809060279388,35.212776116394615,-29.001898113399434,17.398628844354974,-20.692843057908068,19.946049785679893,-21.565911880015864,15.234793471914488,-10.44887375782493
rock,rock.00082.wav,4765.601757056016,1905.982942203228,0.3934032561146558,0.04374601,-370.9249062136378,-210.0181164226669,-129.81452282329826,68.64011821929189,7.572150288909547,35.41938356082372,-34.19773562237354,20.349926722797107,-22.48089384750972,20.571173486601722,-22.646100788036307,18.707090936607795,-12.23800166594303
rock,rock.00083.wav,4491.55252555321,1871.6348418210412,0.3538649367991106,0.025870409,-424.0173135323271,-214.44103353688044,-145.10822554738292,67.86781836887292,6.997788097429963,34.56810753697211,-29.410216286685937,22.09746285702563,-21.146120861668336,17.10894102407107,-22.056300910474626,18.446491917148503,-14.382834781506793
rock,rock.00084.wav,4730.117690652295,1938.8323196008887,0.3829933868667827,0.037521753,-386.0645013650721,-215.5176810585347,-137.82701184629354,61.37122864442951,8.80782460828856,38.49966092305285,-31.082873975990967,19.86922517658181,-22.263681124062575,18.25795390450632,-21.795169437827642,20.31966873768317,-14.573830169750904
rock,rock.00085.wav,4241.775585636154,1780.9413176492358,0.3339730459686775,0.020182865,-461.82662919576904,-184.151614155958,-142.56409017307112,72.33387349876914,9.383521710068162,31.67575864845355,-32.742891685278515,17.68192118577603,-18.99907818563172,18.692067218562055,-17.855188964470123,13.24569032507137,-10.816754974819073
rock,rock.00086.wav,4313.474837793734,1819.0968681930922,0.3385386455916473,0.032623827,-427.48139474412534,-186.01010792089195,-135.6754555314976,74.20725661677288,13.19478254910864,24.665639430948918,-30.58009492752712,18.925855832023323,-21.984899980266416,17.152183079734378,-14.39488950669144,13.654862791503259,-11.911475980534972
rock,rock.00087.wav,4312.672932020578,1944.5038782609554,0.3262719481100155,0.057548784,-329.8597722984895,-199.06347190896872,-151.01112588270976,64.81682619886065,17.087061602851502,33.614117747778714,-34.18680234402682,25.440430843759394,-27.2656066949206,19.763428879736782,-20.797618787266636,16.414015336462587,-10.648676592820204
rock,rock.00088.wav,4156.56901207572,1769.9955367124448,0.32471345103441607,0.037540272,-371.0510662166177,-175.50986849470397,-134.93491797211323,79.6820840543454,13.39854247800344,25.460717163959306,-34.95959225333005,15.006536952991892,-16.324178468542787,15.332377049303137,-15.267116133064059,16.500467831688,-11.55049388680585
rock,rock.00089.wav,4092.4244343304513,1769.569294689684,0.3084751728054911,0.017723883,-449.7830902449077,-172.04916634102787,-148.83534965095825,62.14015839629826,7.694177089143899,33.31768978953741,-25.114079459996088,18.237479205048903,-18.892393152402413,12.498345706783178,-15.896508240907105,13.613812976420997,-9.066638771440369
rock,rock.00090.wav,4585.800942715396,1756.2952090788547,0.3680337786397912,0.049369894,-360.3287413216176,-194.1815594170948,-125.54779203600977,74.33249965178359,-5.277706081606659,36.60169060350154,-32.356826681924495,22.53656643417545,-19.93310769552289,12.02263926378297,-14.372923522662637,15.630855951151979,-13.03918966519522
rock,rock.00091.wav,4205.968006328388,1799.2062994941768,0.3287088227474865,0.045388065,-368.1373025521597,-211.6923565935842,-166.84101598290096,66.75765231279236,12.218672220246317,34.71791591584076,-23.47348763864643,22.723436015985406,-29.207858970166587,20.483877252676606,-23.038885688850375,17.71797558290617,-10.817430802041262
rock,rock.00092.wav,4113.741469967224,1839.2959700352794,0.3122496284077726,0.045786344,-360.81854406918836,-212.5197844553517,-166.1563892014109,68.18409719654251,17.501686452089867,34.23685823195039,-27.794825921137576,20.361117903251003,-23.955423890676467,16.946740420658085,-22.45124299234309,18.483900449841993,-12.438160381353779
rock,rock.00093.wav,3852.6540647943057,1762.6487818028759,0.2885270144528229,0.028487027,-390.5680184516891,-168.86081289160018,-154.33154551074807,67.68283623171615,23.528073001905508,25.800327371103002,-29.6924587877169,15.90392819756194,-23.27636099877813,18.26977376466829,-12.593310363337698,13.38233751604916,-13.450253344850559
rock,rock.00094.wav,4245.233517838876,1846.516671533361,0.3151339997824826,0.044564642,-361.03650851835135,-203.56753011465125,-146.87458730497482,79.42123625029343,19.075849448544222,27.914155521476044,-34.05169722373269,16.096293431203797,-23.480789127103655,20.03226764556339,-16.27148706252181,17.015791185825417,-13.052555168877479
rock,rock.00095.wav,4230.342035707777,1855.907707841611,0.3166241450357695,0.02077899,-445.58825702369904,-197.88179874159468,-145.18874513741773,72.66930125431665,15.025854179141197,25.743761453400907,-27.573910450415188,19.948714674463933,-25.751777962574756,18.372440122780812,-16.703102825008383,17.278879024918517,-13.606546563728585
rock,rock.00096.wav,4161.068872372396,1879.8644611136167,0.30613157385924206,0.021432774,-438.5949815560281,-195.1244138191481,-157.06671547148693,63.92798960060392,15.518822074698278,32.10599812152561,-28.16679500748997,23.688473829194965,-25.68306693856336,14.934491293278148,-17.032749415461275,20.312486119849776,-17.919533201842174
rock,rock.00097.wav,3903.4670612883942,1697.057490979317,0.29967100493039445,0.029052153,-401.87044819008923,-176.32030042799988,-153.41126739912684,74.31882736977362,15.161894510338447,25.404448588236303,-24.86263699315666,16.681881958733857,-21.645224116136067,12.589348301783565,-14.80622275995313,18.54152506249669,-12.979107385556384
rock,rock.00098.wav,4083.9303629072015,1857.6427146102994,0.2983847822409126,0.012376005,-495.49179580297675,-151.86030433927652,-122.52160774464866,70.87998356305248,18.955339403582673,16.755707601171665,-32.384719354054866,14.580816462515772,-15.986997531584743,17.16296498862262,-14.27798797869548,15.06387868720945,-11.45138469904686
rock,rock.00099.wav,4038.8396863472954,1816.6220930692825,0.30166038283062646,0.013174476,-499.7079798482773,-150.3995671424764,-125.13410670661736,70.6929660787185,14.173865949980328,19.971438368211285,-26.87255939581677,11.304984770851677,-18.815740019679858,17.248207226084386,-8.868212819660657,12.746092739310548,-16.374711624343462
