genre,file,centroid,bandwidth,zcr,rms,mfcc_1,mfcc_2,mfcc_3,mfcc_4,mfcc_5,mfcc_6,mfcc_7,mfcc_8,mfcc_9,mfcc_10,mfcc_11,mfcc_12,mfcc_13
blues,blues.00000.wav,658.3691918455992,570.1785198873309,0.04876052844644238,0.12526396,-240.5250690458848,232.19217135244008,-3.299525958284115,-29.7206827496995,35.32247891960446,17.71105618255698,-15.85127142978909,0.4753595130473786,9.39865211976238,-3.656268709575639,-2.147255128116842,5.164143392131203,1.5708025296647197
blues,blues.00001.wav,496.2885916519452,484.89291823898174,0.032578140105375096,0.09398615,-309.0100307352038,210.9459015935442,22.73938175593442,-17.023357087134237,27.935546629773743,23.285755928515105,-3.5875769533216504,2.506089295990242,11.058802580162507,1.4701401382307406,-2.50069651647693,2.6592856904150484,2.45117291840397
blues,blues.00002.wav,711.5885936687342,552.820620500197,0.055619124009087396,0.16829263,-225.8963413923188,259.8829424058388,-15.367347449619034,-44.73142690335857,34.54517184102043,20.298719820075924,-15.721251764823114,-0.5159966071686138,7.784761293351964,-5.385218900898972,-4.800181792124635,0.7037727998314145,-4.069635908748249
blues,blues.00003.wav,460.86337141548665,463.083350889596,0.02490951880317092,0.1404414,-276.5611175643237,210.18691881848005,29.213224738210855,-21.85557711812965,18.596345625196367,22.01422057655872,-5.094697499995245,-3.4558841025150038,10.141520798117563,5.183411355460743,-1.7539254129503916,1.6717627325410525,2.0734463425959606
blues,blues.00004.wav,822.5168285700153,520.0034025999976,0.06811466792343387,0.08380177,-274.5247579333389,222.6169415454799,-13.265779887760225,-51.578973189202,11.365382663198531,5.995441232454779,-23.45890965221384,-11.02554978193403,2.4319043777751697,-6.547736618165413,-10.397997087004647,-4.703351064422866,-4.973442306465123
blues,blues.00005.wav,689.8298009425775,514.0552399310963,0.047028319557231246,0.094285354,-276.08399721521715,199.60588493797928,4.476616904103466,-33.0854595011679,14.027719868907855,7.96011029483636,-18.146964498866524,-8.82655419327287,2.7067094668133778,-5.473751173108461,-9.779219015493563,-5.560407809474879,-6.753132187982709
blues,blues.00006.wav,715.0945437864821,575.1790807378028,0.046150697264114464,0.13003846,-264.1229469802426,184.9024784730411,-5.207032485514088,-22.775158256972485,30.799197699053845,9.379512044147301,-25.389335857329872,-9.814668533102974,3.823795926862281,-7.474156255128897,-9.715207141447776,-2.899438072151775,-5.623205143864168
blues,blues.00007.wav,629.8231372869068,544.5550588814644,0.038847248404872387,0.12359779,-271.4725428076078,209.66055848257636,0.6243439304503567,-22.8645963560401,33.88477217078784,14.91549991079592,-20.42411813841144,-7.322766384802753,4.651418997175244,-7.90779886665501,-11.864428551545528,-3.7174963500348075,-3.8123297974619894
blues,blues.00008.wav,582.047074295449,556.7927764423808,0.035492344595901004,0.13830183,-261.0144042982837,247.76011303925281,-5.614392472860794,-27.135254514890732,38.965193140053884,13.5581532399379,-17.163707400262187,4.927756037008991,13.417565081238761,2.3946696782835906,3.2387353835541943,0.9100078175455067,-6.478670063063973
blues,blues.00009.wav,624.0463835125767,498.78369644105135,0.045023836281902554,0.07751937,-312.8472566199181,196.95875283803875,12.24571086818449,-26.5534754990684,14.482719943542946,12.003711207977187,-8.374388250855331,-4.2906519725749614,0.757786134838401,-3.7275115660469593,-2.688307397890998,1.7782571012274824,0.3606300434156494
blues,blues.00010.wav,690.9733350806478,481.6946698880887,0.05205463312064965,0.1396705,-258.75962610096894,203.2543551720426,5.183701831774019,-35.00067234241719,12.07253201060723,7.8098698490137135,-15.126382202067942,-3.576498226956292,6.422902793301989,-2.56671523155834,-3.9854696642926966,1.531512862813824,-0.6639959550646318
blues,blues.00011.wav,476.1990846425969,472.20205626528593,0.025327560058971386,0.06528917,-357.2811240062615,176.47912524467378,30.51389809293466,-13.402500435918874,17.718665743434112,20.376610250498494,-3.4449814990198817,-3.3672535687340406,9.510056587950102,5.439134782692544,-4.791598525341342,-5.491303862837972,-4.067214738165443
blues,blues.00012.wav,556.384101842118,496.95290923124685,0.03937631416763341,0.11232109,-304.12262626218217,208.99988349148222,16.702351364230946,-10.989729735177317,34.51962630005471,20.449646343432246,-9.27137574751739,-8.373549489226141,-3.14681900383561,-1.7165541938301214,0.9077473556649708,-0.7041104597086141,-0.149035012842987
blues,blues.00013.wav,489.08286757616025,455.0837911766904,0.03416986900618716,0.11070276,-297.79394718168277,194.879586821458,33.987145789340595,-7.563225792655838,26.64307657243145,24.787026876144452,-3.6748997907000263,-10.237155813596903,-1.9216643613518252,0.6646372368378064,-2.613852978724841,-4.379092792243133,0.236562141623177
blues,blues.00014.wav,452.8214320716931,453.86418487679055,0.031105366033449343,0.063347384,-357.3560330501207,149.79735146108823,36.15582469340023,6.296894116926045,28.728334692860038,24.217770258362634,-0.3878750364176686,-7.097968258573889,2.6464136752958822,9.45708286722998,7.486091997887188,4.2386659330492655,5.389410875466626
blues,blues.00015.wav,580.9131572779523,499.5621951072369,0.04315718955433101,0.0757045,-313.706584153362,176.61470532358226,24.867910462080488,-11.91871299070415,24.25755050407861,25.834560633088742,-0.7990784654392683,-9.468950048366999,-1.6105845656553424,4.835075608253177,4.203785078899942,0.14345354252178827,-0.03402556849035329
blues,blues.00016.wav,583.7957444249533,502.9854593064243,0.04335544760247487,0.07722273,-321.9710754899142,191.5260081078987,20.292758231988987,-16.211103835076962,26.715614264766213,25.607992795315067,-4.953493337623533,-10.524391276696365,2.090463863344108,8.785171882045363,5.000686086601109,-0.2969368203523883,2.1370996380247
blues,blues.00017.wav,466.9021172805373,479.8117057591259,0.031236027528035577,0.09012683,-319.3648480376131,193.57401394924665,31.447008064742167,2.201787674619214,37.38540069592423,24.64511641505127,-5.557956540513741,-9.200252112240255,-2.5904594537124384,1.9994220923330732,3.751707842240823,0.46281629105085254,0.42165977655107817
blues,blues.00018.wav,486.8628811698165,464.1548717579735,0.0350240779679041,0.076974176,-330.19958090014836,167.28213866528677,35.080818788849676,-3.44098383115716,24.291147052831526,26.569073858137713,1.2062370627389183,-9.775200209020255,-1.8615191430204647,4.810839104450681,1.8855776150906645,-1.7759891520008535,1.9685807362543524
blues,blues.00019.wav,552.2203898273923,463.7952420381121,0.04213304512277649,0.09221858,-315.5150146806055,197.61822185772203,26.321691039585474,-11.332862446305946,26.778791831170718,21.0530938577779,-8.513382254397168,-11.839825583386247,-1.6664582088846858,2.7361590171924153,1.9412043062075286,0.12555611025157623,2.1715567824874498
blues,blues.00020.wav,522.9566370664285,472.6979748739669,0.03867202605375097,0.07324016,-324.85780516384546,204.5943374780096,28.287768029961164,-16.095544805897394,24.621324965831082,24.691522332547812,-5.7788112725717,-9.898918464134582,2.1454620903773267,3.7686220468825886,-0.6522815461130368,-1.0197068730300072,1.5578339988166325
blues,blues.00021.wav,457.79619786138045,442.9358100141278,0.03246522742652746,0.0960891,-338.63483322309946,195.68160339700373,36.51831979701743,-1.6807898613705272,32.614800819686,29.920623282662046,-0.3178309370232155,-10.757957666406794,-0.8561653310884952,8.010861823806314,4.9777743341807135,-0.9554065630234464,1.6955263791567003
blues,blues.00022.wav,494.2440494664009,463.3044327955471,0.036837478248259864,0.10612383,-307.05791129224554,190.90737048958397,32.278177054171486,-5.142557992910456,28.099457252504557,25.02373247756181,-1.7944517111847536,-8.795728282081784,0.7910693597918329,8.630686067331371,6.189762486552952,0.13594136515403762,1.6942794880677932
blues,blues.00023.wav,536.1000577035283,484.92886443287165,0.03746019733662026,0.09736276,-312.63381885770764,201.40000941220546,21.92662908028961,-6.031738293112466,35.80726819438455,21.179297461673254,-8.621116940044615,-5.856130748984044,-0.12605610926822275,-3.6742647048556094,-5.455735170862531,-8.659384604137207,-8.875591860440212
blues,blues.00024.wav,460.7930919175772,461.14433123957036,0.030105767836426916,0.083689876,-345.639384901856,179.95016432247758,32.0986090930506,6.798859823562939,37.353741388236635,21.51405251168804,-4.617635014534164,-1.8249091625750316,2.707909108772167,-0.7672290014060404,0.42805591101789287,1.3453018482865975,-0.5943195751647401
blues,blues.00025.wav,468.9889292013057,473.4946104415335,0.031948245963843776,0.08440662,-311.5452841412802,172.35616664349777,37.87427705204232,10.567145651837546,35.12390478427286,19.3152053513892,-5.207995709894888,-0.5799807317469846,5.482062158057598,-0.5959874103147419,-3.682077775582493,-3.1274590783987106,-1.7674638711990402
blues,blues.00026.wav,480.08700123181865,468.8888949329936,0.03294066910769528,0.073690124,-328.893912160997,136.8850045374394,37.80670659908797,11.358809283675402,27.646810503342852,20.04362816960214,0.8608548390657258,-0.7360701581961742,4.170626624619687,3.0491376510497674,0.6863330173300429,-0.3631064743601819,0.014030710594693137
blues,blues.00027.wav,590.9884157740422,531.4385719279953,0.04042160612432328,0.087760694,-317.8515594689808,197.2802979835683,15.40371317671218,-5.292694383162226,36.37053548012706,15.227611511922587,-10.714962501559159,-0.623520983266753,0.8036833923839892,-10.035247673016674,-7.134892101393349,-0.2888566112960784,-1.456668085294686
blues,blues.00028.wav,532.7453121663386,494.6798873118248,0.035328828910479504,0.0959407,-319.75168323266394,188.05022580216402,21.567100641537525,-3.34329165094189,39.418692691357336,25.57133780928399,-6.863466544314606,-4.949341486978623,0.7883083547924626,-5.448982269248891,-4.881496885591698,-0.9538154351087741,-2.176445813788092
blues,blues.00029.wav,470.05993731200914,445.6559266479525,0.02798459553847641,0.12336921,-326.2380879683671,181.8942960798178,25.34013096505198,-17.520160877898125,21.044647215911837,24.533204568592502,-5.048807026231517,-10.027642807754681,-0.23178763900984986,-7.073809441218028,-17.156480043347873,-11.46948711754356,-1.1118338721245495
blues,blues.00030.wav,420.4188389406777,398.9236551885859,0.025357393174787315,0.16903089,-300.90564825045885,199.0509075577622,32.8494589185452,-15.028486339946198,18.156475225318875,17.660503590393756,-8.505510728471364,-10.113173314224257,-2.2890844734757234,-7.7548538737281225,-13.913678097763746,-13.361850909922078,-11.92861379462004
blues,blues.00031.wav,444.09690406382026,415.26688186858365,0.028456638510247486,0.15055618,-316.94077078852587,192.97927382272303,28.88277552014393,-14.163348805644,23.864170367447112,22.088596442694936,-9.624133696741769,-12.88419888362429,-4.539572888707297,-14.038738139555468,-23.08198390765302,-16.766020788663948,-8.18499137788743
blues,blues.00032.wav,417.74856115904043,423.67092438911004,0.021756649386117557,0.100217015,-362.0629249493655,167.4952200383997,29.705333014264568,-11.494596404258477,20.055009191025643,24.184031761756838,-1.805134029342556,-7.860516901840599,1.7042511142745413,-2.2283019685204346,-13.219135174262577,-12.699065589964052,-5.378715900260937
blues,blues.00033.wav,397.3503849667131,376.81132104494475,0.024391782071732405,0.13214114,-332.36268450935745,191.41903831556797,38.94016305873252,-9.48371957238898,20.24131809647183,21.631930836601562,-5.879718082123364,-11.589723230449867,-4.232035593582083,-11.584194573940293,-21.922332175387865,-18.500584297999335,-10.46251362966462
blues,blues.00034.wav,477.40552279248703,439.30694231250607,0.02962994852088167,0.13478483,-320.09437568562004,196.5834404328531,22.638947162232565,-21.47302345595594,22.707406551712896,26.456466442869505,-4.374213362902366,-10.29740403476973,-2.529056931323708,-7.903849604852485,-15.237584619297703,-14.501694094064474,-11.047705301654533
blues,blues.00035.wav,482.2537199740585,444.05510939794,0.029680173893078112,0.17200693,-279.7109575292046,216.2614296549093,21.049167835925914,-26.85825511452765,20.10395846882283,20.005624740995966,-10.84837742141522,-8.724183157660976,1.3184815495842312,-9.392524142657397,-16.569378843474116,-10.689914120938752,-9.589875659944793
blues,blues.00036.wav,447.1130853007529,402.19361191858366,0.027961559841453983,0.1969761,-294.0459487398527,197.73713280397334,27.249038113511666,-18.461972525368743,21.068069245724235,21.69997354826229,-9.412111493808265,-14.084210582440848,-6.8057491636924805,-15.11099380502194,-22.4079880454595,-16.67030491816454,-11.156240145009596
blues,blues.00037.wav,500.35655004777163,425.02486636668465,0.037979444605568444,0.06831347,-389.5487001046048,152.68133483579527,31.929028445997922,-5.099512948359388,19.83959968168663,22.24491802995428,1.5951379504954553,-3.39147628109112,1.0438204272850031,-4.398180726118728,-11.308815020276617,-10.27480642273186,-8.227476255684264
blues,blues.00038.wav,442.60172708590676,426.8016347183127,0.025556028857308583,0.16675244,-297.9106409159201,205.17496702726228,25.54230697697581,-18.55787864675758,23.26903166739591,19.183885683836642,-12.470900015195292,-8.508137014198734,4.974587659852283,-5.8687038598772485,-17.892358645813168,-14.186034197362497,-9.640117864213117
blues,blues.00039.wav,430.6693758847302,401.23106892735757,0.02499599707559938,0.08540059,-353.63349412054095,152.62285477276978,34.05809949577022,-9.144763887028262,14.710439014596018,23.117160061848118,0.6809312156140397,-13.015095191905939,-9.603489715688184,-9.376515593112645,-14.83317403229248,-15.447113788872672,-12.299781089265958
blues,blues.00040.wav,517.0057059464685,551.9540918072634,0.0342714526537123,0.12693372,-279.8541529031277,248.77718734737763,-3.9607655563973307,-9.44201217369466,53.75312923600494,19.57573246881749,-8.743354708155683,6.565963832684056,4.707499707235583,-7.088281748737598,-7.37919847935927,-3.6504593082334416,-0.23642821649890683
blues,blues.00041.wav,564.2469026794098,571.6686016061294,0.03734350831399846,0.12217132,-274.5872224009258,245.56572699755662,-9.424270517930752,-20.053578663156877,48.88037955730286,24.169312831168792,-2.438591600029962,11.347184336820016,6.110765259123421,-9.09314661131975,-5.0209240357718885,3.5259157010545334,2.5335369239479992
blues,blues.00042.wav,520.5311180844893,620.8071720570781,0.031358381066318636,0.10285143,-313.8540203737877,211.2283040899596,-0.6634474516593529,-1.5184209532383184,60.87761854321115,30.79789173348566,-0.5004562118284681,15.868875183897035,13.094939022528504,-10.336352273704533,-11.076647414928019,2.8105678224244794,4.214072873679205
blues,blues.00043.wav,586.4128203463572,567.7366634363241,0.03866220755993813,0.12073487,-270.8043142858729,251.47025288699328,-11.881352070754284,-26.698717358035,48.00094837757922,26.312492071388178,-3.8523536637974924,11.305454639107362,9.58287935366634,-8.782747566771214,-9.959271327320156,-2.913892477289927,-0.548327718441276
blues,blues.00044.wav,546.8569090943755,596.4158346517006,0.033763912050464036,0.1299604,-275.1346694137451,240.9432335630665,-9.599972693522332,-16.178904673858906,55.33888514190111,26.525342366364974,-4.113132432337611,13.375814653078987,8.875729859389521,-11.772853988069397,-8.402069299624491,2.6570758238075305,2.0293168936718886
blues,blues.00045.wav,345.73689007612074,456.6537085848173,0.017805838529582365,0.14666648,-306.34299523819436,218.50614379287055,22.022359475694312,4.363031678119229,55.03738264585344,30.013877669058633,-2.649730732664754,9.819557187437137,9.41839406731452,-13.049266609714996,-13.458487618380692,2.19654674069485,2.408782938749226
blues,blues.00046.wav,393.0512539761438,480.8573102170885,0.021031969015854603,0.10079975,-323.3376483419999,218.24811029471775,19.80959938907445,-2.768734065143601,49.41343859919037,29.61293781410745,-3.9091048243221937,5.869224842644439,8.570574679215463,-9.544804973460957,-10.50539302242634,1.823224688462146,0.7780466172500774
blues,blues.00047.wav,458.8811911250078,497.4705653556069,0.02885693095030936,0.108926915,-296.20110610278823,225.45188446162723,15.423396335028494,-7.4567935120892175,46.29131619656618,25.02476621056898,-7.559615126836605,2.2217946650414153,1.1535292212424384,-17.070798838146686,-13.294573653651952,0.6311836762591442,-2.738993443777119
blues,blues.00048.wav,622.9413512826367,600.9009055268098,0.04120293165119876,0.11473269,-266.6011770107009,250.0688867639687,-17.09799888941479,-22.434885403969048,50.68717967198941,18.41765265011938,-11.544550339523862,8.999993970834437,9.92534684365775,-4.832203766874625,-4.765653093088461,-1.2386181533683411,-1.05112721604299
blues,blues.00049.wav,347.35606169031723,396.276208621634,0.02228873622389791,0.0875584,-369.0105343217677,208.78038589057022,36.82085188085943,1.7287438989005297,45.102364236590766,35.89967579602355,-1.2053260528820546,-2.3073350029410946,5.591165327154377,-7.538595593219805,-15.138473717157082,-6.2127789833274285,-5.004379152476303
blues,blues.00050.wav,628.1429650483481,616.6334599888064,0.0401376250725058,0.17203732,-233.53883603003618,243.51165299145828,-17.75077721009133,-22.770768244687268,55.45392521291195,24.490149393210064,-11.645036805297602,7.923016534650496,10.234785642192309,-3.820394314135128,1.8389569886330934,4.872655238938124,-3.650600728504869
blues,blues.00051.wav,679.641520511833,638.4199199303584,0.04463600577629544,0.18145312,-215.30319319996374,260.5829291853761,-30.43406579017903,-20.487326331147273,54.107250925661205,3.9195769084776435,-20.853221602526325,11.318512931470474,9.366204569195585,0.9639061787265755,10.311494549801385,1.9979200957309429,-9.078905305799145
blues,blues.00052.wav,489.86686279829496,530.2874599010872,0.02988976097254447,0.093014985,-316.40174054953,188.43397461649855,17.15141639721697,-2.6942366459302245,42.54481330932997,28.475684797161975,0.19302772274119379,4.339997281439656,9.21872262637619,4.562784278958914,4.23179651438149,1.4871031482021941,-6.5297966373478165
blues,blues.00053.wav,759.7584328088664,654.1396375328077,0.05480758773201856,0.14668275,-228.13427915660694,241.73111261835567,-31.723624737233237,-24.858722791502455,51.17434368770556,10.370606014930981,-16.447659198742212,10.063870444157345,7.462243314568948,-3.7112321137646918,6.4906061547902185,5.4061919488550085,-4.911426251157692
blues,blues.00054.wav,691.9555950034612,663.4794696547898,0.04445851761890951,0.18308918,-214.21113803248346,251.19407047332706,-29.149654650363868,-19.572707289366882,61.111479672920815,14.39575040575453,-19.338357514047342,10.00384891819225,10.974193317737855,-1.3559999658905906,7.5415265946555685,5.295974100796889,-5.101496488799687
blues,blues.00055.wav,676.7884724764215,635.708111899977,0.045784391918020105,0.14290023,-242.90912112853604,233.1377949578981,-22.04704751565527,-21.053792477455616,50.91407307600434,15.892608448945918,-12.66118658707609,9.427586616517393,8.66075358269924,-1.6587774939562596,6.799643279325838,5.276803829006828,-5.5558502782992285
blues,blues.00056.wav,534.2458244919054,562.8005695729724,0.030190357936968292,0.1316625,-269.174785549048,210.39761413421976,3.979145481232401,-14.520786868387479,43.76539939233511,25.358593046117374,-7.019256998504716,4.601370410788922,11.383413714843945,1.0038397834205892,0.9078840492805302,2.115555130484228,-5.431961855878603
blues,blues.00057.wav,664.6243098412406,634.3750529170585,0.0414702967904099,0.16272034,-231.30000525193032,237.85116787505652,-20.655098324887433,-22.0856211047446,54.24873534321686,18.671189560725303,-15.481570001839598,9.411242672762938,11.759001095706653,-4.0286505941259545,1.9087062662793943,3.345342422320636,-6.322930881654021
blues,blues.00058.wav,657.1176714679322,604.9430037916959,0.0430359689191802,0.14983056,-238.785096099342,233.1170186609099,-14.838365525472716,-19.187532987910625,47.79278338597714,14.569338639745643,-16.18743747248558,0.3202530461086455,0.61913322869412,-5.0797217054449595,4.6414178864051685,4.4921786048727395,-3.7684200296011223
blues,blues.00059.wav,630.6340264884194,636.6085145082651,0.04108775316608662,0.14739433,-232.94620104149993,223.48116318462607,-12.430537497678376,-12.921609085767425,50.63066449719624,15.048604752321333,-13.647732733630018,6.944830001671708,8.655639926229359,-0.15190335504715957,5.612214195115331,2.882925542118183,-6.46139268981778
blues,blues.00060.wav,668.8029385199271,647.9237993357123,0.04391585701856149,0.18097596,-223.49363030642505,253.3530203159723,-27.495358820845695,-22.021852253815712,59.439505097073315,18.64340345817116,-14.164331370836875,10.13141433655606,7.9486591165387095,-3.4611873573037415,7.017044882054592,4.4777690354487305,-7.405851197862703
blues,blues.00061.wav,655.6071851483376,633.3591304888434,0.04666050367362722,0.11926676,-257.75290023238597,257.1005709462725,-26.006406868762742,-17.530227095714988,50.4708798681434,6.120244578997389,-11.876433660998268,12.389020402901709,3.1437982826018875,-6.239510361193568,0.4786554678325176,-2.1666135041858396,-1.12442767087957
blues,blues.00062.wav,709.93640069904,560.0466691963368,0.052894114341647334,0.09532727,-299.9676780070935,237.30931433374164,-15.650575494391017,-33.563396014232296,33.06363677892489,10.488282458208712,-14.060554439773359,5.963399915807877,5.97562094511129,-6.387477803384765,-0.8917062924644308,-2.486397461868804,-11.473117677012286
blues,blues.00063.wav,714.843285340407,558.7057722690307,0.052743438225058004,0.083867356,-301.69139956364296,234.54818499011216,-13.696842354039642,-30.56443617772253,30.87962348915001,2.2536969471858725,-23.04377332340454,2.4608094621696996,8.75198270009122,-4.698935761679617,-4.021029202252412,-3.382507827576391,-8.55123372497524
blues,blues.00064.wav,680.125363153777,556.9104146187938,0.049052062185808196,0.10466697,-269.96679664054096,264.2184914991959,-25.164285818466823,-26.26258243114471,35.081661234874275,-7.63090878335049,-21.78189577618327,4.0154788810603135,-0.8832683162966206,-5.235287254944987,0.8961604813271425,-5.433562425358181,-8.01708972016301
blues,blues.00065.wav,770.4888556606954,570.1990684917304,0.05694046669566899,0.087338075,-301.7852375431671,249.51432504280976,-30.48409101029058,-35.187841939127885,36.178308235742655,0.8434423815596912,-21.411146752821804,6.014715256363487,5.17079140546984,-7.0247848098148316,-2.031046096589372,-5.422814568760814,-12.015941714914346
blues,blues.00066.wav,684.4965777076395,573.8596665301113,0.049956874154098996,0.09815264,-280.16059617612785,249.44081171122124,-14.70624591138085,-30.71458898239835,38.25625569382165,10.794349966678892,-16.506582120204772,5.296066006953993,5.4032543338753936,-9.242201921735685,-3.3150709144414527,0.13982078280546234,-4.217813331089223
blues,blues.00067.wav,712.571725661633,553.8910651440775,0.05477020192865429,0.11897666,-263.7788187972002,257.7831747758879,-20.872019803672373,-35.08840396505242,33.93824849664073,4.34746601365133,-18.47215776943729,5.082428150492759,5.263777356523345,-4.776617693672395,0.34519964784797463,-3.0853820944738737,-10.658320013756839
blues,blues.00068.wav,673.0474925773176,533.604450877364,0.052398280404098996,0.094308086,-284.8937201892334,249.7578439058065,-13.245376794935499,-31.16503755006634,27.855536634164554,-0.10279490481919676,-17.801069624543736,5.637010239127579,6.534856536639635,-2.5769356342494163,-0.1973734259562142,-3.5098731157379213,-8.176000488654605
blues,blues.00069.wav,717.3649642911455,538.9721088351057,0.054121426068252126,0.10548312,-286.8074202836126,249.08344513438,-17.76749967475057,-37.70203279014488,29.320362881428224,2.1034197431352033,-26.631131814532697,-4.978514221361401,0.6813580398973672,-10.347289934233727,-6.95324042714723,-4.487354531581087,-9.361006574633853
blues,blues.00070.wav,738.1577548846758,553.546896505421,0.05395035769528229,0.097688876,-285.71656399562477,245.25352946928146,-17.301264560867164,-37.046433107480226,30.410163216641834,4.089239716352691,-21.70681204443992,3.339533070544282,5.800703371441999,-8.691082211334642,-2.1114791546110236,1.122878555350811,-5.998693742593248
blues,blues.00071.wav,668.7462957869617,551.7122882168698,0.049860577387857694,0.10910491,-271.2714703374689,266.0401494891136,-22.602417217668375,-29.662465180549983,35.34405248990155,-1.3325926962133587,-18.68751658610962,5.348353794781578,2.4852191830441512,-3.5798153690882275,1.5225592372789882,-3.33837537024246,-6.816184072796776
blues,blues.00072.wav,592.0590708163501,485.6315994585479,0.04045521558391338,0.097557425,-300.36302624834707,261.1504016446261,-5.910163802995345,-32.991703165990074,26.008939585972794,-0.5303950834989771,-21.424110562871313,1.4731008375417918,0.5710619047297778,-10.47863620355195,-3.7624369131476265,-6.735008317665654,-16.104491561597573
blues,blues.00073.wav,655.279065229474,589.9152439430519,0.045469822481631866,0.24434555,-186.58810685730774,246.94795796187296,-15.253046137824295,-23.722898193903994,44.16445095385209,9.229406495449947,-18.439055156851214,4.690038426752993,2.4058306605943227,-9.753265003169162,0.7103107856594861,3.2925226096215647,-2.473869363003092
blues,blues.00074.wav,652.5978693551795,586.3386083449,0.049255984749613305,0.18394972,-207.47188936840607,228.86120665711096,-5.014782105628474,-24.952405581020972,40.61453552618307,17.60135877380841,-17.28907911699735,0.5732758641409922,7.88007242824859,-6.65597220404524,-3.369251627732093,5.426819630953546,2.0087427337106623
blues,blues.00075.wav,623.3449594303547,617.6275727348539,0.0434974381283836,0.17419158,-239.31275438523508,234.08073395704096,-15.676787838766982,-17.60783531715979,52.03082786313532,19.84891110185295,-10.378783988911279,6.780574663517207,7.220377742050177,-1.799252738549148,3.5216811388085865,4.7935685243674415,0.478863959398673
blues,blues.00076.wav,703.7306526867163,659.4734212925122,0.05333368075696056,0.19405109,-227.36363355133054,239.88908766357196,-27.79154227124422,-19.748703212090927,55.24932216533511,16.48969983942425,-13.457682369617261,7.5060948763876985,11.657493068199654,5.635921579809837,5.204759071083932,-0.9273624028451789,-4.027820634108113
blues,blues.00077.wav,771.4460817468223,630.2619383077433,0.05881391084203403,0.22389437,-195.86438380318134,260.9318806469668,-35.6157871904005,-38.0539610753336,49.65782930240826,16.067154864007335,-16.672867061922773,9.501799956561776,11.397003728809793,-3.80438179707322,0.9584433532489193,2.5027447402468845,-3.4294712411093564
blues,blues.00078.wav,791.7935176502222,633.8264801582078,0.06099890334976798,0.23720844,-176.2314968882251,264.71811556674277,-39.64316838972362,-39.002436492878125,49.83484558061519,13.289961647908616,-17.583449190934672,9.577355589953557,7.92589073129669,-6.517639407139294,1.7544364666143681,1.8886853925015996,-5.630857108345783
blues,blues.00079.wav,725.3444982836555,643.0399285137706,0.05304176938321732,0.247399,-182.64370595898723,263.2086696138592,-35.632406626055804,-32.88414060237207,52.151543194376856,13.228779862594935,-14.303662348296099,15.370910840915306,11.351787314013336,-6.072562819420385,1.362499740164173,2.016707773543602,-4.54548758213398
blues,blues.00080.wav,748.5945906300927,587.2104411721065,0.056806784126063416,0.22999874,-196.69975901078803,246.29745715302568,-23.31478718691329,-41.19258897046856,36.31202531585417,14.280365784762731,-16.207649931826126,6.4630376407747905,10.623134000398004,-5.65071649022175,-1.2623337228193612,4.984304078759034,-1.31097079826155
blues,blues.00081.wav,850.5863169674096,609.3919165470443,0.07207378673627224,0.22410816,-193.82933948672647,261.82928348545227,-45.67264844589619,-43.78245138570191,43.47701959183612,7.827965340064278,-18.990450164934426,6.378659548447429,3.2065278082228317,-7.231037870439964,1.6543638680657287,0.7202173393573096,-3.7317467549687375
blues,blues.00082.wav,751.8170365292474,584.7043243324324,0.05788644081109822,0.2365265,-193.9232217032013,262.27817370706236,-28.59891224510897,-38.168026942462994,39.20260574427656,6.813669678835504,-20.45289322171942,5.117299474023747,7.087278413582644,-5.069316655051248,-1.0915600947354316,-0.1311960850142876,-2.611904043997217
blues,blues.00083.wav,697.2989460114143,627.1165343588254,0.050745752368522815,0.23120597,-183.34066999773842,250.43943229245917,-24.331918398410057,-31.012161121333072,44.989941579043254,13.130171692961657,-13.453128162857478,12.201842067571475,10.906564645224305,-3.734022772465676,3.0380821419893027,3.5289638436127166,-3.3191226537886607
blues,blues.00084.wav,765.6688429209952,626.6763211199014,0.06144904352764888,0.21657643,-194.55095551414362,255.45735462653752,-30.587040571823668,-36.82112283436275,46.50115719686466,13.461467393322977,-18.354631579514948,9.963307629400846,11.68450959232693,-6.552839201214635,-0.759379102225763,3.486580427319869,-2.221357240798313
blues,blues.00085.wav,542.8218918756075,508.78616707920725,0.0412709058391338,0.14529674,-275.64825030383946,210.83310783133098,19.565538330470368,-12.220246221100755,39.15937376317548,29.778042640287282,-4.884364124052772,-3.1563808079797213,2.3591035562015077,-7.704415524831706,-7.2187303820411195,2.5009543493480235,2.72227553845163
blues,blues.00086.wav,455.64919543398395,459.578730466695,0.027243676889984532,0.12266352,-294.41604777269407,205.14948990452197,28.83507992478555,-11.773285858524469,30.220543428201154,26.708856551990642,-4.084199837254409,-4.569503260378643,5.746777593030581,2.8021162558117707,0.3847563437832209,2.359013965779028,-0.03539890071983151
blues,blues.00087.wav,500.1402367708606,489.56219321907616,0.031323638703596286,0.15520273,-261.8006717647913,215.76870290369953,19.56244578629869,-15.908071317157958,33.618208613117126,24.309244752752814,-7.353079290889433,-1.7497414454010736,5.227695090587325,-5.295468964899158,-6.808724479310839,-1.4633596559814108,-3.9083483925634885
blues,blues.00088.wav,434.3965238648341,470.1375721196081,0.023453738278228924,0.14135535,-279.9803604253084,219.19996223333345,24.558898310335326,-15.412332437279343,34.80081862518949,29.843608540475167,-4.010203842129829,-1.8571564003047303,6.476135440915873,-3.992928323450022,-6.139895946270085,3.5335579335814393,3.306965314282604
blues,blues.00089.wav,388.26525833207165,415.60441212125585,0.0200822185566512,0.05244156,-376.8593650502675,156.54456030136924,44.99689770768307,4.4890858482932005e-05,16.625363231838943,23.688680908133804,7.342319215167087,-0.6749700987980154,4.139438152862017,4.420724567004195,-0.07924259206879258,-0.16164341794369866,1.8180328743251424
blues,blues.00090.wav,457.5153514163714,488.99985186982224,0.027682488036542923,0.12855983,-287.7524701126529,210.56517225001824,24.296697434856892,-5.9125214202637855,40.03744352158182,26.711531995487647,-4.4652551742319995,0.5607677827247606,5.4398405776253185,-3.8500325752247377,-3.6259200815689665,0.24653731998137346,-2.390901720225599
blues,blues.00091.wav,453.85657257353887,469.8819070000061,0.025706327339520496,0.0981431,-318.2114803333398,226.69479015386833,21.791924394671902,-23.758732228833598,28.270428338614845,28.893907053348258,-1.618396524567275,1.1884665422026819,12.441741387387788,4.684869812256265,-1.855333031810016,1.2298958103354716,0.8883053418362906
blues,blues.00092.wav,351.25080794481323,399.4912786493892,0.02006900135344161,0.062142603,-375.3263549450497,158.3245290719999,47.854662474587464,14.503280406230104,34.75220724083911,31.374066683397892,7.197544792907145,-0.7585572290709213,3.1668430336445237,1.9228595002069053,-0.7662951282659,-0.044405114413735,0.13988568886534108
blues,blues.00093.wav,353.43188549285827,386.5629187583977,0.020087883072312452,0.06568133,-375.79462828481763,181.27673356524602,53.916152138553,-0.023603944655753595,19.553047008302936,31.4037744799707,12.470963560692498,-0.4930406442188988,5.242986278897243,9.016862996230037,2.7924187276864845,-2.8584637433934175,-3.30965629709816
blues,blues.00094.wav,455.0949731018972,476.5079313322613,0.028983438466744005,0.13767827,-285.43798830871134,189.938975080838,31.534343496590918,-4.997205322147872,30.790911563956342,25.970056026845448,-0.28105029908941537,0.6783075477367464,7.049886963003663,-0.26737430288437464,-3.2555339308247184,1.6293021947982813,1.0470715322146462
blues,blues.00095.wav,520.1793595332746,475.0449050054443,0.03725740767594741,0.18406604,-246.16653036502998,239.6628851908462,14.497753264786041,-24.828459190157336,28.28164808963097,18.52782583716637,-6.410626197963016,4.9656529849731825,7.455737148066057,-4.165541462368162,-0.8583937231985675,2.5992780377157634,-3.5327947087255884
blues,blues.00096.wav,502.9800022533554,410.7710743130681,0.037955653639791184,0.05083423,-397.28129687099255,206.67776262185626,32.710636632408004,-20.61231321606896,14.010054238367376,19.227460070376843,-3.0148312432624675,-3.9329437591101106,3.6719279956258273,-1.9494578635484048,-7.176264072575982,-4.725425656068777,-5.72841893230456
blues,blues.00097.wav,470.96191628497195,499.0573403100286,0.026047708816705338,0.19482978,-256.54864290246775,235.847782167415,12.623982199442638,-17.082198565497567,41.251025746751075,25.174356733231328,-8.136311840445138,3.0119735889224057,9.201045318981604,-4.197996321571223,-4.3104897888337055,2.78682400000398,0.20059023214042715
blues,blues.00098.wav,690.9122731634749,604.3688724577471,0.051812947119102865,0.11083192,-260.8965571999278,258.8033872338652,-25.448396476852594,-30.964370811090273,43.89961902668832,13.98148270871956,-10.213417409073765,9.749123653839078,8.525665570908709,-1.9448783522417379,1.2734202691653935,1.6932137557895044,-2.8681408157714197
blues,blues.00099.wav,677.9963157284785,503.9561003285186,0.05391297189191802,0.09903191,-290.43621555734677,231.09092575292402,-2.8921532028239056,-38.405838836263754,24.193878370762373,19.835950066965566,-8.094069269688612,-1.958414250247269,4.384105098445618,-1.7529087462908464,-2.242102459101519,-1.0430504172503734,-4.484528166085422
classical,classical.00000.wav,825.1179557890301,550.8937999850667,0.08168760271655066,0.03462372,-377.4003721776021,226.34611973150174,-9.69198391290109,-45.19516533779961,24.060009201969137,20.298133240838983,-13.980678887208926,-6.692951277940413,3.5723758088506283,-3.2604120873483384,-0.22248677656258195,6.354373191766825,0.99053474348653
classical,classical.00001.wav,794.4568956858683,516.750803078869,0.07812235655935808,0.029822221,-413.6077501330559,203.9813722228165,3.547131667991423,-39.00612448955648,17.413836541232964,22.08993201682153,-8.735215271809572,-8.549506671159671,1.1855403624455454,-5.524571071474828,-7.0934338307064095,2.482442879850903,5.801302853611246
classical,classical.00002.wav,782.8304102986951,548.1565215168303,0.07346008253576952,0.04227362,-362.6344027031159,250.97009766236576,-15.098002360806715,-46.927715940474734,30.428735641546343,20.301236244729456,-14.854027379099954,-4.049255006368849,0.6596312405721271,-10.68197080249505,-4.264360613995094,5.018790596486333,1.6801008717798869
classical,classical.00003.wav,817.1376085970302,576.7326030967827,0.0836909530887471,0.027524047,-418.0579600583771,198.45097800312797,0.9011864637690095,-31.153713448302437,27.640795027521055,25.896743419392507,-9.411659037543965,-9.67646611953119,4.184996408756297,2.4452859476212616,-1.531416919976451,3.4697018675581512,7.450365681303159
classical,classical.00004.wav,871.6372139351803,570.9618014108106,0.08374382190158546,0.03903186,-377.2828377388089,218.3541140998278,-13.81072291244075,-41.529086518037374,24.492374639103254,11.294087993886084,-20.874815772799032,-2.728071377652097,11.208165404338477,-4.018910762604071,-11.620707269338844,-5.399245417150884,-2.283986150898995
classical,classical.00005.wav,697.6427452747853,553.726449787421,0.05232426406612529,0.04165476,-368.56309130721576,223.18793268501548,-3.19457620202754,-32.49356723396767,27.55633361015836,12.303887202148681,-19.26563753389029,-4.474522901963676,5.989003952601921,-4.620194234644613,-5.133208249116327,0.1774280158316214,-2.2984871307826604
classical,classical.00006.wav,655.7870425750715,541.3751551692217,0.0499391253383604,0.03199352,-395.74678556453483,215.23410794374817,4.975480293863292,-27.380924864758896,26.972221884470017,14.311462401042403,-17.06329561677664,-4.65952230998793,6.681251160903494,-4.330419578195058,-6.46658866540842,1.979291471557283,4.115070846718943
classical,classical.00007.wav,677.2148255772827,535.7215533829175,0.05404665446152359,0.039396554,-377.916206692288,207.71919053243352,4.778898776908726,-28.651116514507397,23.492914981714616,13.90211027033139,-15.287333195937583,-4.210626246407982,7.957032229035083,0.08953723770386934,-2.6736693747421354,0.4782288133141758,-2.5985910979799884
classical,classical.00008.wav,718.4444432020962,558.041517304487,0.053773624806651196,0.032703605,-395.34790760039544,211.887168158688,-3.1529911744655044,-32.1399612214302,24.776108153559658,10.05321592543981,-20.071970290925613,-3.1146009055230106,9.03662546107084,-3.727732264783498,-5.803039860392533,2.5427140669853268,2.2508411954734098
classical,classical.00009.wav,541.4701366857179,481.60554739698256,0.03903379978731632,0.023456557,-454.55562060667177,219.81923242478643,19.30786570960528,-22.498179355308192,23.132152609413602,15.43795758066829,-13.293827333956788,-5.557809924204179,6.216952015678329,-0.3651811318248041,-3.8153178262115035,0.3751896769129761,0.8376263140625374
classical,classical.00010.wav,766.2008869764313,543.0653339008193,0.06629182678364269,0.028097467,-409.40255714151203,203.97707418682407,-1.0833164267722566,-34.38022913221234,20.974185016007294,14.343817609137673,-15.846143943808954,-7.806294816291265,4.228190254884435,-1.0040602704549166,-0.9630798895487676,5.7817453021851675,5.694961657264822
classical,classical.00011.wav,611.6688387088752,479.8733669753996,0.05297643863592421,0.021219393,-442.9871050827972,213.93448412634766,27.32902344077032,-25.34317982232953,14.544539792912957,14.583908696709866,-16.097765470411876,-14.10830511326746,3.8070278762911385,3.611671055211935,-2.375359584449096,-1.719268847108617,-1.8265270552233854
classical,classical.00012.wav,663.5498369952649,512.2710641376359,0.052977949173433875,0.030851867,-433.84379506961994,195.3094771518587,13.574352915921807,-25.136293190858023,19.24134804992317,13.611062204333397,-16.72763649652561,-11.468746149238891,2.3288223279956495,-1.8106759453761994,-3.688630797689965,3.204987984941453,5.38398228006226
classical,classical.00013.wav,723.9605811122391,542.0422468925549,0.061697526947989176,0.030591635,-426.5959953993813,204.79996617871234,7.595225904110447,-27.269308919921794,21.034064178388768,11.409087244389358,-17.371822595175438,-7.667536785970025,5.838830929814353,1.401287193657599,-1.2024692097547374,0.4458758325516629,-1.692908818743355
classical,classical.00014.wav,714.1726469279959,523.1989766514339,0.05440238604505027,0.030769948,-403.7956229405768,205.89974844951345,2.8381032453083264,-34.72985647164866,17.509942917427203,9.447328154393867,-22.76503950748361,-12.37663256759671,3.704193189282988,-3.8513789244314767,-8.255517602194137,-1.079655352935226,2.2858739966797303
classical,classical.00015.wav,683.7740205565407,551.2979191706502,0.05940188756767208,0.011179018,-526.1436568611116,182.6975180235413,9.52155958608886,-27.96945504964903,14.228043835644202,11.9331074599799,-10.907862555662916,-0.2430043858428466,15.551345415212168,9.792823086700835,2.358550230928321,4.268305215308427,5.856952688347913
classical,classical.00016.wav,544.706361012659,468.8933252758413,0.04030189602668213,0.007928925,-562.6733868577763,216.40272481065077,22.673242448459025,-25.380077513229445,18.147664021351034,17.698502976770516,-8.337186613577588,-2.246076759381864,9.535667795218195,-0.42639582228450307,-8.891927909340811,-3.243247867040279,0.6823629118535827
classical,classical.00017.wav,785.7467805403405,508.008813386052,0.06861654401102088,0.036468625,-395.68974390545753,214.05048930125676,-5.509331184533524,-48.05561379972353,10.247012722028213,10.099050796313376,-18.020705996922693,-9.466921556874324,2.9479232664991546,-3.5820139219102205,-3.763464000894043,5.0855602474621096,6.602370913357858
classical,classical.00018.wav,630.3285622667913,514.6698789146677,0.0549159687983372,0.018353753,-451.5098328406815,174.09267916634067,29.20168174581742,-14.818159735179892,13.364991604652085,12.844946021142142,-11.237215371436875,-9.52508192245838,5.98274862693778,6.465892921673041,1.0693512047945672,2.969475687113472,5.016180614279064
classical,classical.00019.wav,565.1109831389058,505.0534138862045,0.044058225178847644,0.007841888,-548.9872478546811,195.7150146046379,21.6944429488854,-20.359882649024385,19.133794972323507,17.226298501192243,-6.436406839293916,1.1599324761092236,12.755228108324875,2.5512625625107894,-6.588344918142823,-2.2384936239198407,2.7925061352447194
classical,classical.00020.wav,684.5897192055326,523.4357296843309,0.05478417440061872,0.03746547,-385.9756897568453,226.21525555759553,6.916679486091353,-34.2601391181433,21.391215981902516,13.582324525614688,-19.595203114314852,-8.893371050098171,7.058874339517391,-1.0691225935966362,-6.684486598492654,-2.566601805146719,-2.486996303731919
classical,classical.00021.wav,745.7349934062661,524.348003131981,0.06099361646848415,0.043642513,-360.83004423092143,210.61833026487153,-0.3875672743487536,-39.990939436703215,12.644519842134994,5.909897144073903,-22.16135749477589,-9.024786733985199,5.116865588177892,-5.0709758471015505,-9.960977677026612,-2.8158685229247737,-0.2954721088335656
classical,classical.00022.wav,700.9868999028143,520.3257371359648,0.057746338457076565,0.046738897,-365.1587033645016,227.23663041823056,0.4037078958348585,-37.73423794324785,21.619000809504776,13.324046300561095,-19.08097618164842,-9.515199379887571,2.2051106108265155,-4.040369602522297,-2.887570228363878,2.244001750565648,-0.9160310308735334
classical,classical.00023.wav,514.0529065743716,481.6213918086593,0.03515020784996133,0.016945466,-485.5323034417133,223.48378155677423,24.650566411245943,-20.581147708749853,25.575266661613217,20.84737461644786,-9.67700456685919,-2.970547990181035,11.538007865331442,3.099340995287056,-7.743235304535888,-7.993816138264825,-5.704391738065598
classical,classical.00024.wav,723.0714700872896,515.9399201966245,0.058956279002320186,0.06526994,-322.29630921681206,242.1480649412898,-4.51690446202635,-45.138100088498334,20.624693454250153,12.452210881479852,-21.557755123954713,-9.454732777179352,2.5456070897048972,-7.843682624715291,-8.154682595032703,-0.4231401313911995,-1.9686350722213137
classical,classical.00025.wav,711.1307300602034,512.1151311511479,0.058230088094547564,0.06300158,-321.79189783805145,253.09228939653053,-6.374703783822692,-47.018917973982674,23.24235570618004,13.253271582805924,-22.63852336219888,-8.912102988451652,2.1829937572295077,-9.801121667913318,-7.533273620116952,1.8186478176298337,-1.7953396185030102
classical,classical.00026.wav,782.591492809132,520.4667726786658,0.07010178001740139,0.037573673,-384.63889514295516,189.72181475119507,0.9775931508442254,-40.35326531881222,8.531861615993353,10.207643591429699,-17.03966594687995,-12.996605780436896,1.4431952441658777,-0.7228978695968894,-4.693498455345404,-0.9099094527242285,2.0722247894324934
classical,classical.00027.wav,581.4086488967051,439.5770793188,0.05007054210170147,0.02817891,-449.7984599495218,245.82720115922186,23.851522553884543,-31.936555031853665,17.21355873771128,15.36752582927588,-16.53779626544053,-11.100934109136066,3.365126492283904,-3.275967278237321,-8.537399961975991,-3.35307136148945,-1.4403794201131297
classical,classical.00028.wav,749.906538985173,528.1461172503443,0.0667087351363109,0.060470816,-311.39136957157734,215.98032424093404,1.7276252308459756,-40.76542578674929,16.457080988928514,13.81158876351507,-19.625882151240692,-12.93107282419472,1.7935759687534722,-5.120291800142686,-8.023763730133018,-0.9100667821725031,-1.452068665511891
classical,classical.00029.wav,767.0574580839348,564.5190383149699,0.06440856414346481,0.03989906,-386.3611209113231,200.78999027112394,-3.100981912074736,-34.26848419386541,19.546593763616904,10.158218168924899,-17.56446115243233,-5.2306885576078255,5.901479214300801,-2.724004555880285,-3.3183220454667577,3.755819517355044,3.1844025352480907
classical,classical.00030.wav,680.4198638894615,512.2112964533627,0.045816113205723125,0.028860787,-393.2661858530807,206.36066761596362,3.59443874767975,-37.024637764919554,11.733804014728959,3.85351012516177,-25.17791474431631,-12.247673517836015,4.3351587653731745,-4.505810440841533,-11.804565470344858,-7.329957974989476,-4.852401011368673
classical,classical.00031.wav,501.06179866052884,427.65890833276956,0.0343836100638051,0.026612122,-423.2206674899602,204.1594084220311,35.7752006283388,-18.913445876503978,11.998113063824999,14.618897964789356,-10.040889928936052,-9.112444024374643,4.9469447078001005,1.4583076704419082,-8.007102717429953,-8.087950326761664,-6.987574199417444
classical,classical.00032.wav,481.07868615204205,397.2007053463061,0.034551657361755604,0.008027132,-561.1180194329224,221.2915828576464,41.91276793035905,-20.47883890510568,10.579698037455765,15.778382240091377,-9.373068978280642,-10.417878740336645,2.5034489097775614,-1.9561955667650646,-11.687286737384404,-10.19529061748863,-7.520911446563901
classical,classical.00033.wav,603.0027072589295,504.1563707551516,0.04247518186871616,0.012138725,-466.87892397466294,143.33574942183526,24.362534939403062,-13.110277618237184,9.913019163825128,10.965787351271263,-8.09226863778742,-7.563967090947733,2.7365160005789373,-0.8058582951270316,-8.045219772322566,-5.512789915932903,-1.3613070654802815
classical,classical.00034.wav,695.8522849354925,547.0414602695363,0.049640794180201085,0.03753436,-393.6601673236797,202.8440101595803,2.203195575301762,-29.23767954016532,24.602587217833054,15.630278677228302,-14.40462952693002,-4.811618897770219,5.1526950138226475,-6.121472742669647,-12.218594611633586,-9.592455828026106,-8.369917441507795
classical,classical.00035.wav,590.3057978416201,483.3555459679132,0.04488939844354215,0.039088633,-383.1441465809912,210.06667453467628,20.339941813613184,-22.844855502682112,21.14226046140427,15.674346094666154,-15.106363789730034,-9.27652501601768,4.616499057435846,-3.9518641938555072,-11.699565517441068,-5.904868186390273,-3.266469642860172
classical,classical.00036.wav,622.536649872311,477.287746315983,0.04406766603828306,0.015782423,-477.59647136554264,168.59068196848074,23.884779956675516,-21.084198428156355,8.992344764617373,12.75029302545574,-11.111362978504177,-14.290536955607163,-2.505927100053282,-2.1605386077444195,-7.807306884445997,-7.72496969177854,-7.230796866986857
classical,classical.00037.wav,808.0293675983895,571.3678943569658,0.06449051080336426,0.038585927,-353.9139401865946,183.44450674755015,-7.786497959641262,-36.277783638393174,17.76064674716718,7.862897758987669,-24.472361247735062,-11.852229339147158,6.059127186687903,-2.5325732057149524,-10.757776398194462,-7.38388730553266,-5.480412830984187
classical,classical.00038.wav,727.5678326780892,549.961865238692,0.056457094692575406,0.042568523,-354.20669033713733,203.87757770643117,-2.5996139982307036,-36.924507464556484,19.363565622315537,10.845633332553618,-23.126176942306515,-13.426539466370148,1.4966380062101985,-7.451976576050444,-11.939994787963466,-3.953867666085556,-0.7300552509107593
classical,classical.00039.wav,772.6844947498923,597.7020238135968,0.0764294216453983,0.012031111,-465.85177964772123,156.94239434860924,9.267672083255116,-28.64479057372845,10.639716394560624,16.680167493707184,-7.7465680787932145,-7.6299426974415185,8.828095737790749,9.117609443524664,-0.3182550383619938,-0.7748002551025488,3.6584402798038838
classical,classical.00040.wav,727.9378327998862,536.5057781516512,0.0563785467420727,0.019103829,-435.0484898507014,186.0777541479439,0.37249897170605917,-37.372533922037924,10.996057275340394,9.22979090562797,-16.597588211949258,-7.245232819775197,6.699399742966221,-1.6395594652882886,-9.38669930621852,-7.434061105114354,-6.985841275087474
classical,classical.00041.wav,722.6132582004419,557.4310719802088,0.05643254845804331,0.02034772,-428.0916374752636,164.37572457734618,1.4134896022875483,-30.737973496740583,13.302443825481419,9.43437092864012,-19.30706322685471,-12.97573194658773,2.867722861785567,-2.841240788756486,-9.696349788134311,-3.3742485471735106,2.233353012671258
classical,classical.00042.wav,865.792705925303,528.3415426287306,0.08065935887327981,0.12729348,-268.26960114604526,253.85487444891243,-26.51035487964032,-62.71174523278466,19.260355186778487,11.404803691397035,-25.64992477265286,-11.186654098674806,3.6909467325514567,-4.6566623561312666,-6.027473492924635,-2.5000595155133833,-4.909340230179842
classical,classical.00043.wav,601.1509275727665,401.8605819080728,0.047195989220804334,0.11483583,-314.96894997915797,213.20796702021758,26.05939960587673,-34.856084592047296,2.468750511063176,11.295848951879904,-13.999546268739056,-18.476792834274804,-8.645513804289733,-10.35996578535034,-14.040689699864684,-9.394699663304559,-4.664617438129215
classical,classical.00044.wav,700.6267508324834,494.75724457583937,0.06039733178654293,0.017448975,-484.9601590691267,219.01365619978222,9.712736620101763,-37.59682853068781,13.870111892708943,12.029561327892234,-21.85402933198164,-20.11701042374385,-6.314956414804316,-8.75124900062024,-8.757254303588937,-0.0015389470866667752,2.3055637090362118
classical,classical.00045.wav,699.0868818471603,472.4545940299813,0.056536583533653845,0.13666272,-275.7032592996333,245.22058120084492,-4.442856842143434,-50.505260112035856,15.974602871696298,12.164010225884594,-21.697868818241925,-10.633697445435978,2.6576579196157506,-8.324164163810133,-11.933499240798586,-5.579494183403188,-5.21669871880074
classical,classical.00046.wav,823.5111332162343,589.6169544002183,0.07004286905452436,0.106819585,-255.11042154033325,279.1708890177304,-41.36636788576131,-48.351702907269605,41.9298251797926,7.458422059978074,-25.076798384940506,0.3014520971391256,0.8728917041854769,-10.682639913613253,-1.8137598557927683,-0.2786017338893087,-6.3228401173787825
classical,classical.00047.wav,660.2976100296536,510.112625155908,0.0573192339762181,0.009331819,-522.0594873029804,220.92600770253298,6.2089620994259,-34.73243757625257,20.811400657642356,15.63120763091171,-16.937458193799973,-11.165896707588232,-0.6508211899922806,-7.747710989210721,-7.658053660657659,-1.1687602206552783,-4.154065102942394
classical,classical.00048.wav,716.6959143986013,539.818941921813,0.058469795886381175,0.15216728,-245.1470284000372,255.4343510292433,-11.176543791971987,-42.841159961169176,27.932732106428084,13.764187541112468,-19.861833701210493,-7.721445208377626,4.040683642086737,-1.579124300200458,-4.1079986906780155,-2.2007106824667453,-1.1511342783536183
classical,classical.00049.wav,819.5979150300772,591.4745198152457,0.07086994182952787,0.11537804,-262.6148214762534,253.8768426976946,-31.21679294122294,-43.59272616906698,36.47146493106621,8.648976882616955,-23.18041975819637,-2.2337450618459447,0.9473243092210154,-9.454475339556103,-2.438054408213291,1.284239467459515,-3.2567658555123353
classical,classical.00050.wav,550.7824408360085,506.3062577539929,0.03884460496423047,0.007875711,-544.1155861227686,226.31914641553334,16.20651718704285,-20.39165079858478,31.735817199886267,18.245133496920488,-15.742703873238574,-4.539548386735776,6.2721966178535835,-7.457055103455697,-10.887179124224865,-1.0481386965171715,1.8673166812816402
classical,classical.00051.wav,544.4514449659825,510.32480950292023,0.038396971144543345,0.07722245,-337.61327586780124,214.83714414570196,4.7829640994075975,-20.417628713918543,34.092072517001384,22.205081490740305,-3.3324077351982178,4.036684193016148,7.102452429998874,1.2160433477149704,2.198009253873858,1.440141584969668,-1.73307041396827
classical,classical.00052.wav,798.4501349074719,589.8281398592679,0.06319824596384377,0.051257517,-338.8318885467733,229.45168654405416,-23.370890505427358,-43.0851705941792,30.555379602459237,14.32964207073793,-15.24175797139428,0.2669496440130239,2.402336535287535,-10.831569445622355,-6.784509753490142,-1.497328862321055,-4.548271179518037
classical,classical.00053.wav,772.9255871581871,572.336458493815,0.06558971244747899,0.13167411,-240.00963174514249,249.79694893480755,-21.173241812225662,-47.84996496956833,31.556762729032727,18.39397045616763,-16.11987490215624,-2.481326833119628,5.4402506373014425,-3.1250050916898555,-0.16022240205988725,2.7394043952155416,-2.13562068186846
classical,classical.00054.wav,849.3584686855634,627.2370341402385,0.06642817434836377,0.14984024,-239.6598532773586,243.88644325175161,-33.84043884273724,-36.650446886221694,40.89862190971803,1.29456216488112,-26.758987308435426,8.304038316651239,7.288998644413339,-11.681024706222205,6.338522772577012,16.033814100814823,-1.2405949395620433
classical,classical.00055.wav,638.2844271533775,462.26376384635233,0.05194398624806651,0.012949885,-519.352165113521,164.03930772607882,28.15153799462591,-21.326384848923528,4.077916193531319,13.0952526706946,-6.887464571712625,-13.90543668022371,-5.807938811023133,-5.477768229563282,-10.80661862030264,-10.036614762159745,-6.322987265871211
classical,classical.00056.wav,774.3387645292687,602.8184628446472,0.05972252363040124,0.17785177,-226.7500216114166,261.41658822006497,-38.121457277526154,-34.98567873171419,43.31103452281876,2.338156832204859,-18.940224675512056,6.177548879197909,-4.980128657338239,-9.90204467447919,9.320757150809749,1.2076446662283093,-10.65274507788657
classical,classical.00057.wav,787.9613566435618,539.731618976296,0.06805840040119876,0.015838917,-465.1844049354869,196.48493805193624,-5.09076107189778,-38.96198852562739,16.496358408003026,15.770717816089679,-7.607096172503177,-0.6526370119358492,2.2872592585169302,-10.691347071525554,-10.73972900631313,-0.4479319071885188,0.8726753316809375
classical,classical.00058.wav,691.0057459600046,510.26299599349215,0.07278185119392885,0.029162243,-439.3505107480222,234.69859455475762,16.65461628281854,-34.982398526682495,18.541961567994786,22.048792413205312,-9.593977703033286,-11.763552086428007,-0.6392846287783631,-0.15605659795874519,-0.8984097923021206,-1.13005913322788,-5.793915588017069
classical,classical.00059.wav,784.0343375067848,563.5190143707597,0.06665548868909513,0.06409908,-306.18312834054024,228.53112212304484,-12.249614537566925,-40.635473584524576,24.703055985869945,8.691993760667705,-24.009274804704727,-9.188144821928091,0.46896573173390704,-8.659790843092157,-6.811858691739793,-2.2548909895359444,-5.222461096547745
classical,classical.00060.wav,824.1291600775189,572.8014689377641,0.07020525183681361,0.06276596,-307.37431780794134,250.04165638644017,-27.876838931688933,-48.328283551385226,29.558629892453617,6.720858761125588,-25.944688295374558,-4.738940161821931,2.0332537996282984,-10.266276919330181,-6.867860020240088,-3.0907998521606364,-6.892754852489119
classical,classical.00061.wav,691.1149420473433,543.0710555016051,0.06086635368329466,0.046108298,-363.18252222943386,219.57745584923748,3.3570842852911307,-32.823406108395844,26.094723581861523,19.412329048392117,-14.903004873145337,-9.400909986655645,1.124903755763507,-7.021643361093185,-9.327389240933899,-2.7087920251559034,-1.2430076479157404
classical,classical.00062.wav,667.5570472805779,535.1412566338588,0.05440276367942769,0.036565326,-395.671193290042,211.55172405446692,3.595270584487187,-28.499445272933627,25.942008144899393,16.057923052949384,-14.432497233151386,-5.291494329970087,5.811580521068276,-2.178290354495225,-6.702698932696071,-4.1996695341448715,-3.8528109052838553
classical,classical.00063.wav,409.83818495649837,308.53539014071174,0.03559997039346481,0.02013384,-479.79957966446483,185.22926521175395,70.60079985595144,2.6889360923539325,-0.985290048758856,7.24537906194212,-0.9348132134572016,-10.214988702154123,-9.597687362344269,-7.269508468106378,-7.121987811968196,-4.918779875232543,-2.061722017855464
classical,classical.00064.wav,459.6118993750357,363.19007812859246,0.03904814989365816,0.012525013,-533.101491052826,170.84462221679027,57.8609598316205,-0.5549006178397016,1.5685876866877246,6.339684038292533,-4.675070571958042,-10.123191618310983,-3.761864515541265,2.1020481639744197,2.4890892312323007,1.3018682491826323,0.5198381162727015
classical,classical.00065.wav,536.6281287887135,363.3250968374203,0.046363305418600155,0.029121418,-442.43181580266565,182.68321846659387,46.23808897914086,-18.440185438372595,-7.133990419677456,3.5968873333985916,-8.629511048353462,-14.508625586047037,-8.017645084891614,-5.58490566670398,-7.303104841117972,-4.258717520492803,-0.523570385245374
classical,classical.00066.wav,507.574713957094,350.26259177617766,0.04409787678847641,0.031713128,-451.10449068435867,185.50439248774248,51.18881279178901,-12.472854957328693,-3.2904173205717298,4.14996336639216,-9.633759624765121,-15.923663135146471,-9.927782433848023,-6.721991045766189,-6.430439583293866,-2.796263864260512,0.7565894176233285
classical,classical.00067.wav,481.85057757620916,376.2031454841351,0.038629353369102865,0.031569313,-436.907886396941,157.9273961315071,46.096101111796514,-3.860187859872369,3.0796383464691064,4.375068752104969,-8.358636921030334,-10.71384661025227,-4.7636262436478045,-3.361434036674044,-3.5888724950503175,-1.2486759351870966,-0.56450380117565
classical,classical.00068.wav,840.8811316816676,551.3418591482281,0.07838556772041763,0.05466249,-341.892471641724,219.37842774643454,-16.343888218999954,-46.09347999804654,20.456733919246094,9.927058280548053,-20.604443909955062,-5.590015532520286,4.91721643186548,-6.726084378254972,-8.418265718548017,-2.082575728455508,-0.9121050454772236
classical,classical.00069.wav,747.538112632509,544.2012587581983,0.06793680213167054,0.028234081,-405.9768617743136,200.49852400462908,4.028276615957902,-31.071331175108035,22.10084303841044,16.444130289868635,-13.725384443762257,-4.228372866435093,7.955497386083875,-2.932840072734436,-7.284164989511881,-0.037147079317520836,0.4319117426531117
classical,classical.00070.wav,691.8602975804874,529.0131931095674,0.05558740272138438,0.030960625,-396.6157946912049,191.6587209491219,9.668651322665518,-29.67660014833572,14.955529724301398,13.16965395061895,-11.779493714670826,-5.200875201446599,5.606107786375086,-1.5598707717237776,-4.794159900446498,1.4888903646368798,2.9124083151801976
classical,classical.00071.wav,725.5159592872036,538.4400097765176,0.058966852764887855,0.050144076,-345.7951179856487,192.50532237919222,7.058604785150389,-30.050541180193875,17.146441485794405,12.382806489682332,-14.821086456797765,-4.848673500899524,7.210450655538263,-5.126769301928161,-11.548241188043004,-2.236025529270733,2.355659126754215
classical,classical.00072.wav,596.6833762156713,546.8209737611189,0.04414583635440835,0.020125197,-447.30075264648156,207.07991365077413,13.016110124635466,-21.764336441768084,25.393154849318663,14.888876157373288,-12.309662999137966,0.6470641926089276,11.420803097755275,-0.2488833696274957,-2.2882462021538523,6.176724303214796,4.008251989315274
classical,classical.00073.wav,728.8183144670346,495.6069461241372,0.06091091453982985,0.042875543,-384.48309229920824,210.62390522789642,3.638697583070247,-39.59182297409213,12.469656975059749,9.934930846089886,-19.946152503242455,-13.195933690840167,1.1693316193389707,-1.9651479489491195,-1.2168126604173943,7.115811513492584,8.081705835543021
classical,classical.00074.wav,702.3276007489575,534.8619360269065,0.05679583272911833,0.03626517,-379.8846307076461,214.55085989684005,1.4647059266576439,-36.15742307405357,18.98199833028944,11.510041458696149,-18.303096808753065,-6.399836785183718,5.725731716912352,-5.83247583238147,-9.439276440882853,-0.0582582315702899,3.416855625133564
classical,classical.00075.wav,615.801038216724,520.8213455757098,0.047690312620843,0.016122062,-475.9715871981117,180.50804388335058,17.146262164654058,-18.828497484287766,20.428359316207427,15.785014801223236,-9.657802106068809,-2.161750673169094,9.283566811513648,-0.5385492396981371,-5.571901327357242,3.483980206116424,6.96078602811384
classical,classical.00076.wav,709.54490249011,538.846256801338,0.056642135537509665,0.057303526,-333.6838427076345,224.9057023993219,-0.04769086086785239,-35.86298031827033,23.135271205486408,12.714449821452536,-18.779646116547603,-6.022162585880374,4.651491748932924,-6.991020509710086,-7.517597476185177,1.9597503358904338,2.343349175143066
classical,classical.00077.wav,570.6918720205706,387.9473151947958,0.04656231873549884,0.016686324,-505.9429066455251,169.802685494647,35.59757130925733,-16.60705997487901,-0.7008622865795997,0.9932150179808991,-16.926693733080427,-19.29093964981438,-9.564872993745436,-5.672430882914622,-5.34058582319793,-4.1281584855804985,-5.101067896086825
classical,classical.00078.wav,484.3319003778274,357.9095173490769,0.03995975928074246,0.006618265,-580.3381483446001,185.88377400629125,53.42243508072628,-9.583769441114686,0.9480603702800916,8.814383636401212,-7.933620357417822,-16.81704103720215,-9.690375867794529,-6.042755605251518,-9.021581024064162,-7.67502550036084,-2.874345832892018
classical,classical.00079.wav,603.8913022551781,387.0248092168973,0.05063623839907193,0.018746063,-467.39470238632555,185.62141129611877,33.17799461998154,-26.86327878925342,-4.6208635787471275,3.931592821830036,-13.568839964470417,-15.059651181616312,-3.45306074962623,-4.166303238599272,-11.18835006041578,-9.86669957309155,-5.654310697525152
classical,classical.00080.wav,410.92316843917445,450.84668272424165,0.02550391531322506,0.0052522114,-604.9717894102996,193.4724380472334,38.53123119025908,-9.84584973774929,20.701229327829207,22.65945733963963,-3.764189056446277,-7.149299463255998,5.363620015326328,5.453503076213696,-0.21364453098256794,2.30395915568506,6.975403492544756
classical,classical.00081.wav,665.3206881919448,517.7472678555202,0.05129256694702243,0.016232539,-468.56734681999797,229.49512182251343,2.576222135197306,-35.783118371372254,24.35187321908763,15.401810179167263,-18.110128924552967,-6.594601884631788,5.118950949583698,-6.795584556904151,-9.093375851814132,-1.72298513122854,-3.5005109676019615
classical,classical.00082.wav,823.2046500258753,503.55392274413094,0.06703199016337974,0.040836606,-376.9665043968168,237.0913679818408,-29.71235139777905,-62.44666315156138,9.630688541255994,-2.898713887556089,-34.38513302251418,-19.293494041198983,-7.691011978787353,-12.79322385921748,-10.93059357986641,-8.367261069325163,-8.473926498262367
classical,classical.00083.wav,627.2265419763279,431.4162883847394,0.047476949197602474,0.041525625,-389.35951094601927,220.85579805403364,18.601008745151237,-40.2775850669994,4.501523380569876,10.62863643609112,-19.830083449142798,-22.169526132532756,-7.907272445792714,-8.631164866525813,-12.631168731939754,-7.562493702367641,-3.3079694049142714
classical,classical.00084.wav,677.3580939677066,478.3932281997442,0.05184466840680588,0.021719284,-427.14835752061174,209.76822574823612,7.520991059421418,-41.843464014921004,7.390933432958559,8.863769877576708,-21.45918849053596,-17.802306850395134,-3.54828714364448,-9.06934667261145,-13.723656518928145,-7.31282154741307,-4.478809760488946
classical,classical.00085.wav,818.4580037339575,524.985104719307,0.07040766386310905,0.037022058,-367.52669797170495,254.04492364368164,-24.853405889856806,-55.97269785426659,21.715869349187233,8.425945573978314,-24.51798034318678,-9.681502541376128,-1.6653725809709183,-10.131776029209853,-6.402630748222824,-1.4327392401102683,-4.236602107396107
classical,classical.00086.wav,726.5017852043499,509.4994607629737,0.0586877809599768,0.03031417,-386.44810550799497,243.96063063035638,-4.989792685985705,-46.320584830863915,17.769048548345072,8.946039267316445,-24.336502534207234,-13.053972640690667,0.19237508290437413,-6.031401656862237,-6.677540975485213,-2.7398900626140574,-4.270697880126512
classical,classical.00087.wav,604.9983017435184,433.7878853385178,0.04639276090003867,0.021229522,-452.9920595568244,231.12523104327545,19.53577108305325,-38.17806761896668,7.9941701586739375,9.606201974841813,-22.053315606353966,-20.261080729174438,-4.207109881433772,-6.401750238750532,-11.410247456228731,-6.991649990279468,-3.4765089690791084
classical,classical.00088.wav,749.3306382688297,521.8917924467318,0.05750276428364269,0.027423041,-387.64819061022814,224.8005674112468,-5.757969029137354,-46.98158809928022,15.94464016638233,12.41620740998657,-21.482809669357728,-14.30439067900873,-1.525402861152096,-8.79558241433887,-10.553630802027294,-3.9506600817265882,-2.9864303250741573
classical,classical.00089.wav,1070.5977165669556,648.3510999276822,0.0999945620649652,0.026576763,-448.5869130403632,190.30166660587628,-51.69074839375772,-43.58209402220399,31.89027247561963,8.339486533040358,-1.1491842664645586,37.1070251869637,38.75008562520469,10.143228661693776,-5.937609268724282,-8.447091630730373,1.9357353693207562
classical,classical.00090.wav,902.6502132113468,629.1734430792749,0.08391526790893271,0.020332856,-447.0772551995243,189.64755722559588,-24.215348290205256,-40.43466187458902,22.16145519880302,8.366886592461915,-18.493609247002187,-3.366738949062179,11.009870013065452,11.60047100189933,13.637579149890367,12.136347038804603,7.136678710402942
classical,classical.00091.wav,890.0133882977597,644.8328716204913,0.08195798893078113,0.03654408,-380.14141754170845,201.73056267196355,-26.70890432302198,-35.896580029343866,33.55099487101912,16.781540832929014,-6.527869088662784,12.25205384917481,14.310813398730412,-0.08640516041107787,0.8425500758084019,4.230221331792074,0.8015802496154425
classical,classical.00092.wav,1057.2415719735757,657.6703013826149,0.11328691451566125,0.060014836,-390.5115551951861,175.36152376564604,0.7822069729046717,-13.30585759031439,41.84588985591833,22.919954481792924,-18.296201659817665,-7.244638828552584,14.69443853100581,5.628541435916077,-7.517561885277027,-1.55903146892331,6.445293246825832
classical,classical.00093.wav,939.4382567980268,565.2236826848241,0.09026292415893271,0.07693051,-295.7854270944902,187.15715614843936,-14.213965722410657,-45.95478980005942,21.566001728310923,24.703608204924013,-14.209264880851162,-15.110929616643096,2.1580792681319125,1.8428954169402623,-1.4388054395546352,0.6874002614724856,-3.0303488991815324
classical,classical.00094.wav,613.0355146876369,575.4704281884625,0.04407823980085074,0.0133217685,-488.8796276951206,213.5972028815168,-2.603315270243342,-27.686876371233772,32.22696121973841,19.443991848319747,-9.643378030669767,3.5748476823673916,12.954190469071563,2.2873465882568267,-2.0608065646344844,1.1875920907392135,4.983432216765844
classical,classical.00095.wav,708.8497216492054,635.0897024751939,0.0644890002658546,0.012050891,-491.4036275874827,141.2169569688756,8.488089130528378,-11.75591600836192,22.64054485225339,14.054034925183569,-6.510779643017889,2.963433021771723,14.60738604811189,9.537485883825672,3.908694101454085,4.609371473868469,6.792137072430234
classical,classical.00096.wav,862.6608174653549,631.5148648529552,0.06681938200889405,0.05024135,-327.7992467131204,217.0248478587784,-29.500085899903507,-38.889583253996875,34.98365928716703,11.115710195273394,-18.71805064012016,4.390973194944135,12.021523655195109,-1.1339463726912815,-0.5943781780822744,1.1595020140780057,-1.6961989174896823
classical,classical.00097.wav,729.8132445395023,548.9798679417828,0.06392330396848414,0.03513617,-356.7922878921666,180.58997512245753,12.667053535116587,-24.550243212088365,18.096256396561706,15.628996809926436,-13.93432239212309,-11.662501043343918,2.5944023794157385,1.214169007002652,-1.776134107689284,1.625098468321582,2.5743554894741267
classical,classical.00098.wav,802.2713715812614,621.6962038440504,0.06750894238205724,0.024505893,-412.9668739065699,210.68812751230507,-18.363090459642724,-32.73787550691902,32.56229376947278,12.565538865592167,-14.90831152902376,3.93162302259738,11.911866518672381,1.5161312086328202,-1.9185749089329966,-5.912020841884277,-7.769761055300023
classical,classical.00099.wav,603.4385908702712,568.4200303595048,0.04975672793406806,0.0101854205,-518.8295220690162,251.95203602812916,-8.534534781228553,-33.07369403211883,36.18352587689663,16.45047978331342,-13.032367156506073,3.9952448446522317,10.273426936435623,5.996941104362787,13.662457561118778,10.269328984943499,-1.5504253921807523
country,country.00000.wav,658.5883108346742,629.1392495256408,0.039478443287037035,0.23271994,-212.52391143986156,256.8260917826523,-27.01198379957592,-25.458136716386814,50.63725292058337,12.039683352926637,-13.797257985245528,11.640949990368735,10.178025779012296,-0.42568276873349536,3.341123101112016,-0.6256511806582837,-2.1701676543825297
country,country.00001.wav,705.2161171309721,652.4103399475263,0.043820693155452436,0.2113245,-204.63297326140514,257.1244936066691,-34.50773668570019,-28.60022076152074,51.643061897640784,12.422571808995816,-11.790077967628436,14.81934340184321,10.30351767254036,-1.3424243523903212,6.684510173517679,4.936851374361568,-1.270929335211402
country,country.00002.wav,565.6646200462632,571.0540447095042,0.03209179986142966,0.14084919,-279.5571056680151,230.51006744398282,-7.625360581200447,-20.570401608204477,47.26372144670499,23.099794131177745,-8.625690612889812,7.680749097796794,10.486784264403404,-3.0316540318162226,-2.299262033995329,-1.319762328952172,-4.888288118213441
country,country.00003.wav,654.0493139077033,614.9787748124156,0.04269399731520898,0.18925367,-216.94641621607127,245.2530106085238,-17.91377985180825,-20.352067170013946,48.354105940013156,9.772166569920616,-18.540593450164238,7.425026734576398,9.734469524519834,-2.8850202981569906,1.9670412072172399,3.802857437600428,-1.4436900505682677
country,country.00004.wav,669.7536698799925,631.5834694025057,0.04109309996613777,0.19340968,-212.71614174502355,251.7108232412262,-27.623824185546063,-26.462331628745687,47.69734580294967,10.63332564195039,-11.374540083418228,14.921390159742133,10.66895606421117,-0.3970900148298238,6.6602091679926145,3.9257117345886434,0.036171850338543546
country,country.00005.wav,749.9614146875068,673.0358208499158,0.050741527964313124,0.18319649,-212.1295831614086,246.23805924447993,-35.81692216416253,-28.054522190564253,50.544361406076995,9.158922842488542,-15.086888731509251,15.251169203837218,12.62427134354618,-0.28013596596342066,6.686401152610098,4.001228811272274,-1.2339846188749943
country,country.00006.wav,690.954372292301,639.7166546450773,0.044577799230107115,0.19613607,-200.92427759274315,244.9433255089928,-25.050488610414025,-26.111064082437796,48.511505657078025,10.988821666699364,-15.50137647899527,13.294798448493482,10.18670952868174,-6.259816337137606,3.152601148439366,4.699663403842597,-3.824520671596214
country,country.00007.wav,644.3559843638542,633.4554756995519,0.03581346446884675,0.22905804,-206.22492735286284,246.8758661938117,-21.806561286723117,-27.872982340717858,49.10006256510285,17.140456040443002,-15.40630233782245,7.869978461770732,11.416204325250845,-2.111883711481064,3.285652828850337,7.453221205480481,2.0943669295317076
country,country.00008.wav,670.2079918396084,637.1235539274583,0.04163303537008481,0.25811598,-201.6918122215137,252.9440250111774,-26.214213178459172,-29.841817852614998,51.6239999010786,17.82131667460331,-14.930400715152373,10.143483549953435,12.54861324047663,-1.2434212200748969,3.7740324657621875,4.755205193354443,0.9509847034457601
country,country.00009.wav,722.9280185863439,647.2312681190997,0.049301335841049385,0.21249872,-187.96168667328337,257.93992398065257,-35.80324600405494,-27.35758524385622,49.473702756671024,6.9089348619686195,-14.966351200979318,12.351733934437503,9.577565708539458,1.0341469077882248,4.571820045103598,-0.8121646723064833,-0.5714858275407082
country,country.00010.wav,607.2282203859729,514.7821016527556,0.042198753504447024,0.07197906,-330.29753449130436,225.63438255380237,1.893573049045063,-24.144108743589268,30.132490795745152,9.445561478226987,-17.89505938544028,-2.2502412097718794,0.9277085621594845,-10.737989225565103,-5.432243203167123,0.4040139267148638,-4.894446661732723
country,country.00011.wav,671.177673129226,558.6428201947359,0.046486414225638054,0.071796805,-347.934445713071,202.45999130176318,-3.1612769280179456,-23.302329459634056,31.280643099006284,16.35325318227037,-9.878521286402455,0.42080179929599865,6.485892847751349,-0.41979399151223107,-1.0059340691857839,1.5623458188738113,1.619519944410344
country,country.00012.wav,603.3937323151383,507.8254902333405,0.04017954248839907,0.124507874,-276.42831145791746,246.8271094672883,0.668884114477221,-31.725794005351933,30.387630135029628,10.45788962050926,-23.135114617661944,-5.494612996315774,3.303262373333965,-10.122187167332909,-7.5243457547909465,0.30897709719315963,-3.9579462527559506
country,country.00013.wav,743.2740820360088,599.5851444719087,0.059594858734532095,0.07191773,-289.04585882577067,233.75366024748894,-13.969329067778643,-31.166966485131976,37.29015098426626,15.527636468567989,-14.794790550120528,1.81605587627732,7.852485673499609,-1.6906521331738396,-1.9631125089817345,-2.950887694527224,-5.184645126625856
country,country.00014.wav,650.0966008776165,570.5910072913737,0.047689557352088165,0.08704356,-289.9987798921622,232.57141927464315,-4.811645104028472,-29.410776355550592,37.636962580271394,21.801233085579167,-10.852681986805518,2.5788677599710477,8.38248870904893,-4.717064205817067,-4.737976561115024,-0.28221420855071006,-2.920333704604056
country,country.00015.wav,662.9295838525707,542.5569187268575,0.04921293443058778,0.09905628,-281.8348500309676,267.9832184961168,-13.636321885277729,-34.03371267542343,33.762533396762684,2.263184793517637,-23.230933784312896,4.071800306242842,5.294239145897394,-11.9968428356165,-8.993474098982803,-3.834563735301707,-4.015952335692254
country,country.00016.wav,584.1113894736105,483.6791237861125,0.03964745565061872,0.07771924,-329.9384487971597,240.80608627252994,6.451967321956178,-18.57027826778417,32.228847147595516,1.7140208896846991,-29.033863283200425,-11.227819847422206,-3.261889459210275,-9.392985397872842,-5.254935317429997,-3.57613807035426,-8.020001566941703
country,country.00017.wav,558.8239672913204,481.33373029843875,0.040261111513921116,0.08672432,-313.4052777034869,268.2662391392155,6.326765086175442,-29.155874817972883,31.788046408426297,11.260119544499885,-18.827932232365544,-2.114625366376038,3.469821537238867,-8.251233675755135,-5.589588841567154,-0.9843167182671779,-5.1645876746799955
country,country.00018.wav,727.363704174516,604.5504110530015,0.05601073085846868,0.09027057,-286.1539289136584,249.4948643641586,-22.58590815698427,-36.10246566086865,44.506969166114175,18.210656934446234,-17.29349029434199,4.221793825255478,8.725355097716239,-7.028342809745931,-4.280271107012511,-2.1658037223874933,-7.880759490657161
country,country.00019.wav,588.4066563965123,514.2048404893221,0.038083294059358085,0.07869898,-327.6845233579627,214.19206938781807,10.341315923267175,-26.03831907282056,25.63682760104487,19.25624484015646,-10.714506580612225,-6.542928056781414,1.9528424712794368,-3.274700368680502,-4.4456939325180915,-2.817820061436314,-5.59621686444608
country,country.00020.wav,504.7891378816729,517.888466000111,0.03152114148298531,0.098625824,-324.6268713392006,231.05570036635322,7.602633456747596,-12.337417152420294,44.79502992294438,23.590842695663607,-5.965211368509166,3.722743873120935,5.092084982009889,-2.1893461059480073,1.3129088346553393,0.7387721718165791,-5.034271124665608
country,country.00021.wav,556.1005910245308,500.2324504127507,0.037004392643078116,0.10841663,-296.7116018126343,233.74688785704052,11.502878382539809,-26.466799285346273,32.368498849385546,20.170230527973192,-19.036842929720958,-9.960384648634504,3.9260228927605736,-6.654627618776667,-9.487029265359219,-2.4640418791117926,-4.921588372530029
country,country.00022.wav,582.1804330421276,526.2593539051509,0.03974601822312452,0.07222441,-319.59644778166324,225.248015627488,6.945997127321732,-17.189704816586772,33.286820804123344,11.159408740056861,-15.517455657892352,-3.6136939795395837,-2.423741039485777,-11.184661106692001,-6.426772826655999,-1.2173722392939996,-2.2458728525653733
country,country.00023.wav,411.16119299267024,423.15648111364175,0.022057246350541376,0.03833594,-442.1052187364809,189.43388987742486,35.69065104036161,-6.31760442116469,23.818679027551536,19.6473951741533,-5.732346267376547,-4.966374403714624,3.799350715302291,-0.966720300500387,-4.964505336314396,-2.641247200050038,-3.3083013189886903
country,country.00024.wav,633.839272814162,521.6254979536405,0.052203043430974476,0.08931068,-316.22861949252774,209.72851274516532,9.384052453933464,-15.035689410930456,32.996518115295174,11.30673585356261,-18.857201741478942,-6.184399536029699,-1.1227408319621575,-12.198858161982372,-7.613790399634547,1.3609690546287625,-2.40167751721307
country,country.00025.wav,573.0813311183492,524.3988538322009,0.03654821031515854,0.07723393,-331.29546366793096,237.51260677189214,1.2104584412608694,-26.85510282744158,39.27023257296634,24.764896472648886,-11.551327951934248,-2.917611385502208,4.293444053630561,-5.685301320038485,-6.2735987861559455,-2.5075053609640756,-3.594617242193088
country,country.00026.wav,548.7403108167565,505.4610841776144,0.03884460496423047,0.09824174,-300.5762734009442,242.10403129398506,13.499548436046009,-26.7029832827047,29.98376128404324,21.604788427200265,-9.535343942219296,-1.6869378344527561,6.041228424212521,-4.0841634023557765,-4.302398310055342,2.8254445782546056,0.7488487587152179
country,country.00027.wav,759.8397277209128,600.2265621119783,0.055431439723511215,0.10727052,-257.537198271881,252.75706365130824,-30.80839030450548,-35.93596820043078,40.99670649519444,7.256202621894179,-20.53440393411856,2.2165908065198034,1.1692284836249232,-8.41751519131244,-0.693863780931856,-2.1311557854518806,-8.15632917822539
country,country.00028.wav,623.666027808235,532.0783237582928,0.04217307436678268,0.09161002,-294.5397124747803,242.85029032708172,-1.6246369950737458,-31.058765934843894,32.99483704780779,13.196397971181687,-21.65388901232333,-4.264626272110909,7.05567895888338,-6.098224135046604,-7.830841547602938,-2.2931230499540947,-5.797041760118074
country,country.00029.wav,608.7163969648469,499.0020618611109,0.04210396727571539,0.11426075,-276.6351954944512,248.02941674998775,3.681654624916254,-30.049619231497882,29.113711206585204,9.829263718192914,-21.3713434560001,-4.953320358124942,3.2012381037872495,-6.443782043212419,-3.384734574916888,-0.22502044812041985,-4.598469159377954
country,country.00030.wav,432.4194799891662,367.32420773622687,0.03452824403035576,0.07929223,-348.7381560538192,187.6474688203228,54.42222523608953,4.2116999294534265,21.277632548846345,18.54064011520144,-7.754367952670531,-14.334780105164393,-4.504707751525818,-3.21973370179314,-7.143288753952217,-6.124950816919166,-5.295660781276589
country,country.00031.wav,708.3893016911321,583.7751379596499,0.050431938200889405,0.094573975,-284.80772444439873,247.16126277497006,-21.735856499154327,-30.98829365846436,41.65998765921588,9.002947520696159,-21.756096705181633,1.1097145728150626,4.200900051688901,-6.472233113027029,0.7191506960951546,3.5142836622607088,-0.5566951189219418
country,country.00032.wav,522.4555581996486,527.5208433290027,0.032274899700309355,0.058465164,-374.2138999592473,221.22507249330414,10.83209395681707,-16.939709369875082,36.545314897746906,23.052263589954283,-3.8340297262418854,5.846909394920742,8.681443152486983,-1.215468899183079,0.970351805010908,3.722662335280998,-2.1720620002706466
country,country.00033.wav,712.7450792509817,572.2532255930872,0.055293980810131475,0.09133591,-296.78872731458415,233.29629436778114,-14.625372998633084,-29.510127154096644,34.24875264583899,11.332322266433057,-12.679640352182217,3.784276538228513,4.644158633049749,-6.534086195514722,-5.393574067118344,-2.379082519347009,-3.5821658120753725
country,country.00034.wav,760.9535669313417,612.1318653319179,0.0573260313950116,0.07061188,-302.5557871437917,224.02656917840002,-19.345274468839033,-35.578517101398766,36.95863060020527,18.06885112795299,-13.052738546539153,5.046295868138899,10.981230745257564,-1.6421967596587428,0.6901909846376655,2.9878775339341765,-4.266922558348378
country,country.00035.wav,673.313727088301,590.0117418917313,0.048393845465970614,0.09452003,-280.5134344585175,247.7332023152636,-20.487730956512223,-26.021846946123645,44.230381155644025,12.414099060805103,-14.15582638860171,2.5730717324718855,0.6100603417180985,-4.566918861228903,2.2856295178338755,-0.37028259276752934,-4.048933538616852
country,country.00036.wav,573.5705407065022,555.1340635556342,0.037200384884957464,0.021104004,-450.872528972805,193.03794899765418,6.8436090772120055,-11.16619740416419,37.93085906001639,19.561766833210473,-9.806260536297684,-1.203412152575386,4.09045605331339,-4.210416393330914,-5.305949178935037,-3.633149097293809,-4.538979023848524
country,country.00037.wav,629.9475164893992,576.1668567168832,0.04452951288186388,0.06854879,-329.1853824122545,252.8735788848393,-11.827551708404123,-27.118061694731892,46.99598884446763,17.97768965193384,-19.890789104797413,-1.002967958967998,6.8914044074145915,-4.782925877041966,-3.67143031551084,-1.4998715913458773,-4.187260790951532
country,country.00038.wav,686.6929129049241,579.6960585629207,0.053052343145785,0.08549736,-282.73385894891834,232.91785635180744,-11.260955064218432,-34.56397666096447,34.05504606574734,19.02929016147308,-10.297466046387699,3.5456093394770978,8.067831408835243,-1.335241943448576,1.9659147659904561,4.193485337088914,-0.5572201572985587
country,country.00039.wav,692.8829995200387,655.2369348034109,0.0491865000241686,0.07874308,-293.7218017001426,240.0358330847545,-28.16273712833079,-16.17141488209708,50.86546954046048,5.326382593420361,-13.541855653142731,13.151181017097816,5.109248798132045,-5.15959544421064,3.984077359742226,0.7908403563549462,-5.024741952111168
country,country.00040.wav,690.4775624260639,584.5758433755257,0.04938815678170921,0.10211713,-278.87387523837253,254.94588234131623,-23.32924233736052,-28.828809379040532,40.595420683596004,6.059182101050516,-15.104032866603353,8.464129124892448,2.7977135069476073,-9.43483368344453,-1.0529477805718612,-0.162100157725696,-6.305978811110449
country,country.00041.wav,560.7071930355525,570.1536150617426,0.03248713022041763,0.106356464,-275.77125156390684,240.28040202440778,-6.341684535103042,-16.36588284288351,46.90627535786526,17.26432698573226,-9.799738978729401,6.113384155301691,4.11670593573431,-4.573860105231489,2.6065511616792802,3.4926782192342807,-1.9718816293905572
country,country.00042.wav,601.5948662070139,573.1058112763226,0.03811388244392885,0.11303587,-280.07677734203185,257.5462948151941,-14.544763465920868,-26.827714576109074,50.61794693280191,19.42022930304564,-19.232271256450822,0.03780696615403131,4.524745924666109,-9.779499205676984,-4.493407532269112,3.0093236943632413,-1.6945515567248999
country,country.00043.wav,832.2128396138083,637.5241167065201,0.07198164394818252,0.08432783,-272.9468834296543,250.22726782478813,-36.56416524754978,-38.68649847448124,46.89508328144281,15.145133058558226,-17.52526193860151,6.148997970296886,8.341851194049429,-5.48551301777749,-0.6024442997161158,2.4083621629293868,-2.552724993297506
country,country.00044.wav,615.7795748366215,560.7211219801234,0.041841133749033255,0.10916533,-294.9006663950217,241.39292593410096,-5.660611302267964,-26.98290562128174,44.47469281209562,25.461651042962824,-12.042249495974627,-0.7842821480893076,6.190197098117731,-3.0327763852663487,0.24446685485479325,4.979646306094548,0.5339033537637998
country,country.00045.wav,819.1101500615938,621.5095763778246,0.0602870625483372,0.13131577,-233.14761101247876,236.77143364737725,-35.79107589364738,-39.21934668572576,38.657080286172,6.306348491645308,-21.528789088865185,5.122889969037005,7.641683069382578,-4.106173388528704,2.863167378445966,4.147298079365491,-1.4965361441717766
country,country.00046.wav,713.2236834281636,629.2496262444673,0.04724092771171694,0.08716787,-288.9497612853021,253.55347150475185,-32.25298333809564,-17.164594386221886,48.37703446349118,-3.0106572868269543,-19.65657576703397,6.761033030023987,-0.0479086814239524,-3.1779874905214673,3.22254456973113,-4.7535668109784375,-4.252459090434046
country,country.00047.wav,722.879436336336,588.5751056207546,0.0544590312016628,0.08306517,-296.32024114080764,231.68553372986565,-16.534911784964695,-31.91485395712941,37.58582619639999,15.242435416552672,-15.536216823911507,0.06933704828270484,3.8498461336276026,-7.033433659597498,-5.617572094586919,-3.7434109760272327,-6.260599700496601
country,country.00048.wav,559.6153069964304,497.63312965283643,0.036584463215390564,0.11439411,-284.3300660350453,231.3669659866508,9.901690643192058,-24.704190407717345,30.165169911094175,18.928823293811707,-10.361165175689198,-3.13241177827464,0.3348578824775474,-8.32139673444382,-3.376316530793423,3.3197584344253293,-3.513006513839534
country,country.00049.wav,728.8788157171635,532.3912031849497,0.05569276271268368,0.1377027,-244.44131467567198,255.3911550572354,-17.083864496010637,-43.975862255796564,27.301363354341202,6.306660401310437,-23.321897484503104,-2.125624609220614,4.507796431367661,-7.157845368486346,-2.8817431277588397,1.1965109340908273,-3.575502086828055
country,country.00050.wav,588.9859993422322,539.4092740378559,0.04210472254447022,0.105793454,-293.1463182508537,258.3668832535712,-7.400649485051384,-29.14857148058113,39.44171653592519,15.661507834952177,-12.79049944294269,6.180360136565098,8.554203824715268,-3.521934082971033,0.762789908223442,3.6536091488832483,-1.529361758080189
country,country.00051.wav,570.3116949618826,539.3396419706149,0.034446297370456305,0.08788512,-329.58546416148596,230.5491295888441,-1.7274327525878637,-24.409540247515967,38.17320342682622,17.08229460104594,-16.544982620268986,-1.876593285951602,5.083117731739286,-6.695882828051978,-5.67568288561765,-1.366500129680613,-4.490828126309204
country,country.00052.wav,422.51432552377594,449.005505204276,0.024666322264114464,0.06892185,-374.26644483442084,230.60639915037908,26.52697895400839,-17.354063129334612,29.20315607765413,26.189735980713778,0.3959781493391869,3.151959599651066,8.314000363838064,2.685667075996037,3.503038304466681,6.396986395783535,1.8469261488412376
country,country.00053.wav,656.3105283660681,576.7314200322321,0.04603174243522815,0.1256682,-256.596722661608,262.45905838676384,-21.230136310517878,-27.513682592466118,43.98494508629522,6.893234653648856,-18.51938680923589,5.737033242297061,3.468245654656961,-7.029969000198393,-0.8272968419745281,-3.1100819326853766,-6.56610310679036
country,country.00054.wav,467.8222581707535,495.28217365376094,0.029822919687741686,0.10222471,-317.05217928034045,244.1283966563363,11.863508069707255,-13.915711251702247,43.76953688531352,22.74219027959157,-8.414870553999958,3.1830727186019554,6.528101576416265,-2.8621379648633303,-0.14468558483972163,1.665667834040016,-2.7038622127512246
country,country.00055.wav,653.952883606888,561.2411364524328,0.0467473595804331,0.14937694,-241.60940459694154,269.2137770337191,-16.309784055477508,-35.911538143527714,38.7406444941895,11.736575613542325,-18.00145044671414,3.6016832757664234,6.699239248238155,-5.078887337674292,-1.470421362186879,-0.3407763019845771,-2.080600156184695
country,country.00056.wav,495.43125128933485,481.538941263017,0.03337457100734725,0.1327201,-298.83390728253755,243.70298395291834,12.233714368927666,-18.945959929213608,36.21779685883791,19.940063169684645,-8.20619829382975,3.7885044461079334,11.5739202015376,3.9148894858127656,0.2177246524693439,-0.8944054463106249,-1.0375827696466242
country,country.00057.wav,603.7517236193526,529.208743554017,0.04200540470320959,0.12511374,-276.2995245699456,245.18602713755686,-2.993610100777958,-29.871334226350296,34.09555354724817,16.529016177117903,-13.423085243281314,-1.6716185774044066,1.1020553190068525,-9.279717344129502,-6.664110171498227,-2.2471565332790786,-5.308290405147613
country,country.00058.wav,548.2725778212839,497.8751714468641,0.0384511099429621,0.15942769,-247.36268469617357,253.1266626012327,5.240188243141832,-24.539019659600527,33.091378639333506,12.57139438026392,-12.68318575210209,3.5964062775095496,6.464295007559374,-1.502786813249952,2.9118362253268484,1.419017162766868,-4.575811407770717
country,country.00059.wav,429.2877331137528,433.70421740460455,0.029551400570378965,0.14246017,-306.92083238767964,229.7565310318402,36.300520905807296,-2.896135107861811,32.76644574913876,17.737010650402723,-5.885023998430135,2.5315032700051714,5.786415961563632,-2.20092288931513,-1.5745959360210793,-0.5322577001926889,-3.389557454223231
country,country.00060.wav,415.3177198898806,461.9739083237382,0.023552300850734724,0.13917743,-297.52895221272667,234.69353115352277,23.46839009614664,-14.088873065476902,35.57843857380659,24.78872008355578,-3.532350121961522,5.105509458436716,10.748605915372341,-0.040169382878875864,-0.45532222342422113,3.907394829216095,-0.3223033485285817
country,country.00061.wav,478.2359961245204,464.0195171385635,0.03075907530935808,0.10566637,-317.440273004135,253.02293310657242,14.812073404964641,-21.20142776247911,35.18726045651918,18.768728008493515,-11.499982350524764,1.0470010834679606,6.682303031461019,-3.5972306519009485,-1.7111257260013033,1.3405162195610785,-2.6951883397710628
country,country.00062.wav,658.1688658305505,555.0276812553807,0.048804711668600155,0.124111116,-257.5828069373742,261.62580087421117,-14.694170237733632,-34.25852402870591,36.66440281515015,10.4282485201879,-16.737290336477304,4.378038848105088,6.581595154689817,-3.2725151065111735,2.007560625584575,1.756319958810743,-2.96192379764054
country,country.00063.wav,462.4852222279761,476.9410575345094,0.03042713469160866,0.12867934,-297.5012211117446,216.6163288933707,29.154896456006565,-9.157537977833977,29.92264991235033,19.4065136055671,-4.913742519365795,2.6769811952238824,7.666273672944079,-1.072209501291243,-1.4478895838806303,2.5049166757702386,1.0883461216144614
country,country.00064.wav,590.8922908061668,516.1985521878233,0.04190646449632637,0.08083715,-334.8075917520628,229.91271428219582,7.038121937235964,-24.660043071450907,32.45848920689837,17.595837444348916,-13.357004413283263,-0.9178514076004057,5.251063334639927,-6.09469102812556,-3.4386443192649185,0.6869359683267547,-6.576944342620664
country,country.00065.wav,498.2244647716416,433.928652084543,0.03305886866782676,0.109597936,-315.08199141353356,208.29191911033297,27.552436235330337,-20.014649304784115,19.66662102003464,21.221407654054342,-4.675844125078107,-6.416716245053227,0.41454247293219026,-3.6960837444577246,-6.298132033552284,-4.165358400645164,-4.776669568808791
country,country.00066.wav,812.5848830100476,599.5944546816355,0.0738109048723898,0.12590425,-237.5794443951169,254.13483990714053,-30.54832021980483,-46.51459830413133,38.45709138065387,18.98201727101755,-13.268139568775016,4.954445393033442,8.926502862509544,-2.754355066317548,0.6244721123023255,1.3469253967374213,-5.017317689590342
country,country.00067.wav,448.18286830520475,397.8269328790098,0.029056699535962877,0.055005006,-388.96450122703635,210.26303462880963,39.49431979210592,-13.28599705062278,20.208744206564347,28.009097390520164,6.794596429030708,-1.7685712805394684,-0.6443099916444515,-3.2477913578561637,-5.79606736392015,-5.705643215665113,-5.602600748928611
country,country.00068.wav,556.1673049231352,498.01923020958935,0.03952585738109049,0.082767785,-321.54972276827846,229.65631236418153,12.464786797495638,-31.943397054175524,26.186377098993226,26.270117199129583,-4.9738483713304555,0.7594834195840073,11.153641305515368,0.4808411284057721,-4.085895467400806,0.4613598405738025,-2.799232673385809
country,country.00069.wav,538.6172471441505,545.6031218199772,0.033367018319798915,0.08484935,-313.71305389798454,213.51028086661987,17.547948799277368,-15.025245972320857,33.192945428100195,21.804637087518724,-6.832959945964831,1.891895559161263,9.117749481452401,-1.0125915870226874,-2.53886964233003,1.9375518858803433,-0.6334631679338376
country,country.00070.wav,717.3613902724702,584.0873548931103,0.055898951082753286,0.13639182,-234.82136788018695,236.90464738463083,-14.71656326533978,-38.041392315937564,35.85966201293389,20.630950318196412,-13.150509961505675,1.2268691949971666,7.681402497333833,-4.025936634861372,-0.8150154925173377,3.776562017869378,-2.798877350376304
country,country.00071.wav,649.3991953668777,491.07375468043443,0.04609669554814385,0.11420329,-269.7911548036914,219.72570456573771,4.563015645772255,-38.11472567171924,16.262700020103548,14.171852069038415,-15.653956420716472,-12.79030577324216,-3.9177733575479943,-8.531762649960971,-11.051313489522895,-10.394712800484124,-10.554946412653374
country,country.00072.wav,701.0912186291932,524.8641886372424,0.055281141241299306,0.15047768,-241.0629038896993,261.74746098306423,-15.869528088300454,-42.56074379539689,28.26473382779978,9.288363631884819,-16.099310055226717,0.6845809338699773,0.43987938814263033,-7.981482621465426,-0.12535176048251248,-0.8077933394616743,-7.882107302032263
country,country.00073.wav,595.8840686322783,539.8353758238185,0.04138041980858469,0.09227293,-291.7678672950723,240.30899652456426,0.7276478654649967,-26.67114980017678,38.59611701198115,21.1593700410998,-14.13367241427441,-2.3055140720604395,4.140958771706972,-7.739367651917295,-6.501870287971554,-1.28623039812362,-4.215816083805466
country,country.00074.wav,636.6468231077594,536.2471290069444,0.045969810397331785,0.07767866,-310.6472415248509,217.62181365024304,1.7598452795936335,-29.477361317637072,27.58968774526047,19.12439495157699,-10.83935175283258,-7.216156403003386,-1.5353482078557654,-3.9141471680455764,-1.1887774833263376,-1.996089228391307,-6.317989530261464
country,country.00075.wav,711.162004751637,597.7475704514062,0.06292370577146171,0.1671621,-217.84732848557147,250.26907893018011,-15.609031188933455,-36.11643850743005,40.812979927678896,22.913131334972576,-10.06897062053837,2.97932533861663,4.582177329230628,-5.706786823961927,1.2618673247602379,4.697035129910029,-3.887402978939476
country,country.00076.wav,606.9614840201743,503.06530372858657,0.04483690726508121,0.119955584,-290.79614794200523,247.48998970957575,3.420858762443704,-29.19694679145929,27.71442267703506,13.526880279896316,-11.003528013390236,-1.1959848331867557,-0.49642036710675796,-9.386719985754914,-7.255298407749084,-3.8394837184714743,-3.5585554041592906
country,country.00077.wav,776.6230006510012,540.3796093767013,0.06682580179331013,0.12538218,-249.35923407555762,266.0263271229427,-26.017138226334435,-49.164373388897495,28.749575791155802,9.267289930037343,-15.396795667288936,6.190848523561565,7.576459965385098,-4.476278114056861,-0.18159616791006092,-0.7698958455650349,-7.107881009596906
country,country.00078.wav,537.1863351011853,487.27691341318047,0.03592549122679815,0.042009562,-368.79062344047713,198.19571012278917,25.599698408224977,-22.747205237211904,15.690549619267193,23.536178085173333,2.043731387568885,-1.3938082892732488,6.5948898892550165,5.798100576465962,1.860997737323757,2.804497587729339,4.334371105434371
country,country.00079.wav,525.6177737777948,414.64506837190146,0.03862331121906419,0.1130605,-308.1057425831423,241.71704459571595,29.63667508038598,-26.426881359890086,16.744183488534816,16.37889476095829,-11.073140303064466,-9.193161517908514,-0.35498474993666573,-6.1814337349224635,-9.191442439297859,-5.409289887264249,-6.100266137362969
country,country.00080.wav,613.8703640554918,556.1729372519613,0.04290870613399072,0.1454756,-256.22967642852,254.84182933939965,-12.560881551594099,-28.73653055594374,44.40498072513549,21.768535865342173,-8.452492969153205,4.450588155790467,3.2713862924926445,-6.437428674001088,-0.9961677961127886,0.3670563551384185,-4.949034709999459
country,country.00081.wav,681.2791237059582,595.2330448103432,0.04623830843967518,0.15761597,-226.98259149991102,247.54631675001426,-17.738319978462563,-27.974949442920963,44.75033585946916,11.193611187418849,-22.62918086360604,1.7230342036905735,7.729010177878235,-5.490517755476488,-0.8720344214537228,2.423415766992199,-3.8546642528216806
country,country.00082.wav,663.6130794600136,591.3220227028003,0.043730060904872387,0.15618578,-235.1760423029267,256.8988786342683,-19.94777517466418,-25.985929796207117,46.78837474463529,8.466591615554954,-22.528598666236427,2.865427568352697,4.997405647701611,-7.097641572336661,-0.5120519745408088,0.7322706905529603,-5.520592010517791
country,country.00083.wav,585.4546745897032,537.296053614833,0.03720944811001547,0.12733103,-270.08402351055156,246.28090441995548,1.2459243313854131,-25.11757114473188,39.103531382335525,16.1254156728127,-18.448929805283296,0.3348441269992484,9.097287958781992,-4.152753434721879,-1.2334647670139913,4.66960737609079,-1.49708445680414
country,country.00084.wav,670.4194729723176,587.3480302119651,0.045807427615042536,0.17058621,-225.8862824517497,239.24796616340416,-14.57551895710935,-24.909490890426575,43.985273912816005,10.446614835105684,-22.844107793137415,0.046759116053335985,3.9764133661590977,-9.593609454790787,-3.612101709518078,0.26656907955331965,-4.966357595579334
country,country.00085.wav,603.0031693830032,564.5105347131149,0.040980127368522815,0.12919167,-276.110459763236,238.73479971016414,-3.232303500898835,-23.79525180468571,42.97165698084731,21.837018119766665,-11.287915131815765,4.435577579812674,11.021446192272933,-0.7680068648477899,1.2411490130444003,5.826293740789569,1.1299295252714483
country,country.00086.wav,598.1837413570506,569.2503472031896,0.039657274144431556,0.12783587,-270.02668512645994,245.50866964819218,-7.683998164135082,-20.88456280294906,46.26932167492788,14.906999699095406,-18.06852772310192,2.5531555328487867,7.371037559442261,-4.755723949492574,-1.0456357719637919,1.1213593769973798,-4.544496312662767
country,country.00087.wav,639.4061175067288,559.8715971257035,0.042210837804524365,0.103585206,-291.7180043603704,229.8704301608718,-3.9847942902213043,-28.62489699281057,34.367503751901324,16.008482160420225,-16.914789779483943,-2.9252341941958293,6.549818071468832,-2.958596297957237,-4.841564861534629,-3.3529918065295705,-4.681306237255875
country,country.00088.wav,562.7668958881571,539.4619363409646,0.037550451952822896,0.14801908,-252.95504914946832,239.0409285576674,3.8466045626169127,-19.208442649311547,42.10619555142984,18.606879851236446,-14.16951089513112,2.7083701688890347,8.950311000774537,-3.103905286705691,-0.086344813493923,3.495637361943814,-2.3770598466134194
country,country.00089.wav,540.9035184508134,513.2992121733621,0.03363060711523588,0.10219747,-310.7424869153727,229.84927320053842,10.427648234173516,-23.94742261998921,33.743223552772534,23.01425609138912,-9.856387220934092,-0.9234877745054751,8.09143445437814,-1.3706102860664755,-1.1856727956419535,5.109086300798051,2.581359285760958
country,country.00090.wav,684.7280571494259,611.5294050026538,0.0486019220079273,0.13767362,-237.96872514878947,247.11799823636056,-19.747338766018405,-27.202967079510803,46.797437899139865,12.087728612745286,-21.175394316872246,3.6411879852120235,8.592135169763147,-4.094942550272218,1.3809952387778948,3.2016304278602847,-4.458198764864145
country,country.00091.wav,597.1854905834555,550.1892287058087,0.03585034198569219,0.086133696,-307.6882305274021,221.81126937721527,0.5344673981943774,-23.89034256444091,34.23495009891655,16.539957832411506,-13.168657560119122,0.7193853732005914,6.311471222115979,-5.908217844331144,-4.150457203499891,2.5456923386851735,-0.7819825147037138
country,country.00092.wav,665.8936170553227,617.4491760825376,0.04707136987625677,0.16021866,-225.703562830215,260.4561761215264,-27.2641660356373,-19.22049554850985,52.7754369848,5.516193299708222,-20.54856394286452,3.6012843841462208,0.17285524002947653,-5.948497440653075,2.4477058114130297,-0.7120526200746844,-4.447593687082175
country,country.00093.wav,626.0185255756614,515.8264657837683,0.040791687814191804,0.08925737,-324.627351090351,210.07832082398303,1.21121282146906,-24.775070221313488,26.50712861657115,8.57215480655944,-18.104735031936123,-4.563982957285391,-0.7646249159935776,-11.732833280464146,-8.590728928426625,-4.147994258499571,-7.809537186482221
country,country.00094.wav,565.4277283824218,552.0960491370902,0.03676383954466357,0.20066117,-234.1685545078775,249.5176319401265,-4.098382170487621,-22.535915725648668,46.37725379025245,19.34335940207902,-15.28733193992794,3.4920361972150107,7.68826406838295,-6.84100975664725,-3.0333910728499225,1.0916117725754828,-5.01739889757519
country,country.00095.wav,604.5245315795681,556.2836521806357,0.037279688104215,0.16850907,-239.01016717030882,223.41142602016097,-1.0610091241651431,-23.51677205284146,37.63952929891528,18.767550798844212,-13.095686461189866,0.5493670930962744,5.626828589318222,-7.211324476019877,-4.310555540865055,3.3556135921720145,-1.010259918819142
country,country.00096.wav,691.718467215019,608.617401206312,0.05598542935518175,0.20274703,-214.4382423564149,254.00528538375747,-22.70721055266005,-29.302303524598088,50.44086362663472,19.07294945542679,-13.32290361464723,8.785788504411542,8.65994446017953,-6.004149105256406,0.8204825244936069,2.955100232281543,-4.938551160021237
country,country.00097.wav,564.5811766857126,571.9909246921509,0.03403769697409126,0.14525668,-271.80726083176205,233.62853200950605,-2.460228583075609,-17.6724298967051,46.9261974822708,20.69428889270405,-12.974215013661306,3.4935160147657904,8.19977062441758,-4.901302397912691,-1.4939011000510283,5.229839618050516,0.9188120122971584
country,country.00098.wav,589.900583113415,525.0292397530142,0.0399427657337587,0.17194153,-255.69853859326534,226.69081352754037,2.354696580051087,-23.391231628147338,36.83760517831516,19.48833309196001,-13.357573408657583,-2.8684426089651316,0.11458571991943263,-11.493534628561605,-5.562754204692257,1.7835762503238155,-4.622083357241026
country,country.00099.wav,701.579668858218,596.1835010331147,0.05000596662316319,0.20547011,-201.7806701293902,253.80356992356602,-23.714844829096503,-32.088004731249534,42.101097334336494,10.726290389978683,-16.78272056588988,5.01168807352804,4.948512831042223,-6.167245625817314,-0.8673673460732814,-0.05886252539970034,-3.2381238077453314
disco,disco.00000.wav,624.6795841988708,548.9490591799862,0.042105417589560865,0.1355284,-264.50111149073405,240.59431297626207,-2.8218999691913624,-32.35834236651348,35.677855869391635,22.749828518794637,-10.591180183668598,2.0897135269670932,9.796649160972647,-3.4983644988212874,-6.409955488296177,-2.561453909201692,-3.2102684715851804
disco,disco.00001.wav,853.0503408738356,659.7735422129809,0.06899766585061444,0.14997587,-226.9900042683403,247.93799698530037,-41.78428219590588,-34.989275188747264,50.79871635413567,19.256486043421923,-8.181443152897867,10.054599263985097,8.440071247027703,1.6998663458201975,4.37526722432762,-0.6932942946270062,-2.9569861317547455
disco,disco.00002.wav,655.8747442872109,597.4114166603138,0.04127279401102088,0.1502418,-235.56689095860784,238.49242417298794,-14.848078457818477,-28.91218158031075,40.95669515483351,15.09246052979713,-16.055446269798345,1.26762872069023,5.050187654012983,-2.9060855904321463,1.379972169375062,-0.922367918809599,-5.956312114542964
disco,disco.00003.wav,618.3936110739669,643.9102943614442,0.03665551664272031,0.17450674,-235.49532178442584,239.7729046214897,-24.84548050072254,-16.579562138993566,58.72954155748908,21.495834165672154,-5.601317220724388,15.12304719012431,11.647465571360396,0.46354312158381306,5.088953371494677,5.113965510417089,2.5912103709595877
disco,disco.00004.wav,780.0798642189226,569.7502154425845,0.06343728852474864,0.10606736,-265.3323196263518,243.54535919130043,-24.957049564335374,-45.44088955474217,31.382604896966875,14.868219702957203,-13.815230341544824,2.8100700453144185,6.39621480766493,-3.3858015323340127,1.4586728607718031,4.063499466045063,-1.147147882486808
disco,disco.00005.wav,750.0920559630845,636.9105832711688,0.05272427262931034,0.1829019,-210.787114586411,255.38329392479247,-37.916623448165794,-29.215999939684377,45.48102041095396,7.312763280996607,-8.182961374192047,14.285754369964005,6.286113800941705,2.397739344591352,7.684578718816134,-1.4803272869301154,-1.5055680276023053
disco,disco.00006.wav,806.9969923554329,639.6561124526933,0.05915642522235112,0.1690582,-209.05882005162988,255.18432123580612,-45.59887956158843,-34.595973881446994,45.478119302296385,9.830773545168848,-6.367542848241911,12.647028663113963,2.1034114166176616,-1.4091416985054717,5.498571869956343,-2.5453510823168704,-3.5920837622520865
disco,disco.00007.wav,731.8836387583489,640.6415434381435,0.04766274531129157,0.14341213,-234.2800539564333,231.40007523647117,-27.7465073157762,-29.4201207787599,46.97814257310338,18.658914243760428,-11.224050379775356,5.54811262405126,5.576147341401885,-3.250605002741873,1.3988558312614872,1.5397646911059004,-0.7718838518327121
disco,disco.00008.wav,884.4857062729398,669.1248388335193,0.07206264434180139,0.16117595,-206.97894750635112,232.2006996773763,-42.68545666874287,-33.38994091966216,49.068215168427805,12.74283904875691,-14.830458953742209,9.837174875132826,8.256218797372435,-4.040256954334188,-0.03791881098234628,-0.8074310322722814,-1.1483220196115347
disco,disco.00009.wav,841.6448574041343,672.1559766307861,0.06402866395978345,0.09537484,-264.8182779418633,256.5458638769174,-47.93929047178964,-30.395628970090087,53.061960124281576,5.762879267424692,-17.551305781114845,11.896963100223068,5.795138806045037,-8.350600037861586,-3.477880841866526,-3.01411447152946,-3.989494603848038
disco,disco.00010.wav,789.3387103709273,662.6274235011421,0.05933353574535963,0.20743617,-196.1944875094559,246.35538909848626,-43.04937710134883,-33.44576127437529,52.26075020871503,16.29340017786997,-9.50795835719766,13.79423307850758,8.9460658410872,0.2198712162563083,8.819000259266986,3.5796451748523337,-2.948345772187047
disco,disco.00011.wav,688.155134234633,594.6375991259372,0.0446016410479505,0.17735876,-234.85202733900223,255.2646170020246,-29.220068122207365,-37.19035488912091,41.43584351512751,13.935574401120824,-10.240793170248697,12.676225687614172,11.42874417856331,-1.2077803090056571,-0.1763965060212815,-4.801784592904093,-7.061424777794461
disco,disco.00012.wav,770.9859726475935,662.0295272569174,0.054283613040123455,0.1578501,-233.01516027391156,237.85777573684044,-36.375395600279944,-32.7991635217332,50.94179163087053,19.06217124415568,-11.729166872441281,10.894412865456898,12.934962865812636,1.5372603382435035,4.695735061008109,3.4625588675387657,-0.7247432277246287
disco,disco.00013.wav,622.3159226222263,576.1375670983912,0.04151901162509668,0.15593298,-233.71446177606157,248.01932527597808,-10.352221273526414,-21.231894221387435,41.000149344686406,6.161461313072107,-18.049758513680295,6.775116425898147,7.894459935214737,-2.5215399366373714,1.9204922919912877,-0.36310818411155765,-5.049921287540921
disco,disco.00014.wav,733.6051441459693,633.0140673172638,0.04994300865905573,0.15527722,-223.9546807054547,259.48724524571895,-35.67168677347762,-32.06850630503131,44.15709229431365,6.9449218428411505,-13.37791685056748,10.651033746342916,7.255221722074741,-0.7656313451538104,2.1962156754014726,-2.289773657752096,-2.771517971997059
disco,disco.00015.wav,617.4879595741588,505.25225082513344,0.04574322977088167,0.20885791,-204.8114322548012,255.63563626795747,3.4449474088569203,-36.051105839412294,23.058732641591188,11.789977129355519,-12.787748355209754,-0.6796535078122884,1.6112593334593461,-7.058647038589697,-2.7396062988629413,-0.4117818444867483,-4.95251156857919
disco,disco.00016.wav,671.9391896556806,619.4039606882193,0.0447059835967433,0.19085565,-217.0773209912318,259.97035679653186,-26.27879151151342,-25.72604369746478,48.08276189215095,8.679682727703042,-14.752028667373105,11.413131256886246,8.087694242748425,-2.2973705673851232,4.945488944894352,4.150771637202497,1.867883868163145
disco,disco.00017.wav,687.3574168467277,558.059527275569,0.051431158763534414,0.10979978,-253.89001698889152,239.92560243607085,-9.334615226895929,-33.910423438550744,31.3128532971967,10.9855121183608,-18.88894446907107,-3.177480733630805,0.35515879388087124,-10.041942279438086,-5.4990860615924815,-2.6481312559020758,-6.364603195196592
disco,disco.00018.wav,774.423385552516,583.3173775614661,0.06369294699825986,0.12799612,-249.66312519191,245.8432043057056,-18.62457837468207,-43.20205730486041,31.915982006083464,20.13663417784175,-10.181106799548687,-0.584252035416118,4.78909218371242,0.23221878607549443,1.8307726619097382,1.7275484755119035,0.9631831912512168
disco,disco.00019.wav,799.0199178576053,623.9130167367331,0.0610283588312065,0.13429417,-236.6451272493236,239.9314797012541,-32.2035184946633,-40.31013256724116,47.88762989184517,25.00785751650743,-13.536168119349027,5.8826117498508905,15.004425826131817,1.9526295694753981,1.0789237196518617,2.4501785393282183,-1.6658500126331734
disco,disco.00020.wav,695.8339298844043,574.694119274288,0.050909268053944315,0.11679121,-268.22997715218895,259.7445320310226,-19.872791222368797,-34.76040262657261,39.477875778905904,12.236401162517323,-15.282347784984728,5.766550418529799,5.968894401026077,-7.953824072973442,-5.31823488355276,-1.7666046091152119,-0.6150470921351021
disco,disco.00021.wav,578.0283263181799,522.2354599876478,0.037844629132830626,0.10584676,-284.11481981163826,236.65998179804615,1.7376823143097146,-28.275813197249857,33.08183049220109,17.920858630831372,-12.638010331891872,1.7323777999806154,9.832925696724795,-1.608779704711218,-2.2604713560988547,1.6157601910206754,-1.352804281167503
disco,disco.00022.wav,613.0664152002677,589.2468017195065,0.038120302228344935,0.12531687,-248.88142329962923,219.7334087508215,-5.336052848053471,-19.57446802788663,38.65327580810879,14.292842317111402,-10.787869265878028,5.575848684096265,5.292678635057786,-5.232593484205031,-0.002584646835065119,0.8370352835028063,-5.259755559553688
disco,disco.00023.wav,724.956759929339,603.2723950360405,0.04650000906322506,0.15942392,-219.90437418733845,244.99206940669762,-27.561593826950034,-33.25325554569901,39.526751053645235,7.4951878423600995,-18.661608316667593,3.457317139335234,4.505736906494914,-5.162508369796623,-2.882458625637322,-4.562160738742322,-4.356661438298051
disco,disco.00024.wav,836.7057959752765,601.2202712825144,0.06479450647718484,0.13384949,-229.20563124743512,235.98975585301957,-33.63803664714207,-48.96662973467702,32.38054092003307,14.576832455522506,-15.410018430965808,3.5247427499635604,8.952964725041213,-2.7116277730105693,-3.621134474881183,-5.373476914408218,-6.8356463838276165
disco,disco.00025.wav,746.2250363048626,560.3248233654693,0.05220757504350348,0.10291515,-273.06790228555127,229.59052098109024,-18.80890371311541,-43.4307925651992,25.81836539002186,10.222963252310874,-19.31421723768191,-2.535693669777716,4.753641543962085,-6.1033720329337955,-5.147690937036479,-2.199730823513467,-5.274421566242172
disco,disco.00026.wav,670.3238972594571,591.2659138473991,0.04525645905839134,0.13235204,-246.87400508730784,241.2763215813247,-14.956993142851111,-29.014530403467557,41.736738556228055,15.49295812675365,-15.030806812301318,5.29730337972295,9.809288172610163,-2.840569361231643,-1.5367240355310259,0.1456282989955363,-1.915959365561218
disco,disco.00027.wav,527.7106734827629,552.4337000893877,0.02831427034996133,0.109151006,-310.9748861440698,210.41169576439998,3.5813326848916405,-12.71643017953807,47.361792259700394,28.984604368197264,-4.138005507734077,6.536656516636897,13.361124754748754,3.4888105469650554,3.4752171713208657,7.450299716769601,4.9330711742657165
disco,disco.00028.wav,763.719510011565,639.6469593650985,0.05260031479601701,0.15000096,-213.073770986531,245.80424865861067,-32.46708160589254,-35.258288402744206,47.58819410071228,18.16260018094262,-11.911433685924779,8.553682728243304,6.945374346552882,-3.571989469387715,3.917779934658282,0.9977787112937276,-6.383465810072494
disco,disco.00029.wav,813.1754429461419,596.3799759303324,0.06142336438998453,0.13647272,-238.9839215269387,244.64648549893911,-34.699869931999174,-47.95179849993511,35.21944713638927,17.368626822546304,-10.410708668084618,6.454548471886381,7.279774320153127,-3.6174314396206837,-0.2810126295572888,0.04838983072267206,-5.23898845488146
disco,disco.00030.wav,700.1188329779017,613.1160810500193,0.047215626208430006,0.15706766,-219.3349921029565,238.85611842609302,-22.633617445754318,-33.346096159598645,42.86210670415133,18.566784202052308,-11.676068238764406,6.373826382344068,7.089416654813608,-4.465579009154969,1.2309856772026726,2.419415144435675,-3.8926354064553768
disco,disco.00031.wav,841.9108468182893,636.0729607098792,0.0672529062741686,0.10015388,-249.34197657686977,236.88455477347935,-34.330394111666756,-39.412352522407865,41.291186089795836,15.774076285605911,-15.179176336570562,1.8508936882458342,4.473939344151514,-4.68705698606962,-3.0376207013250895,-3.409386904627025,-4.2134409148472205
disco,disco.00032.wav,881.8923380010771,605.1465629883705,0.0737372661687935,0.102909096,-268.4170864590886,222.55644171985264,-29.167200536722422,-46.66339697530894,35.9657730108436,23.401640292609915,-14.672085631988152,-3.0735649528755857,6.26716512609373,-2.5184466343593908,-0.992693367408912,1.1885999590092722,-4.81282188559002
disco,disco.00033.wav,704.6630720793656,622.3170189722906,0.051677754011987626,0.1425077,-241.07785139429478,263.77158851807974,-31.94360403990275,-26.314912309669335,49.49342529423374,7.468474649717128,-14.342138306020942,11.608358566548612,7.1570446393311515,0.25932147437679415,8.770980453520295,5.308819646784122,2.1171287630301703
disco,disco.00034.wav,740.8033047109589,588.4859119321637,0.055766779050657383,0.10973068,-257.846337477667,243.8988811787385,-20.051103078227825,-35.43177219921334,38.87576287418455,15.048666793060395,-16.35837995050094,1.2729587762693917,4.2317162699676105,-7.214160962926721,-3.966535767839774,-2.9342817064797484,-7.363484080274506
disco,disco.00035.wav,734.9738595732882,603.0607092294537,0.05455268452726218,0.13819043,-231.66835675232124,233.4255047633705,-21.010422628366037,-36.13360102248512,37.62025880554624,17.912249818898598,-11.36031638939436,3.380538342479159,3.783918798900241,-4.88583672814739,2.18874457972228,1.242691378319818,-7.406170512262668
disco,disco.00036.wav,745.316711984723,633.2908786730738,0.05271360510924207,0.15303515,-220.62675096832706,253.450866611932,-29.935862308924193,-35.44420337418408,44.215314578363,14.665910558506488,-13.041207423748553,8.439313721801975,9.455422436571624,0.617610453868162,4.902831960275577,1.3653148988881576,-3.951353249155433
disco,disco.00037.wav,783.0729290681451,652.7139071568895,0.05775351351024749,0.14232467,-211.7123011530613,235.31061312500103,-29.30091073017867,-33.75743778099848,46.67989571598265,19.266473516357838,-11.912656450216813,8.272185887684026,8.084279581030614,-3.776804535337139,4.094210493393754,4.177829273461305,-3.7961795468306163
disco,disco.00038.wav,843.8484926275945,615.1516178027905,0.06605316185711524,0.10064853,-267.83127194597955,240.42653460169663,-42.148435966275535,-38.052736656069,42.58869520288291,11.416777324402233,-10.165169155231267,9.02219708138658,-1.0057564596005986,-8.933556648707762,3.2825765314277904,0.1288723963692006,-6.2092041156311994
disco,disco.00039.wav,703.8352270945749,582.9015743790899,0.05743818880510441,0.116830505,-271.30005007932107,245.43967441800777,-16.83956274908403,-30.493492329500924,37.38013142311029,11.850138334769719,-9.86841632514692,12.205308139604606,11.64384082326628,-0.3310109574916816,1.743223803516734,-1.80255556261035,-5.754165959109344
disco,disco.00040.wav,742.2367894693551,602.7049725568763,0.057184040869102865,0.13515832,-236.13405151063967,228.15865283192832,-16.20310213872175,-37.499073496833596,34.784848736170716,22.573231101543502,-7.973134788902347,3.174110639366645,8.361686588361378,0.28809258254093467,2.5617057712805638,3.8670828773687016,-1.487398151197656
disco,disco.00041.wav,501.18674090066605,460.42599993356464,0.032107230036736274,0.17291994,-248.07724188215906,233.011602297989,24.562773484416635,-18.811158177141166,26.319012667760354,14.747513058522488,-14.83440165629364,-4.802231954315872,4.964979245499832,-4.24930423695125,-5.039719252423856,-0.4095722336882356,-3.960542424438085
disco,disco.00042.wav,808.454996004446,598.4102341768455,0.06325564638921113,0.12327467,-236.93827692720984,259.9588490481917,-37.32118275991575,-43.86923895318952,38.263553026687866,7.613934244396349,-17.0959966552722,8.715456285368917,7.223568517006537,-4.746775716026856,1.4025654687256726,0.6208252646814083,-1.8284511808385928
disco,disco.00043.wav,655.1893407237633,592.2847767329017,0.04634442369972931,0.15896131,-234.89796715118308,243.83217787675332,-15.793891251678339,-30.299428564361566,40.55200623637533,20.33315249839744,-8.099997114816864,3.180618322825464,7.350418129119089,3.984583491467092,4.847270519759902,3.242794802440246,2.7435740260168062
disco,disco.00044.wav,816.3950942426768,584.1039098861767,0.06305889887857695,0.13814387,-234.5586345307311,253.72106600543444,-33.75283373062989,-45.87579820489131,35.601370829591126,10.559765971003316,-17.599376623403398,3.2343797698731165,3.8824189024134697,-6.194069445247398,-0.28319647512344315,-1.7890639022254529,-7.606696242744092
disco,disco.00045.wav,720.3956372653315,568.544780992965,0.05553075756477185,0.12855136,-238.20393525516263,254.3687928742692,-18.918612641202284,-40.40240560929813,36.15337345292852,17.42427581198469,-12.066675297319494,4.534258297628082,5.122501096939434,-7.586364052198598,-3.1095790904455387,-0.7364260507355166,-4.412808191950188
disco,disco.00046.wav,724.8874763440871,574.8540040414114,0.05925347725734725,0.105151676,-274.07856249374856,237.4517151108262,-14.164275563293016,-38.220435703994475,32.27618574230567,18.108813559541865,-10.190832711591794,4.718470891755375,9.322649913547384,-1.202629895654079,0.46336115522955096,1.1344405070775712,-4.852997331146552
disco,disco.00047.wav,801.60232657131,531.8726567214411,0.05922251123839907,0.04301361,-371.7303153270964,191.31352664902954,-6.28117967351044,-36.8687796122231,15.588361965852167,5.71843357013575,-24.206386286665495,-12.812453492295989,1.5850035541647003,-6.994996973580233,-13.81137707135642,-9.089999613321353,-4.90430509139541
disco,disco.00048.wav,839.2083210837701,682.492149326412,0.06156195620649652,0.09500285,-263.02895287523455,225.1419136619801,-37.24232994786756,-26.705800649640267,50.04201859649065,12.630219595332724,-11.077689983608348,14.432784900222982,8.33902363704679,-4.833340914155363,5.2146325752902465,5.315615826078085,-2.242869190511254
disco,disco.00049.wav,749.5339276858116,589.9372840811237,0.05644010114559165,0.19034392,-203.97528773909806,245.1533586711059,-23.1154169606714,-37.51935215221251,37.73263369118587,15.424803418731527,-13.86369369654741,2.5608433782701514,5.39164934108551,-3.148462749380669,-0.5335047400249255,-1.5291747661624966,-4.432516191853413
disco,disco.00050.wav,805.9399835970625,612.6592800245897,0.06354340378480279,0.14549738,-220.7006450125158,266.93155617520415,-39.67706099928874,-44.3352972136269,44.30202045648748,15.357154787836217,-12.939841764427094,8.632631498317993,6.592718184278084,-3.4669467139899384,4.104655116747417,3.850071611294642,-0.14531487384058303
disco,disco.00051.wav,835.6734432136587,624.0951772862641,0.06709958671693736,0.09323538,-258.1124299047137,261.17709819164776,-44.00227803676695,-42.03362507675572,43.61504447863507,11.081079045434159,-12.718736309307191,9.73629435444307,5.619324757468442,-2.7117083814664773,4.790909733724656,2.992959706568103,-0.030752278042986844
disco,disco.00052.wav,948.7940192647759,652.9097322233046,0.0821165953692962,0.1030368,-247.3456339144401,257.9323126923051,-56.599904481008316,-42.62444680715086,46.360533771060055,1.3683970437623028,-23.913262671688983,7.494077756693772,4.363899888442799,-8.421124967245621,-1.9110125352658518,-2.0192380306946185,-3.867312348762473
disco,disco.00053.wav,508.7053113062895,536.2924186859417,0.02990335581013148,0.15947673,-257.7734324913399,211.29433553847485,5.537686291111654,-14.715014316854953,40.93407505094105,26.05212637427323,-0.7124811026725828,7.6381506385670415,8.574789442686477,0.38313343540761924,4.052676685034263,5.80336766350062,0.6741541134459911
disco,disco.00054.wav,554.4046225652751,548.3768717358294,0.03467627670630317,0.04896884,-369.4070336307767,209.49213331409675,8.773836497078177,-9.685092825131962,36.53956803366195,12.185561937738795,-10.539506069577074,8.036188219487155,11.331762444197961,-3.3664287701535884,-5.60368776091603,-2.391096960987437,-2.8191793236961624
disco,disco.00055.wav,689.4234475871548,638.0415637904541,0.0489221559599768,0.11152971,-255.70512318169324,245.90408267515465,-25.80204121546553,-29.028566060550826,48.538129332673854,18.70468435259745,-9.50262625108086,10.377089132269836,9.721676093544865,-0.5863603941320534,4.035606235902561,2.980859687926714,-0.8507782805098231
disco,disco.00056.wav,603.8614119948128,553.9167178859021,0.042901908715197216,0.07400513,-320.0844718712393,247.26159369117718,-1.180275859038383,-29.585046109674135,37.48666978847153,21.644359108844952,-10.799731132442153,2.0509990124034223,8.488315637256349,-1.5196868075361185,-1.5856744779228686,-1.2160680449020207,-4.964840844482315
disco,disco.00057.wav,739.0474164176879,544.3354286319012,0.05970399506960557,0.07344357,-302.4153090511189,269.90770922798526,-23.7835063707515,-48.22241238762996,31.192102247059996,11.685114048523095,-16.396841373982646,3.315569334729726,6.198151540939943,-3.770078996441679,0.9837121092654725,0.30522716482554435,-5.258074399730037
disco,disco.00058.wav,664.6362826173971,586.8943179119261,0.047689557352088165,0.113778,-263.5544341626702,245.91798794178735,-14.726919674750024,-28.84119908742191,41.7908933270592,15.206099078025101,-14.490488321769206,5.135900090768137,8.204016820446682,-3.654949128687058,-0.2365814581064348,1.7156662823980902,-2.7949209671693405
disco,disco.00059.wav,752.0170694722643,559.2638926925226,0.05640158243909513,0.110452294,-260.6574620943936,247.01705577773544,-19.23587517743637,-44.95547794809471,27.746907319397963,13.415656422680426,-13.292764301490886,2.389352407746845,6.345533325423583,-1.677269339619873,2.527211036472044,3.9640560520439387,1.55938993064468
disco,disco.00060.wav,659.2618390576299,596.4250847730249,0.04553628613205723,0.10843332,-273.7263734273139,256.82281398420633,-19.678027921554,-30.056918585662704,47.947040260862444,20.632542646149805,-10.997720457379797,6.263377691573144,7.055949419335321,-3.065597706452243,0.9015307498019769,0.36662974219051914,-3.394489124913217
disco,disco.00061.wav,675.133141290319,534.9834121137721,0.055889132588940446,0.17551032,-234.4313308992243,218.29785354648413,-0.6024393169717627,-31.556797393673236,24.83377874381873,13.568910164393468,-12.741221152547796,0.39453165465437456,7.903889452250319,-1.3486177405255049,-1.2859438969102115,1.942784462779676,-0.038188599216962965
disco,disco.00062.wav,758.6387945996271,630.4714278617348,0.05716591441898685,0.13616532,-241.23955591413477,200.38992555460928,-19.260540480730192,-31.14409911174623,38.17450688126021,23.472715922143994,-5.4363439221756344,8.60767047991055,13.906288487077836,2.888467422977045,2.445693937956443,3.352821971959298,-0.21485789163350372
disco,disco.00063.wav,520.2504701957236,606.4867373380484,0.028190028639791184,0.28413513,-207.32941969995642,215.13560165301635,-6.9781520304835105,-18.948454894486936,48.59157158156736,28.857318428409005,-3.631575608432206,9.436088082122856,13.602265568050028,3.014557434426662,5.913599007628903,8.842411963037428,4.654110407547915
disco,disco.00064.wav,527.4190794123849,541.06644576048,0.027269733662026296,0.08843306,-326.27310501861876,219.91158905621265,8.47957607373241,-20.524943689804672,34.86284493844047,22.94691905495363,-6.172084928240629,5.289621647842002,16.296049273797628,8.221189258992847,4.670218221012075,7.968088164902099,6.081071009497028
disco,disco.00065.wav,530.8042282719655,571.561719291108,0.03201961886117556,0.17698109,-233.75829293382577,218.99037568431118,4.552522691383379,-17.24429275675334,44.02793380326385,29.045479812221984,-3.8790378470355535,5.42484231114298,12.050557406427288,2.6405497409536087,2.6911127123480214,6.225148434813942,2.9461356959005642
disco,disco.00066.wav,766.7128062569948,610.014018583452,0.059347508217324055,0.15139538,-223.92769064217478,252.39899802250102,-28.57274202612108,-36.49975126946062,40.275379920713306,13.768544330730668,-10.799889974076715,8.459684547489264,7.217002494972175,-2.521962341039807,0.6764409988627058,0.16030142763886693,-1.2666897505315589
disco,disco.00067.wav,796.414956115233,600.3681699411422,0.06204344003770302,0.08159702,-274.6788856607517,252.9036669426364,-32.304615303882315,-39.35809994627319,36.99906527832242,6.0697942148445145,-17.30450111631704,7.430454115220372,5.9023241529633115,-4.507719163152958,1.8535782260428866,-0.3905100376408249,-4.799962446023917
disco,disco.00068.wav,705.8283524576697,614.0754530239955,0.05041418938515081,0.09497852,-266.89930783957374,243.19864481289673,-20.98075674188617,-28.601561885416405,42.95660177915033,11.415429827834183,-15.539433048906334,7.603422187107681,7.172964327517617,-4.8780575941225495,1.377350841095915,0.9994716234834073,-4.753967224572403
disco,disco.00069.wav,602.7007383966284,551.7361358580068,0.041941584493426144,0.1083146,-270.58216756262993,254.48235575925617,-5.579422203496687,-35.96078762198417,34.946909262721285,16.569658256447582,-20.81861805043537,-4.635624020566695,8.157430351413602,-0.4824418980779764,1.817227679253991,7.212251563674076,1.9040556236715518
disco,disco.00070.wav,781.5657389757246,610.2452491499743,0.061734535116976026,0.10159797,-251.59705641475853,257.07888149641735,-32.759285243193716,-41.203340504079605,42.360430126162946,15.507133604024,-13.616665086233303,7.101693153350218,6.709065311224975,-4.13651158843525,2.6801965601702085,3.4379591163150947,-1.0125899211639773
disco,disco.00071.wav,743.3993442343931,616.2218988713395,0.0547547189191802,0.08727124,-273.3231503858384,237.72377615968645,-23.567983656071398,-30.611264845569334,41.243821717587466,10.729252613380664,-15.544242941008843,8.910945400586742,10.39192124647643,-1.5590317356495502,3.7305241244971556,3.589214961002899,-1.863652513608448
disco,disco.00072.wav,854.972340720244,637.842425983276,0.06770115828016242,0.07137389,-295.77594314558826,223.266484039937,-39.01414779638613,-38.90365094850699,37.845189067879865,10.318685384198952,-15.312487389078315,4.21101676841275,5.120724936207211,-2.4351681995066636,2.109776896854281,2.0936280887742758,1.294720406660611
disco,disco.00073.wav,818.1755160431923,627.0276578654054,0.06671062330819799,0.08401528,-266.10007744251334,243.4768521334437,-33.89621793988365,-37.62339145948552,41.4189089789321,10.156124781812755,-17.905138356326646,5.521504327036401,5.166795799040655,-6.8368917421117965,0.6735254409936322,2.6922754519826197,-2.7168974511941717
disco,disco.00074.wav,817.2518248783942,600.6273191541322,0.06441687209976799,0.15857193,-210.62226904517917,246.69275966351387,-33.507846134674715,-40.792612193489745,37.693815455165414,7.170714755087855,-21.009122670322494,3.97172282934178,6.870709268038058,-4.467281033752714,0.46619845929961273,0.596839415367443,-4.2996775377826415
disco,disco.00075.wav,701.5527074312898,615.1372708361217,0.046888594837587005,0.10231043,-269.0669177095995,254.66355995880068,-27.177198419816342,-34.67128867365373,44.18560792147725,14.906789661526446,-12.693522924637017,10.565390354004691,10.998335741224555,-2.331753819176486,1.6437527418603852,1.6206979066150327,-4.135620408637038
disco,disco.00076.wav,829.2894046383382,568.3001639507852,0.06586547757153906,0.11554001,-256.1614443472049,252.10902514883924,-37.75643197385874,-47.82814062576292,30.387964820305942,0.42701535109663447,-24.993915229452643,1.4671397345511297,4.750721057548354,-5.0852495042846675,-0.7587871783195334,-2.5780850981946197,-6.1950086320669095
disco,disco.00077.wav,703.8363328685696,621.9162526804486,0.05194927312935035,0.1881484,-210.18009708142566,238.6251020789858,-17.704287575947454,-27.498339138976284,44.530105827227025,12.329412743309238,-19.16650824259128,8.706532854830169,13.001063952501655,-7.553406046430304,-4.7078533390894055,2.9891126786148727,-2.258555072959544
disco,disco.00078.wav,694.0750321559057,566.0443362483235,0.050947409126063416,0.065718085,-326.44974507777647,235.06763553844667,-14.56957804596654,-37.80319462374212,31.448404575581836,14.9142905290191,-13.438107680739213,3.1421414215683265,7.637888449308475,-2.9995068040242003,0.04883072854398282,1.4588749254302034,-3.343151581113597
disco,disco.00079.wav,631.340297201462,580.6512810824926,0.03747265927107502,0.08103795,-294.81631314407934,224.95139642535358,-4.889912795880645,-29.707486109578763,32.78880977686716,18.373777160395264,-9.20694448177743,5.342731094558752,11.906172845898555,2.144180533078618,1.2056232037404424,0.31671250908689413,-4.016426431846022
disco,disco.00080.wav,505.21778566422626,508.4512168035315,0.03092561206979892,0.05685274,-351.92247057711444,214.55164116047962,16.83391203679969,-13.479610890036694,30.33876050466844,13.355634558293891,-11.403907678010144,1.3338408821105217,5.711053108228851,-5.197581885379062,-4.950584882739049,-2.9297285599485385,-7.593818330231938
disco,disco.00081.wav,714.3090258027254,606.6990581343226,0.04905395035769528,0.07397168,-323.24051470011716,206.20839497337477,-13.085116028329686,-25.949692869394465,36.30785376493845,15.92775164320652,-10.92894806235818,3.7952205882630183,3.5676611098753774,-9.298592181847587,-4.341676109102918,0.5594759390358094,-3.652026132981668
disco,disco.00082.wav,709.7690883392412,585.6606984188018,0.05255159996133024,0.16700883,-221.39010267690657,242.0358383433908,-18.089426540150573,-36.56447995866197,36.49554198741362,15.004851153733746,-14.296197667979513,6.758759410869501,11.400136901447123,-2.922889079660956,-0.6108275871737432,3.326263992559009,0.5473731580328628
disco,disco.00083.wav,621.2142798733029,523.038531174929,0.04571301902068832,0.08476329,-314.2435823606214,247.3312897113248,-3.2556992984137922,-31.411513209704612,37.08300052948854,20.71720194252119,-12.398800760153376,1.4045045230315918,7.209208345406274,-4.4556749634842525,-2.141159068570735,1.7851733691009302,-2.923683250467247
disco,disco.00084.wav,824.4124709857847,642.9872258682271,0.05957371120939675,0.05468252,-333.3676178277654,204.09389500392842,-25.87122850212854,-32.05345545018439,40.72660740222817,20.704608266499115,-11.482317238705832,2.1068938110596878,6.943290109174541,-3.543064603207148,-1.986215386853919,3.303364481521087,4.144879126653791
disco,disco.00085.wav,585.4066007414235,556.0139092339653,0.0341864849187935,0.084410176,-310.4148851107799,201.47662167933814,6.530015004761357,-21.63583689516047,29.13564516829721,18.01228437101193,-8.734747205680058,2.5216360849277493,11.272180548774399,2.6414566006760865,1.526426401235857,5.462517641880161,3.8498928094126925
disco,disco.00086.wav,695.804036372705,585.2639974157024,0.051541428001740136,0.15288714,-241.1015859655927,252.05304941731592,-17.413730315797206,-31.776559207933044,43.8217264777878,19.879322886109975,-11.761484130196171,4.960419297402506,7.776587516179676,-4.9892904261999895,-5.060797416966003,-3.399431177754115,-4.373374399421476
disco,disco.00087.wav,724.6451543634396,595.4539355448537,0.051676621108855375,0.11261328,-259.3877421340988,257.305463208963,-26.878075288896316,-38.7171721477957,43.429130436131814,18.176111058739604,-13.436553207473976,5.174970695671644,6.281444582371244,-4.757778029893777,-0.5122428844354016,-1.1988400152778924,-5.912661351836676
disco,disco.00088.wav,800.4448847862759,655.7950379456871,0.06642550935324826,0.10626358,-247.47956869339492,235.46495110944758,-29.804491659310106,-32.35052468228654,45.90624642610023,14.819795686630755,-16.324467825507604,6.668702033401072,10.345216217943124,-0.8177468703059487,4.120581838025472,5.036052667270078,-0.48819008236505246
disco,disco.00089.wav,733.6669939035419,607.069541182293,0.05519277479698376,0.092715904,-280.77199875940295,268.2324904236547,-32.59851706284838,-35.048136209342005,47.467294855413535,13.84404701176601,-13.504852059587142,7.801671858757189,5.241825188199548,-4.03515277343942,1.3160116214231663,-1.0965169239025947,-4.116502862388161
disco,disco.00090.wav,713.5890421442564,615.7164343336718,0.05490463976701469,0.08479406,-281.0441191140308,232.25931581348127,-17.016335956779525,-30.364167430548253,42.19370498907539,17.696859279045842,-15.436564370208833,2.9931113409649943,7.648669956024283,-3.6805896795421607,2.1201165605757235,5.670001631022995,-0.8010164931699554
disco,disco.00091.wav,652.6852461876803,600.6629052561437,0.04499929004737046,0.16250767,-240.91991927266977,207.36484599940894,-5.870814522880052,-22.573173686252265,42.56664581657667,28.359169809546426,-4.691498063445616,3.8375857923251107,8.936685548126318,-2.118122599684126,-3.4023364586161953,0.9964668996308713,1.708256275279538
disco,disco.00092.wav,615.9402564444704,570.6536316628803,0.04412091248549884,0.09933453,-282.5586640416318,237.23878268957208,-3.1437107485480733,-23.391627427819873,37.88990100563299,16.361548357461874,-10.629357120564785,4.884852002209592,8.742379563299659,-0.959732448001014,0.2507011125623119,2.309657730881145,0.1633154578804704
disco,disco.00093.wav,690.1980024627693,628.3918812318834,0.05234767739752513,0.1362896,-243.0340535478745,232.5012562712559,-19.866003902252558,-19.584088501973504,48.36613394251535,14.997447353774998,-9.039580343585582,10.196215476979946,3.3724882948898696,-10.430688171128333,-4.599152875580226,-3.050683530929179,-6.06337132809583
disco,disco.00094.wav,554.7092101157413,561.5225941963317,0.032526781830046404,0.09521117,-285.57819605247374,246.17306749583838,-3.672090385355929,-25.44945360809622,39.95284148311292,17.27659486222873,-12.10202916511644,6.561484308162303,10.944479960434224,-3.1810374362660427,-3.132181187837318,0.316608036430322,-2.135777754967572
disco,disco.00095.wav,673.897322150762,629.2936488583348,0.04187021159609435,0.08773967,-304.45630293096116,213.44872759631588,-11.678171493689556,-19.5606340031586,43.061891444186614,16.747675921161687,-9.74118301412143,11.119320030919821,14.820553843247975,-0.31612011013422253,-1.768070909979891,-0.31487095291124667,-4.3450128012497
disco,disco.00096.wav,688.2226681749447,621.9191179370575,0.0475917500483372,0.08042903,-288.4116771776035,233.53355721521726,-15.280276592568402,-24.85125850591027,41.2365229529677,13.483227144900507,-12.147556864132099,8.077710641695528,9.823153765812684,-0.9566130006591254,2.818578232340969,4.135243360176966,0.12530486687086115
disco,disco.00097.wav,659.9946508789706,624.6409904415979,0.03931098342034029,0.10171214,-278.3695250052661,228.20901696630096,-13.04362305076773,-28.70595216566919,42.21041750379443,22.0727396154286,-9.47528664752116,7.074790491906643,10.780455992934078,-3.1371387562337927,-0.9621139108263174,3.0067031597076532,-1.9793422589740073
disco,disco.00098.wav,665.9186124481408,565.2675749991914,0.04512504229505027,0.115955524,-258.47925041528225,256.39596239607084,-15.340802293350304,-33.421165506114505,36.95951643851247,9.762636438412722,-19.12301154081536,-0.5514738155474489,0.20280540659822224,-6.3472100798892015,4.146929288184191,2.999415066267651,-6.106141355389821
disco,disco.00099.wav,665.9186124481408,565.2675749991914,0.04512504229505027,0.115955524,-258.47925041528225,256.39596239607084,-15.340802293350304,-33.421165506114505,36.95951643851247,9.762636438412722,-19.12301154081536,-0.5514738155474489,0.20280540659822224,-6.3472100798892015,4.146929288184191,2.999415066267651,-6.106141355389821
hiphop,hiphop.00000.wav,808.2659909053872,625.0688709172815,0.05711342324052591,0.109743714,-254.92526725961523,249.82533184231144,-41.21187770404496,-41.34529490942276,39.476502340252416,6.950168396996149,-18.143224935591313,5.330818524993922,6.007552498113715,-1.7721040234303629,2.5483228172501833,0.05637928131060762,-1.6253832124313985
hiphop,hiphop.00001.wav,609.1044028504334,648.4588389696091,0.02663644081109822,0.26011458,-231.8175799667342,188.70512506391694,-15.259824671689769,-9.876158406556453,51.69549877851366,21.407739394668127,-5.405837291868917,13.625536090323507,14.90240152620223,2.140295475031747,5.564148190145551,9.938973065290925,7.058978300161334
hiphop,hiphop.00002.wav,486.71143630319165,445.1541153309293,0.03190368510730859,0.0921643,-321.89028216199137,236.43108239240385,25.029607546470515,-20.00223142775652,25.490336563308,15.973476900268295,-11.890901761330781,-2.47684834138011,5.4482178593555,-4.684618473767765,-4.692904640706358,2.353550409344554,0.1552714634142539
hiphop,hiphop.00003.wav,716.3173404044718,607.0234890722402,0.04512164358565352,0.2456511,-195.35590761879104,224.36154184541883,-26.235233178112157,-33.749761572025164,39.21182095518212,16.36521334919063,-7.466280940704705,13.854385685580995,14.434634742740617,1.8431831509632866,4.4029985969874,3.5194737714413877,0.06960212260977279
hiphop,hiphop.00004.wav,616.8418880974338,556.4294550863945,0.04242155778712297,0.19093865,-264.18839007177814,184.3472599720786,-0.8839664248392257,-17.832539790574423,39.17302605986201,27.880789911074363,-2.041520435508745,6.008049376896199,13.0168367645917,4.640590879775426,3.718680775387843,6.146206456011278,3.608398560416467
hiphop,hiphop.00005.wav,629.6643588609478,611.9120966114234,0.03608296476218097,0.24393836,-183.09881635835342,243.50441944941068,-15.212879198100818,-24.52969339322572,45.775277430992766,14.591937704980696,-14.800875015575711,7.306376484965769,8.065625861911805,-4.870639399628013,2.505287482962307,5.891586580695685,-1.1701211064328438
hiphop,hiphop.00006.wav,585.9103409882263,585.2105415085701,0.03279339170050271,0.25301012,-216.64755382575635,212.03548569952397,-4.898914498577099,-18.198512121812062,43.508200682777726,20.225034128115002,-10.41002068441374,7.804844010951018,14.348226214589316,1.0149220961655745,2.1092235098029346,6.885153374965221,2.348549257398846
hiphop,hiphop.00007.wav,591.9786446710543,541.1331549934598,0.03833328801720804,0.25465524,-206.50898548887577,238.53128611158562,-4.654503119338453,-24.8479454742642,35.68480133166874,9.656074154244047,-16.495341671775265,5.857381522348868,10.13984575998045,-1.2666444813968576,5.738991217553388,10.80866280824176,3.8807084550851507
hiphop,hiphop.00008.wav,758.2483884142116,594.8792055553854,0.052514591792343385,0.12493626,-266.5800251592432,198.90272819777067,-17.93668257688397,-28.44993234182157,31.202891047780547,8.178395447169324,-17.82271836769132,-1.0934149619390607,4.427183736882184,-1.781544743845679,1.039135952351053,-0.6010198186832633,-4.682595783661705
hiphop,hiphop.00009.wav,538.5745073551026,550.141616822438,0.031231495915506575,0.20645513,-240.66593690879486,227.33117995186933,1.0101097372209196,-21.48683831385925,41.25543349373506,25.07460098010572,-5.879971055776521,5.940572545834303,11.704498999982631,1.967873552551885,2.7167036933407442,5.346246361428497,2.0813264007703993
hiphop,hiphop.00010.wav,825.9819705032811,632.8937135293262,0.06845944811001546,0.16028878,-216.49949129319174,229.69642832754573,-30.770809450977854,-42.12259266693985,43.37249906931641,25.509884420135084,-11.52421116535518,4.542605039937242,12.227746991736531,1.131476816489685,2.6513594200202206,3.33786830033003,-2.7957352497279055
hiphop,hiphop.00011.wav,612.5342166551437,565.3721812960149,0.03988536530839134,0.19535527,-224.73408954919068,242.42396525132196,-5.17923041866995,-23.901961978830748,40.42803100290998,13.8713977659432,-16.415608530706532,4.049046908284885,10.369904095786984,-1.485534780652697,-1.6685122787343771,-2.6579412904839326,-6.688402169638569
hiphop,hiphop.00012.wav,660.5271719266462,567.8989148626796,0.04673754108662026,0.19147363,-221.89968295290555,253.936860017044,-18.796410759320306,-35.29085627952716,37.51597544467654,12.676497876515937,-13.695311797941558,7.755373784734928,10.657269032186615,1.4613460368506017,5.996125414893589,4.433507673301315,-0.3792992824861548
hiphop,hiphop.00013.wav,753.9932610678362,570.5238201880171,0.055547751111755604,0.12814485,-256.31439586508094,251.66593143251396,-24.454866247415918,-40.74231671194865,35.77052906506108,9.9235454682404,-18.481906032455857,6.6575440385237865,8.936874711311278,-7.081400086894295,-1.369346111758178,3.4423970106671193,-1.2164977091787539
hiphop,hiphop.00014.wav,694.1512777481272,653.1553657762805,0.04242382359338747,0.16363327,-217.0978962717617,244.01717841330006,-30.733143418421943,-16.483068411953823,53.12198370093586,5.6032125925147875,-13.323084982608396,14.249683884733797,3.902580781254179,-8.030477252424134,0.8400650374149096,-3.4850133018808593,-8.705766039812776
hiphop,hiphop.00015.wav,714.4397822824485,603.3294752146692,0.05208559913959784,0.13224037,-228.72172490860873,228.7195597158893,-12.0998135776094,-32.18737755849395,37.684198125337446,17.978735284457954,-16.11899784806662,0.6196159402707503,8.318528833091845,-2.4864186635697343,2.1585204744184487,6.531609821906182,-0.5456511674194356
hiphop,hiphop.00016.wav,660.0412657804028,603.032297695456,0.0391319847254447,0.19345841,-230.77378560040665,205.81916792533107,-10.664936161975936,-22.99209492251088,36.742226329027375,16.567940027975975,-7.052177923768893,8.79542254020743,10.065145071419948,0.6327555685928408,4.088472666982703,2.7302209342899912,-4.761966856929799
hiphop,hiphop.00017.wav,565.5193396542423,561.5659496528064,0.033921763220224284,0.18475382,-226.7300921424448,235.43160027790714,-1.0590425165331883,-25.259932477736793,40.95407902385854,24.194677223841257,-9.191703998298,3.1832865539942294,9.890315201090102,0.2628302967489328,1.2429522768343568,2.42348061006258,-2.2618699605060533
hiphop,hiphop.00018.wav,665.4139673524079,601.2213767774049,0.04309487988205723,0.1523075,-267.8000304732787,210.45249238049107,-13.842635395412747,-18.867982960991696,44.926428564736156,16.598451974399257,-11.627528682238896,7.2179327602033005,8.598206001787904,-2.984202996433138,2.1140801944736127,3.6070848240990885,-2.613359030496615
hiphop,hiphop.00019.wav,657.9674150930193,594.9959775475446,0.0443014217179041,0.209456,-211.04211984716943,222.5479510100375,-9.103292880807704,-25.49717281978842,40.334110987313935,20.270826613537135,-9.91818430053742,5.843748263400151,11.651814845776457,0.5259636505740412,-0.6061168259910645,-1.214896710073981,-4.892298565050357
hiphop,hiphop.00020.wav,675.6164634218303,667.0489270990604,0.03361587937451663,0.15874307,-270.35422180863094,184.43667002007032,-19.37378425839592,-13.327670735784515,49.457927180166244,20.232599340985164,-7.457581784681596,9.955479623384889,13.055229885988005,3.805602308968499,5.593451261293004,5.561726067432216,2.902652997535768
hiphop,hiphop.00021.wav,687.9349477637603,607.2886851682397,0.046398425415699926,0.22436798,-197.36309002299504,253.50056939355278,-25.155954150740914,-28.502547580231116,45.070186236620444,8.868175633495811,-15.65270291861921,10.309678224795254,7.054228468495693,-4.821089822412833,4.387959372837439,3.930456880946758,-2.737355438757106
hiphop,hiphop.00022.wav,577.0667486076235,525.9240598308129,0.03426163415989946,0.1689451,-235.16175917717118,231.55529275233226,7.463296509143094,-28.076625961354363,27.797860904996654,15.126606759954326,-15.74422160804306,-3.837084994002963,7.010010715593139,0.07257235183546598,0.13727462394164758,2.772296660927196,-0.016868911063443175
hiphop,hiphop.00023.wav,685.118065827108,609.1591008565651,0.04766954273008507,0.1785488,-204.19918956191955,247.79519848845433,-23.112177830302905,-27.87765326742322,46.876963651162306,14.25694894345819,-13.121557208083528,8.239659813813022,4.013038254291359,-7.316497779977268,2.0694735913153997,0.02351804221147414,-8.215217583591594
hiphop,hiphop.00024.wav,832.7376552261795,627.548911801953,0.06290029244006187,0.15745477,-212.4825010136403,221.715545532468,-30.89586456610708,-38.39108237649585,36.315795089391436,13.328780917075395,-14.996160399365788,2.5655954986202216,6.6582612632658345,0.6936771998239104,5.427166857348695,3.2971185337502615,-1.6676828733560964
hiphop,hiphop.00025.wav,667.8993188246983,596.9680671034826,0.04490563672177107,0.234245,-204.71111365932586,241.5790248817516,-21.227569007902737,-30.142088939908255,44.11697233619509,20.785139620399143,-4.4470151270123015,12.009296936488276,9.672594463251592,1.2892576035266896,7.066749756067618,3.003608638914771,-3.735525472863304
hiphop,hiphop.00026.wav,586.2412060893502,594.4934347339848,0.03454104548929664,0.14743273,-271.4691335021765,193.7513417423741,0.08226093471314602,-7.022417630406763,42.998993828702346,14.01522837269533,-10.088444353498675,10.004769128922595,11.029356172467468,-3.037457975494169,1.3182893604289183,5.759688300973961,0.7914438309799158
hiphop,hiphop.00027.wav,657.8189224182516,568.831046619369,0.03839026687692604,0.12879954,-275.58301369237483,236.73845916230673,-15.370108576118994,-35.1948902574713,34.655171915591964,12.8871971254484,-18.24639409794116,1.2462792626679624,8.106708937655391,-4.048379003749552,-0.8673966751329308,4.815168267837757,1.4955132207828477
hiphop,hiphop.00028.wav,652.0573487053887,596.3159854076976,0.03941445523975251,0.14259535,-264.3643455056643,244.48319619483044,-24.39564658557915,-24.573169219027395,47.422121298816606,13.557935075417033,-10.988143180625947,9.570169762434073,6.092073271377866,-3.364154325347769,4.220109098457732,4.171378263794523,-0.5490098280372834
hiphop,hiphop.00029.wav,641.1394947217809,608.1224945911312,0.03341889454319572,0.15477863,-243.39374984075786,222.52685553391936,-14.742171498185558,-28.03871116704638,39.97417110468557,18.776527230897692,-9.215680207444308,8.717564731282728,12.099798558658708,-0.39783820881583415,1.8217093409132052,5.027241502496603,1.8107897645311557
hiphop,hiphop.00030.wav,549.3074287910074,573.0476658796998,0.027370184406419182,0.17896329,-237.45847406744656,259.45495755041327,-16.850259798811198,-24.816345909832783,48.39917368711574,18.396781979349335,-8.156907453599587,8.74871094957963,5.178985763430447,-2.37043113020428,4.348570855235627,1.163743868523511,-4.240286068340047
hiphop,hiphop.00031.wav,728.6481117467276,615.0961183456066,0.04673516713428793,0.19753684,-207.38602823246376,238.82036665580483,-30.359876022097023,-38.82405146435475,39.75257054511174,18.0228781361705,-7.3816419707923115,11.1912678804019,11.672736564217889,2.2128031141185183,5.282272609001618,3.3256794942830474,0.2529522228021546
hiphop,hiphop.00032.wav,564.1778720956244,582.1948567916714,0.03291961906492248,0.13084547,-274.80057985633357,205.83678430856625,0.39623244016545367,-20.96807429893839,40.28869492780839,27.589380557199167,-4.660074618980085,6.11195354070395,15.160126382869915,6.1356784924829135,6.234921564536504,9.040062065744507,2.4692762102171084
hiphop,hiphop.00033.wav,679.4143209244465,652.1926380877755,0.038697040264423076,0.19403826,-217.04955892424394,241.15188275003183,-29.986304893765805,-22.895097892147724,52.79895604390474,11.701784297916406,-14.645542211326504,14.108011913971971,12.761454124839775,-1.6427044786366427,4.100151350182425,4.58312702525156,-0.0905130229101498
hiphop,hiphop.00034.wav,785.0952245912777,659.15575085752,0.05254392660440613,0.19802499,-195.80136417112146,252.44684621484132,-42.48890324807555,-34.1693785479962,49.344549625846284,12.133278277137867,-12.120000623453109,12.756610869007206,9.871088983238014,1.4044239532511076,8.603741110487691,5.882579582481471,1.6574376085143723
hiphop,hiphop.00035.wav,565.0954631824395,583.4107752833767,0.02796785201149425,0.1843926,-254.9877410045383,211.3048920624329,-2.173699783817036,-22.340124703550092,38.60313128603962,21.69072160527075,-7.510894863553058,10.265906390426812,17.625693956919324,1.7539594684527038,0.9039912496691741,7.444634865575228,3.6279720691577038
hiphop,hiphop.00036.wav,749.5219363949893,671.8826241412835,0.038706646543560604,0.079100475,-347.1778474970059,161.45436643132203,-19.540822769639956,-16.489552439120267,41.17765299858809,19.37324818271829,-5.871541782615865,7.625921702375876,12.16945778002325,5.458891588633205,6.31544226536632,6.747576278392353,5.671477388785204
hiphop,hiphop.00037.wav,809.5350473044867,578.9248641483738,0.058148008404356064,0.13505949,-248.84734953116381,176.37455870430674,-12.40957911147073,-36.632178002003045,15.982046967809046,7.380075447452548,-17.721713518992857,-7.581832541900174,1.2529655515351672,-4.221112647343031,-4.230138344694192,-2.5425175486125404,-4.538091371491778
hiphop,hiphop.00038.wav,714.9582876344292,579.3532450729106,0.04497329249526515,0.24990234,-204.80609381098824,206.309665768337,-23.192129334321038,-27.683048162703255,36.31026181842015,10.41524916872682,-11.693451812566,8.50665765747238,8.058322503472676,-2.5522678763408697,2.1833512847983534,1.611295031670966,-3.522240519083801
hiphop,hiphop.00039.wav,594.3497055605876,481.73407437549395,0.041982199928977275,0.17788398,-261.5208948547603,212.3901059616328,11.782543860928083,-28.08349952991029,21.286245490228755,18.05163652225454,-7.694440004338616,-1.5911353440118214,6.6486255201184425,1.257454615937721,1.0356070599261555,2.7235580740358083,-1.4849726693093368
hiphop,hiphop.00040.wav,529.4614539730871,439.7580199646887,0.04066310073390152,0.12711394,-287.18136042343417,193.2039564106563,36.20457548451988,-14.750821670603694,12.11259345930609,13.351718290082767,-9.074446447907278,-10.243135211469513,0.6577934240261334,2.1705887702296,1.756890971494746,5.377494041072404,5.5189118639348775
hiphop,hiphop.00041.wav,677.2372179378533,594.8758466253689,0.04427527225378788,0.17502536,-216.9718454521226,197.71297615955854,-3.518133848620083,-24.489335213681755,31.769626613754536,16.67008337704706,-11.65012828280619,2.940529447615062,12.367848910632159,2.4958290140955395,1.8081085155578098,5.868938078991129,2.854687317188581
hiphop,hiphop.00042.wav,601.432360124262,611.818590374858,0.029316850142045454,0.23114243,-230.75924965643878,196.9384652226599,-8.54643303423233,-17.531035718638577,42.81235963215245,22.76590016624589,-4.335924465511322,9.692701003380195,13.796684626937184,5.516917872410167,8.197178546606661,7.996418395348563,1.433484308138843
hiphop,hiphop.00043.wav,563.1114030733941,545.4273246861469,0.0326364228219697,0.13342193,-262.02214596775127,206.59983735727764,5.749289011955603,-29.460266113722945,28.195741573883623,25.91085718510562,-3.9272973830677445,5.979166420346988,18.814499780770454,7.428083460774386,3.653098544733024,11.945361996788526,9.113296283650172
hiphop,hiphop.00044.wav,813.9210256460154,572.1639763404871,0.06509972774621212,0.03452519,-382.278824678605,179.48557944055742,-7.739295912804522,-32.39727863826496,19.74374301941631,12.900176516369472,-14.057399768630622,-8.986835377787699,1.8870623988034279,1.7934206104361643,-0.470247943470011,-2.6578114417461,-3.221447751725871
hiphop,hiphop.00045.wav,594.3497055605876,481.73407437549395,0.041982199928977275,0.17788398,-261.5208948547603,212.3901059616328,11.782543860928083,-28.08349952991029,21.286245490228755,18.05163652225454,-7.694440004338616,-1.5911353440118214,6.6486255201184425,1.257454615937721,1.0356070599261555,2.7235580740358083,-1.4849726693093368
hiphop,hiphop.00046.wav,591.0017859117858,556.4916490112498,0.03588432907965971,0.2203652,-211.24036766680732,217.06336648142573,4.3812709466463735,-23.693341686305192,34.686798878299705,21.121997785997173,-10.335522181196904,2.965706994742468,11.09078785728028,-2.0439241319897867,-0.9143302991920195,7.276732128838569,2.6774608443395893
hiphop,hiphop.00047.wav,472.9581292120236,517.3083938523548,0.023454115912606342,0.23778886,-232.58013357118963,204.11789103239852,12.015152062703319,-13.988504966163358,36.596685449590076,23.168595670626527,-5.7301955917316985,3.961097413660375,9.95560994924398,-0.6141374758552469,-0.0797269430486784,5.562213886983652,3.3285568363343954
hiphop,hiphop.00048.wav,443.8482909079486,499.1142180657046,0.022121066560324826,0.22364816,-236.11943030958147,219.26007142295228,15.938358506365272,-9.058984304601049,42.3181388343785,24.061803768752657,-6.696627060155499,3.7938758570044038,9.665276341921906,-1.1938046527623163,-2.6268733089790968,0.628807456688735,-1.2946124428475736
hiphop,hiphop.00049.wav,463.7547651205787,547.2511965892686,0.022329520736658934,0.27557984,-221.90429113949395,213.97361105485388,6.643100993616581,-3.5847529690997137,49.381174746623486,19.255013109307054,-7.772974355820955,12.468648115789936,13.882397232895434,-2.0945232956445428,0.9581518851711678,6.785974456370681,3.284164006108677
hiphop,hiphop.00050.wav,425.60070060584366,485.25411481221516,0.02111278277262181,0.2699506,-223.30406532308692,206.41514235140312,24.629277771785123,-6.13612727304612,37.8058164603471,25.12510144787451,-4.039827292638158,3.117041277441275,9.951458662740551,0.9483784590799544,0.27331846014784117,4.353792822730919,1.4433033519867493
hiphop,hiphop.00051.wav,490.62164295014253,519.9189236116632,0.026573375870069606,0.22873184,-238.86839724854153,225.11750897316978,10.203734050404764,-10.532813982844813,41.79924319884263,19.600241908840605,-7.566013393030476,6.02931140501183,9.670354761571442,-0.46986227656319374,-0.5023446807822526,0.6890043052161219,-1.2867411860452718
hiphop,hiphop.00052.wav,492.83581237069404,506.00661521693195,0.02495256912219644,0.10654967,-298.17827708560566,226.91330601503432,15.432345142469792,-23.469653864239184,29.304286965070197,23.225050593338793,-4.392282254963166,4.570588123061667,12.94913311430057,2.4336686343332836,-0.5401774283777928,4.8782673243447725,4.792956348004515
hiphop,hiphop.00053.wav,478.57032939676833,488.38180981978974,0.02692419820668987,0.105049044,-314.3101983121626,233.0715581609857,15.862418336258179,-19.95607711733338,30.57943222594147,20.324825315019854,-3.5061045521028,6.352643736106641,10.278918839094311,2.1727451734727063,3.2174321062746847,4.623000486985621,1.9723991502264315
hiphop,hiphop.00054.wav,592.2420090829949,551.0097500747366,0.035609033618522815,0.119332284,-281.71906686618615,239.03227350520086,-3.866419104718919,-30.83904721286853,38.86716064343347,25.338904671101457,-7.990128214884717,5.774202673990895,13.802839760496282,1.9979416746814007,2.5289867101118104,7.0182473083045185,2.8576609063228564
hiphop,hiphop.00055.wav,579.4660674798228,568.5000018041891,0.038368785648685226,0.12988044,-285.41516900845755,213.0927063521003,0.5128177916893424,-18.69008384337433,43.683683164060014,25.83054271379108,-7.312739599982613,7.812790058646168,15.78188084157733,1.7555478466398222,1.4876798989669833,5.337626134051695,-2.669584819392265
hiphop,hiphop.00056.wav,543.4965751016841,603.5562364754115,0.024023588553750967,0.16091631,-260.641674956745,222.11573300649874,-8.891382473757393,-19.821737059121407,48.2735539682818,24.76033432086773,-6.671227455738999,11.54571380397645,17.06175776564835,4.802912250419033,7.8691712622163825,10.506735986746596,1.4936727204962303
hiphop,hiphop.00057.wav,459.5564238404545,561.0184572720362,0.020443614655839135,0.22015499,-250.927207143127,211.64316961699478,2.995583912700083,-9.313929400731256,51.01906006692293,30.0383326886126,-0.013980429178517698,13.023349286461025,15.678354437902149,4.521679024621825,6.818507079139914,6.88396971757852,-1.0477863295966192
hiphop,hiphop.00058.wav,684.4878356202571,634.0395639792266,0.04255977196925754,0.119363405,-261.292763905286,203.27387035346973,-15.590985859265203,-22.750839986459848,46.11185180909531,26.729350791996932,-4.069194438701602,8.755023069503522,11.088259719656342,-1.3856110034091398,-1.0874774956676216,0.4686641597975276,-3.3165564924175626
hiphop,hiphop.00059.wav,487.1370780444063,560.1148937576891,0.02328002646461717,0.14671254,-272.7848152239805,220.56565994750747,1.9946073443520453,-13.86720478247836,46.45609793824597,24.849445078256792,-4.9908110164199835,10.822554560585527,16.742664583574975,4.532439305606569,3.350577054902368,5.340939532282007,1.7998867324357588
hiphop,hiphop.00060.wav,481.38184172299685,558.2017364359245,0.02283743897428461,0.17555301,-279.61258886516976,202.5391813009676,-0.05270745008573495,-12.432240757218231,45.67711126367646,26.342201199337296,-1.894463594025862,11.18983382047116,16.311675646372134,6.925923207493824,6.937936157823077,7.491081547975539,2.7491264493716696
hiphop,hiphop.00061.wav,601.3104079281442,598.2570873608651,0.03825247426044084,0.15084714,-266.0432332612037,222.36676323616527,-10.778173967352123,-22.79099757991611,52.41732999449378,32.45973754791898,-5.918299429479536,8.59136642041718,16.407485681598658,2.8917730577479257,3.5698184275755125,7.580746024497942,0.9454765911228997
hiphop,hiphop.00062.wav,620.8949366087229,532.9301282098046,0.0415375157095901,0.18230416,-260.0934881313574,178.63096048148066,5.296111153933326,-20.248346220367747,30.242151744386575,26.25798401551125,-0.64874575055222,1.7545402159173136,6.121991495293666,-1.448952918664697,-1.6544358651913034,2.9784807163079474,1.8078576716671422
hiphop,hiphop.00063.wav,705.3587365440629,601.3482462432779,0.043622812741686,0.17204492,-234.4420119025235,195.08751008707588,-9.45010275815674,-24.913678886482725,33.53144288176906,11.865032542898192,-21.57286574464952,-7.067777183905781,2.4335199880834875,-6.54563912230089,-4.1655883669763485,1.5391510513274114,-0.6767209708988523
hiphop,hiphop.00064.wav,525.3399129457769,540.1757472836522,0.02833730604698376,0.2270996,-224.8296437529843,201.43507194368195,9.040036958584613,-10.782131090863313,38.687120881140224,18.010721812488907,-11.406898102829826,1.5454760509672785,6.9757011139171565,-5.086257355626399,-4.733863469075031,1.0277360852616304,-0.47336490217280214
hiphop,hiphop.00065.wav,434.95827738046415,449.70958584900586,0.024331738205723125,0.20084515,-264.4233377920498,194.01939531026736,32.18254949757789,-5.846859129935898,27.128050766465243,20.769814110242613,-2.175228878415367,0.9105588648071234,5.553932058644414,-0.6453736094620778,-0.07973390401701151,4.135577835551874,1.5483523029206832
hiphop,hiphop.00066.wav,552.6199829198529,515.6011248707949,0.034399470707656615,0.18303736,-247.54603377434304,213.4714925615757,12.78033764677468,-19.58252735572106,25.611241921880012,12.3056596579682,-10.424531778285905,2.228809896041951,7.619264910869215,-1.6753478783627114,-1.8498386022735251,-0.0037518577474699214,-2.3397674721736097
hiphop,hiphop.00067.wav,619.7621423607998,584.0439762261358,0.03759123646558391,0.20693639,-224.24763752831515,201.208558320409,-4.715749657205396,-23.886786346601383,36.056587771522445,19.107534864197138,-12.20905883678155,3.114251856269106,11.49542064325307,-1.7098685520889467,-0.7905453629217967,7.017610727359749,3.766463970787768
hiphop,hiphop.00068.wav,521.6934452979061,533.6583745851503,0.029547246592227377,0.21963605,-224.62561495684656,226.03896678869918,6.649275864683073,-15.481792489360764,41.65157729326275,19.933127010587835,-11.294427555000784,3.699906903826558,8.995692172395513,-3.9450048354749945,-2.5213205756102477,2.4553411538849006,-1.7263904506704817
hiphop,hiphop.00069.wav,431.1962399689495,508.6316264891476,0.021624477354021655,0.25791243,-244.6604634368096,218.62978580051816,10.180569748091179,-3.2911280957097975,47.43596537907111,20.790546266190976,-5.1434474411065185,8.003205828790623,7.131249945692806,-2.0781107633130165,2.874528579994192,4.957633072823861,1.9703150346629097
hiphop,hiphop.00070.wav,400.31184327676584,437.00365454112966,0.02065924388534416,0.27281573,-236.6564056331002,233.5510358349519,28.96572732633011,-12.48609759649298,35.51672675711611,29.0125287452695,-0.743389518464552,1.9525155346628713,7.315015685157347,-0.5462227144756754,-1.599798652351549,2.2459129197541086,1.1268035695247172
hiphop,hiphop.00071.wav,432.7363312162098,495.6782892734246,0.020357136383410673,0.23912337,-244.7235735544818,213.84042601467772,15.265424441229708,-10.112016018193165,39.41797621268388,22.16036016601051,-6.92744985367868,3.0206779435755027,7.318569765746667,-2.1951010310322165,1.6358434526915524,7.964287515622112,2.520460585338367
hiphop,hiphop.00072.wav,433.8752750417995,490.90605075713336,0.023382743015274557,0.24879214,-232.67719431871853,204.7943250874289,24.48614820926694,-7.832564419006293,37.373582795377246,28.277363098495826,-2.2038085329473347,0.7080234458639616,8.17049258029239,3.305018067927727,2.846206171287794,2.9109261160922566,-1.5187518874372425
hiphop,hiphop.00073.wav,424.16710287649926,449.88341451385844,0.02472447795823666,0.29402584,-230.95962254476083,217.0838246931486,27.937221123104916,-3.0609734165671703,39.315966537380135,20.241809999746415,-12.216496943396795,-2.9541898529641135,6.886661357418269,-1.0116433907288704,-2.483590652872321,1.5038561169613767,-0.010139070068958695
hiphop,hiphop.00074.wav,501.1673773589239,531.6537846976566,0.026469904050657387,0.19589318,-230.28316786013374,215.3129540667664,13.340811530941071,-7.533305262284846,38.12623802833872,13.015354617780405,-11.900788383956497,6.491203814046345,12.422137460652745,0.9199370192455507,0.9632079783063907,4.2520697698133345,2.207956737694719
hiphop,hiphop.00075.wav,614.2512506789194,563.3251824470652,0.03526312052880897,0.17729934,-241.5655986419596,191.1061799358122,5.30592136618585,-19.815812860053992,28.132745870557972,12.717610593042632,-13.957408335460515,3.3378885547854273,14.551408237276572,0.5093400823395334,-2.8012301549493595,5.407471642667459,4.406722729388081
hiphop,hiphop.00076.wav,609.9756543233323,519.8210058372529,0.03790316246133024,0.22928892,-226.02525976054673,193.38321400802138,5.94565576543576,-27.23367656191278,20.152741756459026,12.296563716118717,-13.777756488291425,-3.179912140619331,6.917725887477026,-1.4627192916549243,-2.114549459153611,3.2925379487666526,1.1396325604994322
hiphop,hiphop.00077.wav,686.5556976647808,557.1342281878398,0.045657129132830626,0.21818067,-195.0189258766731,234.45436856737513,-11.13568228041668,-34.68042257870151,29.154142635371358,9.68341796829387,-17.772587127594733,-0.688236650576787,4.257630350977013,-6.136930263495538,-2.9584295720127805,1.398539265763002,-1.5907385145950028
hiphop,hiphop.00078.wav,609.9756543233323,519.8210058372529,0.03790316246133024,0.22928892,-226.02525976054673,193.38321400802138,5.94565576543576,-27.23367656191278,20.152741756459026,12.296563716118717,-13.777756488291425,-3.179912140619331,6.917725887477026,-1.4627192916549243,-2.114549459153611,3.2925379487666526,1.1396325604994322
hiphop,hiphop.00079.wav,787.3187372939102,619.475594603591,0.052511570717324055,0.13454375,-251.56616262370275,229.54406004864552,-29.50067361650231,-29.624447972367367,37.980357589424564,2.696410233702764,-18.371172797151193,6.7692845710346345,2.9357537979980615,-8.743642385430764,0.3714643699600605,3.2154962423999773,-0.6156023152255258
hiphop,hiphop.00080.wav,693.5419927018033,619.4837294925362,0.04164740731341841,0.12698515,-265.60860898866065,251.88639511057457,-32.19429466236764,-24.621246319274988,45.879715510152664,4.306752287699799,-14.85855612275579,9.574740787702433,4.280691316264433,-4.236677085024679,0.8318009649822306,-1.758943679255569,-2.4952682675883153
hiphop,hiphop.00081.wav,481.52132319479733,511.14518489524204,0.026989906588360403,0.08521965,-312.52221198289897,203.06139437618913,19.416639351284655,-15.770416347198442,34.015260482409396,29.891213179480545,-2.1241319175686244,0.7899506896530866,11.652965024143748,4.910653827345006,0.8808211671605067,3.8053170230003257,1.9587718784265573
hiphop,hiphop.00082.wav,702.5187520353948,619.8790863672048,0.046086499419953596,0.09671693,-270.56845343589015,228.14636798601114,-19.8113051325419,-33.84540844682262,39.48444265724012,16.900593409832982,-13.874391895722196,8.445470595725045,14.249184207335732,-0.8000202212197247,3.2864653354282183,8.280411286354179,0.675273790511188
hiphop,hiphop.00083.wav,737.6289863862725,631.9006187345643,0.050630196249033255,0.10303126,-269.86370721435657,224.6131921695913,-21.79459270603539,-31.7328636371607,44.485211989208956,19.959850837294713,-14.57001839931518,6.454763866962956,13.180846612005265,-0.1738421287330516,4.819765606005742,8.82384128898801,0.9100817021896714
hiphop,hiphop.00084.wav,697.8646173388012,604.7099047100484,0.04398685228151585,0.06293677,-335.90697347693595,204.2670308039007,-12.72299589600858,-27.97964989819033,34.494437951854025,11.75319322030075,-20.691189225585312,-1.5713088505315256,7.905508821416301,-4.589280067265911,-2.6051498576639545,4.418650785800943,2.0293575401644692
hiphop,hiphop.00085.wav,699.6823900128952,611.1773067541053,0.04565033171403712,0.0989038,-274.088300103305,228.4206312004197,-17.065367034849128,-27.80147082041852,42.506106305340346,15.509164727905114,-16.87155843283709,2.387773879368352,6.888482323378882,-4.35214747041247,2.126206484475241,7.6759134641349736,2.814322893592645
hiphop,hiphop.00086.wav,620.3019248525286,615.0135090992798,0.03449690037703016,0.07618352,-324.85949898109226,203.7130576218699,-7.642172853802742,-27.785734510923263,39.748604636763716,29.218935534555797,-3.397166401243233,9.890853737613208,18.203717325763954,3.0168034825729007,2.1222773692874184,9.74129983666542,4.471927535263872
hiphop,hiphop.00087.wav,488.0545075508949,555.9837108540968,0.02364897525135344,0.10427072,-318.4258161599025,208.45585288974104,-0.020450198307708715,-18.3883687609899,37.79398876444188,22.026883755766768,-0.40533924607277205,13.614032094466534,13.478878176218554,1.169653639006121,3.95752956108063,7.04235338716917,4.2411116110487015
hiphop,hiphop.00088.wav,777.6682117079802,653.2906767295588,0.059301814457656615,0.10388095,-259.2938647978829,238.86069166857675,-30.97097682228232,-29.968968785853995,50.17079643349669,14.58385504599,-17.3232647319572,10.278285351161182,13.600683943380773,-3.1895372944750866,0.04519642962631514,3.46980034927464,-0.9617971821998987
hiphop,hiphop.00089.wav,702.4687750411,666.4188856650333,0.04059833901295437,0.11137434,-262.14659481113483,220.88061325707835,-21.266533576155016,-26.102093710163814,48.81819769370218,21.11971932384304,-14.419587967648798,6.134235743166837,15.104967194492495,3.1994014103743877,4.807186607487475,9.743530741673382,7.258949863739874
hiphop,hiphop.00090.wav,718.2900097253591,635.2408223626925,0.04856717964520495,0.10295647,-257.2738659418601,232.44572785514774,-17.30947162171445,-33.79638215439261,43.55707269244073,22.863140336213498,-13.810303060973526,7.071319092669949,16.67683627045222,-0.5259070658332029,0.7968686352404579,10.097141196481285,4.406021257891093
hiphop,hiphop.00091.wav,697.6206994994626,660.4389269965775,0.04394946647815159,0.10246259,-259.27305483613713,217.32119109585292,-20.453625953653198,-23.00249278354842,47.39089864657144,16.65181409114344,-13.308226380627225,10.747940531745737,14.967218209916469,0.9076121765375602,4.2114303038945335,5.817260495446887,0.4824773247214839
hiphop,hiphop.00092.wav,507.7308697367775,555.439550795498,0.027522748694895592,0.119806394,-292.0030329416621,221.00435595261135,6.41183013599045,-17.208738431530648,46.36328738434001,29.75430031672263,-8.625348944593583,4.471826184401265,17.26403384575746,4.744367663429287,2.933924851988863,9.931236984803586,5.1130967268961305
hiphop,hiphop.00093.wav,560.3191618275353,611.5644934699613,0.031362912678847644,0.060565285,-339.71236121399915,178.0203804414772,5.314409462828074,-4.991279822288973,47.451517534170215,27.427832824909935,-4.439629821666946,7.163446894015268,14.07296447753342,3.46471457419734,4.0216253300478595,6.68375013125532,0.5159452731805586
hiphop,hiphop.00094.wav,566.4935464515136,589.9982171645498,0.02690607175657386,0.108483285,-290.11657465491487,203.78768841204788,-0.13055910758087336,-23.25122812593022,38.503456659652564,25.395417066056243,-9.224374493632872,5.097576047636439,18.321108677352466,4.810562726693183,2.882880132322191,13.947989072745129,12.595571440638862
hiphop,hiphop.00095.wav,746.2350337083465,674.2858010757825,0.04931225227184841,0.09084497,-252.32185841294998,224.07056372428556,-29.002033494543905,-27.807057674794628,47.95016648542627,17.882396062932248,-8.936130863145257,13.178197804009388,11.159748596120984,-1.2321407748651223,6.153551800831482,5.605115635031782,-1.7131030989740883
hiphop,hiphop.00096.wav,720.9546269853016,589.3541895006308,0.048715212321152356,0.105402805,-261.85699110978317,241.0982995955231,-19.25070643088182,-36.43299852033749,37.24437730552676,14.818520429208528,-13.717772970684164,9.102163800428167,12.712323692065292,-2.318681609499932,2.7535861954522827,7.220685065226967,0.24371979850462838
hiphop,hiphop.00097.wav,587.2119344314173,582.0556257951188,0.03420159029389018,0.11215345,-275.8541033216159,234.8679297475171,-5.447091553556738,-24.12519185724062,42.66722645252395,21.113370512261664,-10.870662240018499,5.020740333459034,10.217190245964776,-0.895132180217501,2.551307627983782,6.2256981304357,0.4567360695547654
hiphop,hiphop.00098.wav,623.3770967653851,645.769807022023,0.0330127972737819,0.1111199,-284.4765202578238,213.24321303740732,-18.006203596046475,-17.299130811082716,51.478226337852035,20.00066036408916,-8.561626305207643,14.473089344811566,15.922890254505615,1.2655032189386703,5.4928950353377735,7.79878745654625,2.5257989778874483
hiphop,hiphop.00099.wav,759.00185022858,577.7239124553878,0.052790642522235115,0.14517862,-249.04500293122206,193.48293624946191,-12.189503498245495,-32.014456464572014,29.691878352293088,16.024723436535833,-15.28391772866369,-2.8175391288018297,5.596583886508452,-3.4459531943975694,-1.426429269999768,1.439157953372107,-4.371458163600929
jazz,jazz.00000.wav,697.7337289849128,515.2961473543534,0.05478115332559938,0.044377953,-338.5545899956148,209.52859687358054,5.410460737790962,-37.4031212210471,14.942558151751502,15.33972675586951,-12.860239116930552,-9.201517880794805,1.4568608618764252,-3.3566625684144555,-5.967291870480675,-2.1042679337041506,-1.119274374777925
jazz,jazz.00001.wav,582.0046802908512,492.4393942294331,0.04558802204176334,0.022236016,-438.96360346407783,224.93772612953504,16.239097800892242,-27.56490777756751,24.207432337196323,22.18271900063887,-8.618447957308938,-7.460311097531944,1.5578183525892075,-1.6682128525940407,-1.1713468840348433,2.163157729945313,-1.559986783616854
jazz,jazz.00002.wav,696.794909805785,517.5452134437783,0.04694146365042537,0.077002175,-340.7481352989654,237.66856927729182,-8.915367341156713,-42.49950445933392,24.516027581581294,10.792918430609609,-24.8919992221097,-9.886462646946306,2.712573384302463,-13.071025503546558,-19.467973151570973,-10.164046951697095,-7.120266934478755
jazz,jazz.00003.wav,541.1450186709063,432.0612520980295,0.04045634848704563,0.05907319,-354.720738022638,237.08327566850852,27.870986031831954,-34.08976061240169,10.130234881260922,18.41316018379598,-6.27616916251137,-6.181505902294807,2.501120963964318,-4.394383701566349,-9.19855387639337,-3.575311060379197,0.13610753327894118
jazz,jazz.00004.wav,537.6598943009595,426.50783910191365,0.042645494972931165,0.10774714,-356.96536341648755,206.30104004126974,31.270636773978765,-15.674349551599226,17.601099691808557,14.665178434575395,-8.115857747542567,-3.85887935373605,6.2596313546228135,1.0785678257320348,-5.385728818424604,-5.755770948123881,-5.667912157326053
jazz,jazz.00005.wav,605.9682586810733,485.61852787179697,0.047306258459010056,0.105224445,-327.0668739142076,185.95190980084308,18.557077564230617,-19.498716395426317,23.53037874561031,25.485763225169723,-0.0535680550871204,0.05949173455968254,8.284464049699183,2.340167150491138,-2.332223381644128,1.4509827898015968,3.6335456950439884
jazz,jazz.00006.wav,540.4096620761952,491.86390603508596,0.03265479988399072,0.09508887,-339.232675572143,228.8818727007511,11.405642990473922,-18.598350253614456,29.434173603986665,13.551179701367353,-7.777400535720582,2.1076328813618037,-0.312255412308371,-8.523466191019203,-1.7980180465694091,2.4772678510753976,-0.11175743960596769
jazz,jazz.00007.wav,685.9560221875838,445.3290418385941,0.06101325345610982,0.091999546,-371.64479013109394,199.7438917352946,29.007037142095626,-20.917592340308286,14.151771109574483,17.19754200753797,-7.615765505428207,-9.54124931796671,0.005429165730829439,-1.7665936732245742,-2.158933289831792,6.970811489557506,11.480572198321253
jazz,jazz.00008.wav,565.3437413963028,561.0776145197834,0.03199658316415313,0.11581657,-300.47721368085,226.61002177059092,-2.357052567651325,-23.762389189718473,43.07859957223344,26.191417020212754,-9.635775946933457,0.8468491096591964,7.8031980723645145,-2.7357124746221357,-3.8440396818333507,-1.9930657122982147,-3.320232180427607
jazz,jazz.00009.wav,451.26437450670375,393.77823165897246,0.03066693252126837,0.08523988,-365.5358110933021,224.18884586303838,41.31395266106835,-24.39405752062354,11.488922253543079,25.654722360693953,1.4328552591355797,-5.567645777484797,4.573100063183892,1.3846708604258722,-7.297198284190618,-4.8535600429863095,-1.6965019979844527
jazz,jazz.00010.wav,507.2309999259752,485.91919456417213,0.026270135465003865,0.06229537,-379.4783103596224,204.5456949466555,14.73001241539926,-8.29540745622442,43.06294275041494,28.506054441941007,-5.360109881003359,-3.9932557006541334,0.23461558244618275,-4.217651180548487,-1.69202676458745,0.696766364627656,-1.819355454348013
jazz,jazz.00011.wav,660.3384332435234,546.349678762325,0.05047196744489559,0.06766438,-320.0970389273118,226.26770451149898,4.415066356850007,-27.14750502497482,30.329124951442154,14.49716519703047,-18.140600111083366,-4.029462166912954,5.612750413878031,-4.907437671511292,-2.196774013084743,4.935008958816014,1.4216040177289386
jazz,jazz.00012.wav,595.7273241457868,530.0663399544205,0.03992350638051044,0.0359882,-377.3616319714542,231.79443505693564,7.013281608726109,-25.893510819390393,32.20634008068464,17.035552121187514,-15.98201331086902,-2.30334619675488,6.705918267951119,-6.378780894089057,-6.200073463620609,1.9335265612863715,0.058787286933819564
jazz,jazz.00013.wav,519.1623682217364,491.13436812745374,0.0365025165554911,0.054738685,-345.0728989534782,226.4433178066909,20.483554942615676,-22.32672308240307,24.75032753440098,17.18892198347649,-9.971006622908169,-0.2843795459108298,8.226339123262251,-1.4050230276800781,-1.5855861082276954,3.5403039007966917,-0.097229649263337
jazz,jazz.00014.wav,700.5440616905795,484.7455475933087,0.05809602789056458,0.03659705,-420.40258210535217,182.43476678176538,16.706719519530417,-23.32948455173587,12.269531312024053,9.04083088129729,-15.05824144719501,-12.691852335446114,-3.868375085252759,-7.5873590362942265,-9.166859147979784,-3.893918679113972,-1.2478330883043567
jazz,jazz.00015.wav,668.9961618271152,554.0623474872029,0.048979178750966745,0.05909159,-334.18822138333996,237.03112827544524,-2.9108203581884737,-29.81665533006247,34.62685930832181,15.156335176510158,-18.67826631658191,-2.437004974965541,6.275337623694124,-4.109037176539492,-0.059486214954320146,5.412908769246591,0.33844454029776594
jazz,jazz.00016.wav,674.8884285912893,523.363951515173,0.05667347919083527,0.05629147,-358.94743522233387,205.41945946446162,14.211393912451571,-21.91804615159227,25.198240658408395,16.4972639545684,-14.575142766423797,-8.487737767247847,2.9040677812724702,-3.581236442141048,-5.948632454080537,-0.6346893429200093,-0.4714151898603895
jazz,jazz.00017.wav,619.2409960930258,540.5291527053577,0.04184302192092034,0.048044488,-340.98892447279883,197.8801677203036,14.271523511827109,-23.37061234355103,22.77832100338705,17.11268741528388,-13.612112147665348,-8.769727254134198,3.148405579020173,-2.4775911381159927,-4.020903490106455,1.6723883976258198,0.34290835105859113
jazz,jazz.00018.wav,719.2986042791479,605.0343570995257,0.051044461161059554,0.049847867,-334.16025784028574,232.9032796199331,-16.31054027472618,-34.921033033929845,40.795827663295306,22.510924476405734,-12.70475328032287,3.8239950832132052,10.188833522126034,-4.451577568479563,-2.290579084307059,4.189485709367983,0.1447578940345306
jazz,jazz.00019.wav,610.2368605877024,532.599350376405,0.04576966417730085,0.049244516,-380.4003389596955,224.91386882114367,5.401063039021527,-26.853283494484124,35.15504728889471,24.79860594839394,-11.13300840619997,-1.8324858247518807,9.214357550156286,-0.6320963385097221,0.47458581919333487,8.813879290813084,3.9143849128643926
jazz,jazz.00020.wav,454.0245000872118,485.4469618551595,0.025059062016627998,0.026735885,-450.1527862277338,173.70208539046766,26.800950310438196,-5.512776850867737,32.699259994975094,29.00015752181309,-1.6224820471653167,-2.955753650958809,8.09077728823456,3.092606644202365,-3.22479747740838,0.7862218002472281,3.2686535812078206
jazz,jazz.00021.wav,709.4824690865565,599.2362502836172,0.04716502320185615,0.042287327,-351.64399706313327,243.1215357563667,-20.43493954264087,-27.766739199148898,35.05619541979688,3.080851233525707,-16.988653668379712,2.3866704008277573,0.8507714416274558,-3.0982125349478538,3.850404123757153,1.8399268975312892,-0.71132285735336
jazz,jazz.00022.wav,579.9093578066947,472.62240791530564,0.04103601725638051,0.05010353,-389.53939857779346,187.6405431897351,23.75150416750172,-22.250524611520138,15.507316332841825,19.037819100197805,-6.9881433686346695,-5.938402353875658,8.927522586491902,6.372371417473958,-1.5724416939309278,-1.0054309023250738,-0.4751204573446641
jazz,jazz.00023.wav,679.6129067885439,550.6018411762007,0.05343866311388244,0.084920175,-323.14303929383686,218.34389451849398,1.217507852901921,-27.51560358896875,27.286479957049675,12.366804902118954,-15.09998143275938,-1.754958902981429,6.421963649472798,1.697605716670468,8.643058045341238,14.250320210151852,8.863483299076398
jazz,jazz.00024.wav,690.9522674279095,581.9547543454413,0.04654230411349575,0.055985536,-339.2817197249432,227.1634654602837,-8.052204077683122,-32.121406629717306,34.78664953891942,18.165318069080946,-14.990503236690536,0.29692527710637967,8.351518336421154,-3.554769167428811,-0.8552404789527951,5.9866222874859805,2.0638984393053663
jazz,jazz.00025.wav,584.8493785936618,496.73159061517487,0.04167157591357309,0.067878,-347.4115309326667,202.0991118011971,19.027337255275256,-20.68055436865455,22.29639098186094,17.937099537736298,-8.513702947681248,-2.4031620722159324,9.4140681841275,4.349035713505234,-0.003359468176004241,0.9423262684184561,-1.716805468098279
jazz,jazz.00026.wav,606.1488856058112,467.89714995810317,0.04352085145978345,0.031535003,-501.4418907243359,175.5774296894591,14.484400984483697,-18.240465506958266,26.922724168570383,25.04990615195618,-6.710345552484921,-5.7013917280467625,9.513640884912135,5.091283897468075,-4.608518343832679,-2.247604357067912,3.313839850356264
jazz,jazz.00027.wav,536.1855895694005,522.2724833145821,0.03341044627320185,0.03896831,-400.2861274418396,232.1001075516034,4.771432944128295,-18.811079360909375,34.77595424553891,16.050499984502686,-7.2784394129310215,4.110524844331195,4.696167926296938,-2.7689918023816493,1.1726411876718388,4.715103283780478,2.7142938145297637
jazz,jazz.00028.wav,674.807795302473,536.0172267814594,0.0468459221529389,0.046522275,-359.49605765177347,219.08156347359179,1.7462898039199117,-28.31390892297234,27.49369348156376,13.4915867358801,-16.711309634973784,-5.987830081677519,1.6017473775459241,-5.763999576102036,-3.128784514189472,0.5541194897213116,-3.992205168601062
jazz,jazz.00029.wav,661.0792151205089,566.8987831636327,0.04455028277262181,0.03408854,-378.99563363725423,225.8146374860605,-8.849398536296498,-25.123664071667314,33.677450632091414,10.027528826317116,-15.236278120358147,-1.1035842368966509,0.20714808119012232,-5.650987102738106,0.6184429897844239,2.5256507640569676,-1.36029410586205
jazz,jazz.00030.wav,655.1296662462373,538.5521900946593,0.04903015939191802,0.027377587,-443.93200166155805,222.90982478854195,-2.7268177909998945,-24.235817224098657,31.953703129957308,14.20133811101422,-14.44643011472658,-9.3064272635593,-5.196234020356688,-4.77719959914097,0.08751800961210426,1.2754397035837974,0.27047903240541893
jazz,jazz.00031.wav,651.1169140309042,553.2469855881233,0.04783834529679041,0.041432895,-374.4497873369815,237.67756504600047,-3.563467916562047,-27.74543835218164,33.76594868258594,13.113610667374171,-14.934882372060803,0.8632764533809199,4.554407257253595,-3.377671494369142,2.7135683802915036,3.608766477871614,-2.693819955646035
jazz,jazz.00032.wav,555.6509737351683,482.5630156431096,0.04050544095610982,0.040111262,-406.56556913165934,206.51562788309792,22.16269988866354,-22.79024410655257,20.66593543521964,19.87677892994576,-8.086369229059702,-4.678490419824233,5.463296968395895,-4.02104244031315,-10.53676658064083,-4.445044029837409,-1.29630725583609
jazz,jazz.00033.wav,523.7894965652991,491.4619891359471,0.03263516289636504,0.06897821,-353.04791628217316,209.50232511769505,17.274405930691312,-21.39080062056952,27.718463662710988,25.154416637078327,-4.261452903933284,-3.0554324678863383,3.690674682941163,-3.455753495406451,-4.804149411648345,1.6340698720699465,2.739325621702372
jazz,jazz.00034.wav,695.1454066783325,592.8241336183211,0.04886437790023202,0.11777522,-280.7393019162734,234.61921914334823,-13.845415657015153,-27.550211046530645,42.78250075073875,23.202288118862707,-7.067510782368971,2.6533023469415835,3.489634229095157,-4.946491477314318,-3.694728404462005,-2.76296703826999,-3.219898285911256
jazz,jazz.00035.wav,500.317533102581,446.5227124080051,0.033157053605955146,0.090720914,-342.4001548852494,239.6089064742106,24.597996504841326,-21.661034281444103,26.729770244894006,20.978452546982144,-10.337800696884578,-9.549077418353725,-2.5610208440735853,-6.864797344760918,-6.059135553672053,-1.9733255466311272,-4.335764422212662
jazz,jazz.00036.wav,747.8003499578127,567.1115253887216,0.06368463904195669,0.068799764,-297.81297155230817,232.53226323640592,-4.136312574018932,-33.02687431581057,27.535149170248694,10.85466472059183,-20.212319125009593,-7.464353207277117,0.7573702929339768,-8.17968401159327,-9.073148723674905,-6.023791521409528,-6.060296791970038
jazz,jazz.00037.wav,627.0279834619589,519.8925784782372,0.042716490235885536,0.10494287,-290.0802024509328,212.87750662228515,10.307782219105432,-33.126793577694286,20.684522055189788,23.39611133355575,-5.808951566572849,-3.713023404067332,6.888803845836835,0.6753893781172798,-4.114448421690124,0.11246829985547573,3.0983222802055552
jazz,jazz.00038.wav,658.6094740001394,547.7198565441951,0.04550758591937355,0.09442707,-306.2834213109665,233.57253559554823,-10.277356311859542,-31.722676140952647,35.480376832541666,16.16560209963128,-13.90889306855747,2.599279469393505,7.263545732065249,-5.148406911700961,-4.574230203649692,-2.808756214413635,-4.654496641396958
jazz,jazz.00039.wav,587.2483314041482,528.2100639702417,0.05036169820668987,0.076767206,-330.1628589814062,216.5677250811511,15.269448129784491,-14.972280314744248,28.113014345257973,9.443409581447124,-13.83874501856755,2.244759060952983,9.726913456271538,1.873095551585833,3.7359014802762416,6.537283834847184,3.7535562580167388
jazz,jazz.00040.wav,588.9791205806386,454.81728737585996,0.043571076831979895,0.13554223,-282.4906905017105,227.6719863685589,17.2290892190033,-24.817848888832042,19.645999438031826,8.001688183071153,-18.4170750770833,-7.69274431623624,1.036808077032425,-6.0761961042712365,-4.881502287294389,-0.35750960212017313,-3.767781388515478
jazz,jazz.00041.wav,698.1309405026227,578.9686170137398,0.05935657144238206,0.06589881,-331.7659993982619,230.15693409377792,-6.077344396180405,-21.305098975946613,33.848173049339486,9.638246690518441,-7.75021489656051,8.094421761659602,1.0961148282614348,-7.910204384745959,2.934565399726238,5.89731369534441,-1.219295587760006
jazz,jazz.00042.wav,611.4123044766479,472.1159805232898,0.04522889174883991,0.095197886,-305.68312727483294,220.15310143002003,18.584995730891382,-27.01023824654586,17.279267823280463,11.375531108735814,-20.24349960071702,-18.179780941019043,-3.8588503165210146,-3.0526443142720554,-5.779881512583982,-5.410551745629538,-6.011179168254397
jazz,jazz.00043.wav,762.7922071816561,572.1063831033405,0.06133235450502707,0.10489628,-306.99464151322763,229.0068985562417,-19.915659215126347,-32.290049439178226,37.50178283498612,15.10165285362019,-11.568072893165679,6.974727708280078,10.18480313107486,-0.8974827905907728,-0.713988508144124,-2.162030682187374,-5.419699507197364
jazz,jazz.00044.wav,607.1462002970768,517.8762395831455,0.0445880462103635,0.08452412,-328.81646150497454,230.3595934683639,10.381004500247482,-37.0893668961638,21.675268711322275,25.071163926600036,-7.119210648337675,-4.6932854819719045,8.714550276783623,3.511508487856803,-1.4671841469220648,2.7989747204001,4.585756353364148
jazz,jazz.00045.wav,544.8370751680347,467.94748818351434,0.03669624299110596,0.09905723,-318.07468494770364,238.60813425727787,18.453120767961696,-24.223857049154383,27.697196380649224,18.81221555530836,-14.119250808472634,-10.135187461854683,-2.5885543655286436,-9.037887645971695,-6.8220927960265785,0.06746288935347872,-3.2192538277075733
jazz,jazz.00046.wav,631.8918123673191,499.1485197931963,0.045594819460556844,0.10719534,-293.4231193707244,214.24041503373812,13.36511099493161,-26.13530831299862,20.09456639325719,9.897944604983135,-20.09930893606173,-11.475496985913598,0.7025735267134245,-4.961433014968403,-4.995031169629749,2.083893982975913,1.816150847351474
jazz,jazz.00047.wav,648.9612318599711,568.4804701279074,0.0468772658062645,0.05182598,-347.8331634388304,241.51762295950766,-8.820128713259882,-29.7466625355367,36.520766355427675,14.475945057697992,-13.554101008525786,4.049533156768123,4.797578083073612,-7.717801158172034,-1.694184932209711,1.1952567413382698,-5.1050881202467515
jazz,jazz.00048.wav,678.8488513853384,560.2488309264911,0.05166944605568446,0.056406286,-337.7852961073343,234.44665060003678,-6.552858203405112,-32.52390314029056,34.22375067018532,17.86497779438244,-15.849363463086611,-4.5658683577118,0.9600705078030508,-7.497727285498126,-3.147054129581674,-0.19907939913238878,-4.922524342438837
jazz,jazz.00049.wav,574.7941781330913,438.37624690267535,0.04228070016434648,0.17994815,-292.2874988115108,204.12782709035724,21.645459595176554,-18.018788481337634,18.315209740842093,7.726804332723117,-19.64967607396244,-15.491636648342727,-4.961158127663658,-7.312865880706016,-10.967479633622373,-9.332211260790153,-5.358254729852381
jazz,jazz.00050.wav,569.2415583604704,589.9139109376304,0.03164868836009174,0.18436097,-234.48420180999778,252.07167611520234,-15.653429228387875,-23.94523508270342,47.6660144021467,17.728622405098527,-7.172214237266111,13.485417228356829,8.529188855724477,-3.847724039207629,5.357940794465287,6.901474971909589,-0.28317059392835137
jazz,jazz.00051.wav,524.1411395155827,491.8993595259243,0.03263969450889404,0.06897906,-352.9350034897059,209.534984468125,17.195182576831222,-21.441920226213007,27.736882541768264,25.1617315251867,-4.279827682669975,-3.0562681454020906,3.6969971821805347,-3.465334019468304,-4.8085697254141975,1.6446113481573437,2.7437399097371573
jazz,jazz.00052.wav,527.0540801610297,539.2156722312358,0.028367226532475018,0.18147016,-248.8187263725927,231.03169169771445,2.6195560454319557,-22.56774069447999,34.835010328921875,18.605706479604642,-5.8758851035263735,6.527630151947233,6.648494833981803,-3.720455314297764,0.5382309915781337,3.874377099494677,0.4193242643922588
jazz,jazz.00053.wav,695.2597359949184,593.1108256624132,0.04887042005027069,0.11777517,-280.7080669186735,234.586691635128,-13.837115730623736,-27.54447274858897,42.77641695506989,23.203355686245818,-7.064985737130073,2.6510846274809805,3.4896807230400126,-4.944707042090227,-3.6957478775092154,-2.7637094231471093,-3.219508562723568
jazz,jazz.00055.wav,500.6022262762447,447.04828010000955,0.03315063382153906,0.09071988,-342.3191671321559,239.58991127040258,24.539059006768937,-21.662950393820555,26.767857877939903,20.97124314577979,-10.368030830583885,-9.53339578504518,-2.53156772692116,-6.880428982860432,-6.084973842105389,-1.9608004264254644,-4.317116888668088
jazz,jazz.00056.wav,621.361143670616,582.4914573061855,0.040010516826923075,0.18889272,-220.87185317972663,244.8252232675545,-14.950649983470642,-29.354128442501867,40.17855808862854,14.10454383829144,-13.370182199703827,6.240549326595473,7.5980816375591225,-2.4881376660126673,3.9120628882286894,5.1074404113884215,-0.8602019448545434
jazz,jazz.00057.wav,614.4180701354215,505.41303145602154,0.04478781479601701,0.07634391,-338.6356690257391,198.53668083507497,11.853732908067135,-26.266955733453194,18.40415940223527,13.264795023518115,-11.41054481284449,-1.9134411811455183,7.89930152723567,-3.311085513729623,-10.256356702127956,-5.815183630369856,-1.6388858552170427
jazz,jazz.00058.wav,748.0428306896854,567.5752460590058,0.06369370226701469,0.06880025,-297.77565093150656,232.5084726022073,-4.141473885906221,-33.016837853957995,27.535894005854665,10.843351968894828,-20.212647872002577,-7.451751994342547,0.7600653696243075,-8.188656274919795,-9.074143516066238,-6.016268038977856,-6.058581238082018
jazz,jazz.00059.wav,424.85459217400506,432.35290436880837,0.02778740539318355,0.18016998,-289.7200306819691,212.33395763350268,34.00216506199684,-9.943882906405642,28.395884170568845,24.364099866912436,-2.878794940231592,-0.029032554022024454,9.635287223504573,3.616903892153962,-0.6137613661064708,1.6337150591671439,-0.3151792203648915
jazz,jazz.00060.wav,627.361504275941,520.3917582776659,0.042704405935808196,0.10494247,-290.0304698661044,212.84123129866057,10.288249423095332,-33.11143917744235,20.701025129984437,23.382075392356565,-5.822576615524356,-3.7013814780015553,6.895924908353623,0.6635137427574255,-4.117963107547942,0.12118093985012246,3.096247353782202
jazz,jazz.00061.wav,641.336212106066,591.8100250951582,0.04295713317824252,0.22047676,-202.7014732748149,256.4012838795003,-19.58274450425688,-28.60108869119694,44.83922669452797,11.878857206601046,-16.320515607981896,7.098825993965174,7.076671896840811,-4.121996812256165,3.5548844068039442,3.9300904097079497,-2.2801715526054034
jazz,jazz.00062.wav,658.9607795110059,548.1650909379283,0.045504564844354216,0.09442735,-306.2513072486537,233.5450587763233,-10.28367142646646,-31.717505604575546,35.48145593495189,16.158485424534476,-13.912058225911695,2.6021568694895736,7.260757748951154,-5.154797569673785,-4.573693531602899,-2.807311620257922,-4.659659622266986
jazz,jazz.00063.wav,667.6303405331548,568.0769716667074,0.04678652702121559,0.15480064,-235.97299195113928,265.9737336376013,-21.997507263664254,-35.47142953744502,38.68451349629936,10.171124732573206,-14.022741526101678,7.129294944468959,5.4395274457295955,-3.0142565195613624,3.7590184516418983,1.6591564248050916,-2.54061024533744
jazz,jazz.00064.wav,577.7974098178031,537.0831635901026,0.03565774845320959,0.20797406,-221.7991977730742,267.45667415902506,-9.047675973782146,-30.91060069642762,42.11366973401641,14.864793882194055,-19.089552676719748,1.2125799408405014,6.139975216198461,-5.902494151442225,-0.8461233677192826,2.2670888569385994,-3.1413664782604798
jazz,jazz.00065.wav,587.5250961745271,528.7081464617505,0.050355656056651196,0.076767094,-330.08446959056363,216.54679532468919,15.227914372762557,-14.993219264198238,28.132831986873356,9.464845304071364,-13.84519083687329,2.2351801280742416,9.731533625776182,1.8733629957531732,3.7289280139066867,6.539368365745665,3.7593855480112617
jazz,jazz.00066.wav,719.5546089742389,551.1223239681598,0.06544354210601994,0.162505,-262.62314020433894,254.9817757976248,-13.526816261118162,-34.52549862547053,38.28266792374109,14.297544835916757,-19.654929781082235,-2.867865169694532,1.4594069806627026,-10.055773736224479,-4.913624265769718,1.1652350115794943,-2.221782769793704
jazz,jazz.00067.wav,589.1761573729018,455.2183733669517,0.04357145446635731,0.13554339,-282.43461458546875,227.6450684822595,17.21000811910855,-24.816096901108697,19.654242321657257,8.001305439599452,-18.42213947013813,-7.689996337926607,1.0390414318863563,-6.081002520489727,-4.884887781359352,-0.3536309319631344,-3.7668596282696187
jazz,jazz.00068.wav,611.8137310644202,472.6532300919447,0.0452130311049884,0.09519806,-305.6249967410964,220.13036667954407,18.5530311185361,-27.009990438680774,17.295532246267694,11.37389425616619,-20.25071088582442,-18.172271501596892,-3.8561648053184228,-3.0627457296052114,-5.780903160422796,-5.400658950319437,-6.0129723480312105
jazz,jazz.00069.wav,762.582739913422,571.7301332123291,0.06133613084880124,0.10489589,-307.0223283787304,229.04322159080078,-19.936336050748906,-32.30182674792325,37.52040856360369,15.096589408574953,-11.580252081442275,6.981249283576521,10.187375877389368,-0.9032773792297506,-0.7153497135772844,-2.1605973973938046,-5.422501566505849
jazz,jazz.00070.wav,607.6183391424505,518.4538114236394,0.04457558427590874,0.08452231,-328.75639053477164,230.32859948409276,10.342111452326938,-37.07297290718334,21.70739723317454,25.051802900875966,-7.145985523492832,-4.67355491598671,8.735012818225611,3.4912260076091437,-1.4813437507730491,2.81640369579425,4.59407662311923
jazz,jazz.00071.wav,545.2242557811778,468.51030466397407,0.03669548772235112,0.09905749,-318.0019149119256,238.58816608973063,18.410189431559548,-24.22833735574433,27.719158635559893,18.807638645694322,-14.132161234604181,-10.121711881383797,-2.5764214718636294,-9.050342316728695,-6.831923798067763,0.07351915058823015,-3.216199208643809
jazz,jazz.00072.wav,632.1804333532824,499.61671415539024,0.04557933645108275,0.10719494,-293.35953936159575,214.22443376155076,13.333155542617375,-26.147112010067875,20.1040296776511,9.908759471041412,-20.104348589998907,-11.479025999807485,0.7047279291857473,-4.959026954299066,-4.99374725354248,2.085053834336096,1.8108876279113724
jazz,jazz.00073.wav,719.145594504043,585.4227731191957,0.0512268585653519,0.12196324,-251.90827954526412,224.93271459333062,-13.996476037059736,-27.15282459167999,35.726823612525614,8.682042416210525,-18.488948446503247,1.0814410139244512,3.3016239508238074,-7.166706193449311,0.5019955222814972,5.555073847331123,-1.0350357775748429
jazz,jazz.00074.wav,686.1273714206943,555.2752324938094,0.045767020736658934,0.10376581,-282.12064003555366,201.17632528474815,0.6916228979569141,-25.025626517003108,25.828525625008023,11.965294625186205,-14.920470365815415,-4.269129070459144,4.179439535987931,-1.860150998766806,-1.4470162527130435,2.474320883149358,0.8531838226227407
jazz,jazz.00075.wav,764.3627024142094,584.6940778195012,0.05586458635440835,0.13502294,-247.57546356933287,226.66959052366545,-21.660222516325735,-31.749935819573555,34.98442617939862,7.3818412396386295,-19.614897335088585,-0.6949985274681924,1.262301160347416,-6.630792614863384,0.49365356637726865,2.6523263006035127,-1.7290606300092883
jazz,jazz.00076.wav,719.1450721676773,561.7623410914199,0.05163810240235885,0.113780975,-278.13770640030475,220.7622415714561,-14.2599215080056,-36.82277557395615,31.16811097007141,15.893960794612925,-16.680626905694577,-4.10968496909717,1.4284162353796217,-10.22619918870673,-8.302658993404828,-1.3869585459925313,-0.6220879680617756
jazz,jazz.00077.wav,785.7475893601892,621.5886941271293,0.060966049158932716,0.12408655,-259.6771535330908,242.8007460942444,-28.472427331365083,-27.343728920049276,42.1611611932108,2.527087027174757,-21.674384216011212,4.001024566375411,2.60178119788314,-8.40907408132893,-2.8617759372586016,-2.3341552937434087,-4.782824737238904
jazz,jazz.00078.wav,688.4353772662,556.828957293077,0.047779056699535964,0.10943326,-284.8103239345281,204.15441462677367,-5.560626975251139,-20.4379046592022,27.858111139859425,3.7216975371067154,-15.349015214668768,0.0688118008647688,-0.9371982737398078,-6.173218945508453,1.5944672794168762,1.6918671413301691,-2.6342713392015265
jazz,jazz.00079.wav,615.5062966788219,600.9186766018429,0.045029123163186385,0.065076426,-332.33403969024573,227.18867978163598,-9.49423102929877,-17.750359142810893,43.29307981443477,14.1288951747404,-10.10390609296781,7.3414976609011795,5.742445175762153,0.3185302737628002,10.048829223544153,7.114222142864021,-0.25919894491576423
jazz,jazz.00080.wav,704.4256162309684,642.0002980833347,0.05262977027745553,0.06688618,-309.8433577632563,246.18023553222415,-31.42799411092202,-22.975808135874665,46.61775769143319,7.927781547182837,-7.572135411419356,14.089784693869046,3.7679537137171866,-2.826650446418078,4.845112186007044,-0.5855379967342831,-1.7170711288330174
jazz,jazz.00081.wav,486.7277478989752,527.5177695197813,0.029537050464037123,0.041282743,-389.5877165218555,224.64799002960854,12.322478542401914,-18.88792314210346,36.21549850785798,24.720264281339034,-3.9189217614516743,6.022106377008425,10.084619566014496,-1.983572399066114,-0.3537286590432267,5.894397663728042,2.633063950526678
jazz,jazz.00082.wav,663.853814351683,604.3403849494161,0.042563925947409126,0.04132288,-339.71165389970406,229.09013053386028,-11.459562236543318,-27.893115997009655,38.709103104094744,17.111852451326424,-11.898585196916619,3.3238468881896766,4.69036496265226,-5.076223185603758,1.5206347045441488,4.026214554361023,-2.074988066447255
jazz,jazz.00083.wav,615.5534630566145,558.1071849943883,0.040175766144624904,0.06904214,-320.28731171117124,249.39094280964227,-11.565478508803466,-28.536454589822068,37.621167029690305,10.884461670431637,-15.168844016320417,2.7406491518165903,1.3633928785066787,-6.55965635007653,2.8794348709545767,3.058490158507061,-2.339569749727506
jazz,jazz.00084.wav,670.1583779887735,623.1358820792717,0.04208810663186388,0.047901563,-359.0030612880972,237.93886796883308,-22.018063923062773,-21.914755534100827,47.02373033660452,9.232139662694147,-16.890937394896117,7.04128793487946,6.364372653346602,-1.9080094927810873,5.556944310957372,3.1391483001355356,0.013217024832427373
jazz,jazz.00085.wav,814.6457485497941,629.0599894811716,0.06561208490429234,0.06256317,-310.0312645383105,233.0522877905403,-30.67170220830493,-28.352570826468224,40.98325142475323,2.2615152684033277,-22.20042552762242,1.7812993846713345,1.049739588099067,-2.5177980192664235,8.415603623969897,3.327305734761357,-2.988952886145037
jazz,jazz.00086.wav,803.7539269647945,656.7273730751895,0.06276585460170148,0.039732873,-362.74992951861384,230.0742122088024,-33.95530153894408,-24.02852534797784,46.97395686556171,7.6939363676692825,-15.173945659960618,7.248841300184777,5.266124303281398,-1.241610354014424,1.960809756506794,-3.756517178541583,-3.329786899194145
jazz,jazz.00087.wav,360.090976589131,393.1301799363732,0.02259801877900232,0.045597486,-418.9428499811927,159.0324410217847,46.124619539134116,3.6964581534473213,20.2924952531702,21.91666018809514,2.300439707702656,-2.3407925929367397,7.402212518070658,9.207969122418083,3.848152492882333,3.6456510785559755,7.334578776193912
jazz,jazz.00088.wav,561.5366149747475,512.8855463345757,0.03977773951082753,0.08987878,-335.6573246179738,216.68607782508556,12.39587646668472,-23.309875113600626,29.628355036713824,20.02625189443879,-12.837218570184534,-3.0910429498657077,11.112483485807997,3.105936317356221,-0.5810255805173473,5.174380864033827,5.067520839206998
jazz,jazz.00089.wav,454.3489402817543,494.31603605218385,0.03113293334300077,0.0421399,-409.82308480767006,165.66776993852534,35.90447488866807,2.0245986037648356,26.615139495880765,19.689248767950406,-3.0545430403578586,0.06938706333522403,9.230305587249674,2.180692625119712,-2.4124656068475945,6.8224489285562235,11.077290196853957
jazz,jazz.00090.wav,516.2359315827541,466.601821762627,0.03477483927880897,0.06062291,-360.20993045210344,238.366895022958,13.291158238897285,-22.57945929621486,30.564165786345814,17.086703003370317,-11.510521609240993,-3.6623778489143963,-3.440076535424293,-14.889124230876336,-9.956549498746089,-2.0661918547418265,-2.90380869667101
jazz,jazz.00091.wav,635.419272022744,544.6152133891026,0.05091757601024749,0.02760382,-436.5808351941851,191.35391593247542,17.74844894549143,-12.556794867008742,22.860331667386113,11.835721551641795,-7.50700766824203,-0.6715248293696734,2.4813971202624128,-3.094929621185494,-1.2904543298015452,1.5186202799638924,-0.3751218287039385
jazz,jazz.00092.wav,485.07368404034503,459.9734486858276,0.03264309321829079,0.04609357,-403.85100993410055,185.02052654672443,35.96422963648204,-5.241139349909305,21.0494961567294,18.185757593389074,-1.4792729528203032,-1.4054080336861552,2.6443642772912477,-2.5988726310241193,-3.607501537367728,2.3885870997865415,3.7758947096544206
jazz,jazz.00093.wav,622.9114504790457,530.5246107524395,0.05172986755607115,0.044058338,-377.5479651084582,257.47634944734807,-3.3572800091951267,-33.03218976778188,38.29920819142894,21.16849096055065,-14.840452839223762,-1.7998843489244172,4.491966972055032,-7.733463443233041,-5.6455896878587115,-0.09535114587592597,-3.9066722192430716
jazz,jazz.00094.wav,479.31688789966387,427.8235131215841,0.03550707233662026,0.039532308,-432.24008026290335,181.76120166713866,39.218554890570694,-6.501101474248155,19.29532707292137,20.10360779732903,-3.5201076200766472,-8.134553958502563,-0.7834548690905269,-1.7215477351042514,-3.7218153208148794,-0.5291308960815108,0.8653782889079055
jazz,jazz.00095.wav,577.9276701083667,550.1447746567113,0.03675968556651199,0.06628284,-340.3463461609591,206.80092295479184,9.984289209117263,-20.621265424513773,32.72051525600174,23.143745681749365,-8.376876244121217,-0.752969767845199,8.390715560929216,-0.5063176900990006,-2.2978389103395926,1.4733779751101075,-0.5585505678129503
jazz,jazz.00096.wav,608.8931365586818,562.1103844105127,0.04208735136310905,0.042106245,-384.0039810028859,187.06280412271968,12.812052734364903,-14.636684026817692,31.321733423401202,23.374637765658775,-2.7949473929710553,2.894211794241487,8.412528638021461,-0.6592952671999726,-3.2180916125571297,-0.21233397673430757,-0.0411342552198741
jazz,jazz.00097.wav,457.35811759285576,407.5458397405304,0.03265479988399072,0.021090472,-465.5640968103111,156.400704514969,50.97582999815859,7.889383902317785,19.979523700299215,20.322258618403637,0.253112276583928,-7.894932452650131,-2.5786211183568004,-2.5884547696909705,-7.1062639526323,-6.185163916726621,-2.085940101220121
jazz,jazz.00098.wav,538.0580739013145,540.4885055705738,0.02871342988689095,0.058692396,-354.74807510954395,220.86345732571198,6.538540605580598,-21.527584930127343,34.74324545700357,19.47444944230955,-9.795149192670424,5.00395963664212,11.868511016655281,-2.2008024487690268,-3.3654344649789114,1.5530961258421072,-0.44208034139219454
jazz,jazz.00099.wav,493.2738398330422,491.43195471393176,0.030785132081399845,0.03887809,-408.0836061443042,190.12263522063688,27.55979105034971,-12.713410985614841,25.61447882654878,24.4110048645242,-3.5941876487116486,-4.245396919444267,5.451782050038223,1.4290788091936388,-1.9995393595698665,1.2846586506815805,1.5868055745276606
metal,metal.00000.wav,744.0478852736245,703.7691800424727,0.04711026621713071,0.09786787,-254.89177530202667,249.09755185451118,-42.46395699252086,-18.518381026106564,57.978527587035956,6.886713886618494,-11.338457670589765,17.884473019266185,8.675106492264128,-1.7207742763405405,5.209790186583454,2.395231615689483,1.0777744971461043
metal,metal.00001.wav,706.2489291750146,689.716078196594,0.04491318940931941,0.08609177,-282.0847269379447,263.8467634781306,-46.25809773668032,-19.489398298797475,63.70001231343938,10.528034535767686,-8.146255855978643,19.590096307752212,4.556735325248492,-3.563664331349712,8.718800177246454,1.191907727782049,-2.5961746448806777
metal,metal.00002.wav,793.842248054591,623.9031787174293,0.06182290156129157,0.11953481,-240.42574277076127,282.051037080983,-45.333842911221765,-34.67395149412739,47.33312859737709,-1.9587876373842268,-20.638028054513196,13.307356278029044,8.6938989100084,0.7590148566574999,6.505465456910225,-3.232010780118696,-6.232071012336409
metal,metal.00003.wav,864.1763865826908,695.6063505166646,0.06581411929621037,0.126353,-228.19830372065985,251.44115578237054,-57.86891336804501,-31.046841194268104,57.99334275847353,13.906892643875572,-4.645571383464303,17.80178186600242,4.935264384080125,1.0577390204230144,11.076267364331626,1.3353546200900974,-2.134823362363739
metal,metal.00004.wav,742.3041484181414,712.1506642429649,0.04260017884764115,0.05325167,-313.4620289463022,253.06657929098046,-46.18941372182446,-20.860087043070966,57.27346501082975,4.611633011983784,-10.14611400112111,22.341867997869812,9.870841581596462,-0.04531042477749823,10.834493339338145,4.911696180352226,0.687453031982343
metal,metal.00005.wav,681.6071975932114,621.8746532690951,0.04547586463167053,0.11171643,-245.69358264086998,246.45214387524035,-24.27751364244982,-22.539118747456392,46.14032170455321,8.486272309550685,-13.501517391046043,6.31702555912613,0.3870280022422529,-3.166262628265781,5.856899142860098,-2.435941118237214,-8.003004116432683
metal,metal.00006.wav,766.0709405749706,660.3238801656918,0.055433705529775716,0.04084329,-341.22886964858026,253.08695809477794,-41.71820467359652,-22.76307146595365,45.45729625342747,-0.5426744636085244,-6.469727463325917,19.083224008978593,3.663702922560699,0.22578921669673163,9.505804340297281,-0.15647755874393868,-2.1009533169184835
metal,metal.00007.wav,748.0509971950668,699.98068518704,0.043108852354021655,0.059391856,-298.4137933156142,250.62508626955588,-43.139590491591186,-20.734366392552847,53.89604491783986,1.9356896800853403,-12.000767438533154,19.003963426706267,3.224530593787845,-8.370486112877076,5.439273731315037,2.4708519377261484,-2.6961773742862456
metal,metal.00008.wav,668.2828708101022,632.8959960172544,0.04172066838263728,0.0535075,-324.75648709275674,235.73155889637877,-23.94460233060015,-29.08005149992031,45.510527140949876,18.248476713115878,-8.236784790544466,12.981457701840785,13.051886528902815,0.7982503688145788,5.817991380161215,6.619204568280077,-1.2747872954049062
metal,metal.00009.wav,539.1521061721928,530.983526905924,0.031047587973704563,0.30171233,-180.09400622846533,279.3175148221652,-10.351887721350362,-27.765295610944065,40.23781608160953,9.307568742649691,-11.863170984744457,11.601708345347284,8.496049559373049,-3.024081595854324,1.9022309509602313,1.1919385329334384,-0.4430598719377934
metal,metal.00010.wav,668.0822002472103,646.2991036203437,0.038560623912412995,0.09765303,-261.759035251225,267.4466587583903,-39.36659947925463,-12.061639791996976,50.65421245082154,-6.807330920652925,-11.812859734350173,13.515438498800647,-2.181084508310454,-2.52011396457258,4.9383690867549905,-4.414731784091939,-2.9756784935447467
metal,metal.00011.wav,723.0455144230073,678.0931812430014,0.04614389984532096,0.18907912,-179.93250494035115,263.5432925229758,-44.248038806771426,-14.7392381082442,52.05121258645564,-5.060964350490687,-7.739428397412901,18.662001907122793,-4.426487520206934,-5.86209648920236,8.312021492760591,-2.156994248886347,-2.9036745908340373
metal,metal.00012.wav,818.0057969201372,743.3648674551748,0.04977712019044857,0.09070621,-256.4265523417255,258.76897412722053,-59.54794456882071,-19.357175392110523,59.33361154463584,-2.512230444182886,-8.608994348509354,27.283348790971605,8.572703081401873,-0.26754854832773145,10.44332671051705,2.202983961065291,0.2196714793232039
metal,metal.00013.wav,806.7995647852642,745.6383843756308,0.04897729057907966,0.06598396,-280.49954987440407,253.50933938730964,-54.14143471114831,-16.466162674383185,58.026265845568496,-2.923837009886098,-9.728806921218531,24.556610455544373,6.649518749654721,-1.0686095089611813,10.78813255714059,3.3805176815148728,0.5736181683771757
metal,metal.00014.wav,835.6526617056018,769.0767737788727,0.04876921403712297,0.059731893,-302.46002134745464,239.9413914618261,-58.171876617665774,-14.624424987650984,61.093923227956815,-0.07728809786812153,-9.026395981651106,23.011506262963415,7.289903229364596,1.8595271074090822,10.107934281701166,-1.6770492440564466,-4.815213762541993
metal,metal.00015.wav,601.5613532902651,630.3429691987849,0.03236515431651199,0.097389124,-274.04272067690385,258.5660849551348,-29.35691752670888,-6.490340077350986,55.775302615921035,-0.9209755555629254,-13.144218501097122,11.050833372340387,-3.8996914726088248,-6.146677771701271,3.997577416218078,-4.733855724783353,-5.008605408372335
metal,metal.00016.wav,924.6565407538842,704.172696347329,0.07179018331883218,0.21290162,-158.76377801874233,256.3728027693833,-62.79863762991026,-31.87446839612138,53.12478683919745,-0.55464257877324,-13.478092332295112,19.320807412936702,4.630947424526753,-5.369475374668087,5.216087313233019,-0.7276276151879506,-4.850470595262865
metal,metal.00017.wav,643.5524031065889,662.0499418895675,0.03913727160672854,0.10128216,-264.3839149517901,262.5534776614199,-35.061786575086096,-12.928274744994038,58.42878099007558,2.519146738019736,-14.471435168380662,15.724320515223463,6.643909825917817,-0.46080277660766134,7.450158630915294,0.37527281077626423,-3.8840740043461963
metal,metal.00018.wav,984.7428589569475,727.3272111383442,0.07849017244296211,0.08605563,-239.69059705404266,269.5831710179355,-73.65049570778534,-27.723417191194493,60.62019387128148,-2.8657889551330826,-15.804468909593758,14.616873549881301,1.5080306663168344,-0.8511749283247297,6.079457051085483,-1.8313269744321412,1.13677760303728
metal,metal.00019.wav,671.1025339262432,666.1065453576483,0.041012981559358085,0.08753127,-274.08184651789554,258.2988189227348,-34.13466543098645,-14.191774943803976,55.16529628163551,1.0336496397815276,-15.304512165989056,14.870306113660366,6.708046559692817,-1.1635850579341684,5.297925843161649,-1.436439645095165,-5.2254834337027045
metal,metal.00020.wav,647.9446259975443,658.4030434343787,0.039002078499613305,0.10464328,-256.7666336063476,253.59664627048565,-29.2572347948115,-13.959901508349336,55.670082279119484,3.6036466332839634,-17.368850492630184,12.886989045692525,8.065291671148383,-0.2546897664451728,7.051061726509062,0.30739172008681537,-6.4252291828952375
metal,metal.00021.wav,783.0086344334126,719.211088476473,0.05050859797950503,0.08871571,-258.85108247796836,234.70435534368679,-45.190571124680176,-22.42446326741611,55.7429247379802,11.123886474820043,-6.764143490603801,18.919860017676733,8.422999038620656,0.7757839438330021,10.52436503097758,4.1552138365007085,-1.102818957665085
metal,metal.00022.wav,606.6782338259651,543.627514331925,0.04164929548530549,0.18730785,-209.76855889436334,258.77868860109714,-7.871392147443119,-19.710462977550268,35.08176852375553,-8.18728471972151,-24.26226519789585,10.090078031587497,3.6831083277300407,-11.783708807665773,3.5725131329405655,6.261919035538825,-6.622345175762195
metal,metal.00023.wav,603.8072197798025,654.0349389146597,0.030779089931361175,0.17698048,-217.97620468457202,244.7891876049214,-29.359875729400194,-18.962141108731952,49.15368965851106,11.415189071974021,0.4899360779985399,24.00302918033873,11.75771996433597,2.5351183726708406,9.18732841847784,5.728614721023079,2.922667496511372
metal,metal.00024.wav,687.0505603793873,664.6879625784885,0.04529950937741686,0.21149793,-197.23610079718975,264.70147390137083,-39.81939610377741,-22.95694746339525,59.005356021800935,12.516000502157233,-8.546896928801557,16.742051107564272,5.35648991532605,-2.3152173354210195,9.55935511520914,4.9687591350107985,1.3685864152784049
metal,metal.00025.wav,667.2408547968903,690.2513094921616,0.03354941572409126,0.088501595,-281.5770216247486,238.9490229564025,-32.966213377509504,-11.20898752912269,59.53801839057097,8.8366969596022,-10.80065160868715,15.616825414227218,4.037731050180359,-6.084521530710676,5.579147102916018,3.6276997902845345,-2.503847000130173
metal,metal.00026.wav,778.2695511173704,737.4828376069796,0.04888061617846094,0.10751999,-248.78039679427954,248.96205636445458,-52.972493753655286,-16.455723850469763,61.34254102040755,5.45371254339942,-6.367949216277914,20.467970027164657,3.9609357778955494,0.05466613027728728,9.714350840055937,-1.5192151451684763,-3.7203495125485864
metal,metal.00027.wav,743.0346256500563,673.9169759982117,0.04879829188418407,0.14968106,-218.31195687087038,267.2895597787006,-45.76432576713922,-27.083517893444878,58.483379223786535,10.103227606349469,-11.79929016936508,17.851830209684806,9.080970025144046,-3.35763905328588,3.4219179097556824,-0.0061920156716450785,-2.5007143532476626
metal,metal.00028.wav,892.1776927385115,673.5383630416702,0.06856556337006961,0.11862532,-225.33043894156876,274.7228621512911,-62.20050658712744,-34.28674773430119,50.152684065073615,-5.934918120915126,-20.18531197376431,14.07374384262174,7.071551554754163,0.9695315383293788,6.23752265723252,-1.0887728484895784,-2.3740674865189137
metal,metal.00029.wav,687.0077528040717,608.684268401987,0.043479311678267595,0.07877986,-287.7550077404421,249.47825570948197,-27.842696356512707,-27.87769962926189,42.909356477906805,10.823998847338425,-7.090671323051675,11.431151331815427,3.292345069471665,-2.6073841920221783,3.885652645103354,-3.0035061103292144,-6.161904268432594
metal,metal.00030.wav,504.53523200486524,572.6268425803154,0.026441959106728537,0.22618933,-210.60207077032968,246.71968820445767,-4.5374514262517165,-19.5318266855415,52.59758490149233,24.559315261331548,-12.091360388309564,9.051202960799108,15.583415334103416,-0.01969045258648216,2.8706271507522256,5.514641733015655,-4.778843961922262
metal,metal.00031.wav,698.3142974172346,639.6889127836264,0.044423019987432324,0.2035797,-194.139503427911,263.99317486284446,-33.37205289834186,-29.118940261092867,52.3533688620855,13.054558333153425,-13.618898533518035,11.347296860962139,8.664693037043437,-1.7809239180615095,3.0386418222161438,-1.4085123573412044,-6.196323398444013
metal,metal.00032.wav,766.5586884001664,650.4678074501106,0.057373613326566125,0.118509136,-236.174750185505,255.89715769294617,-42.26447712623505,-29.202256929603497,46.89444614416794,6.434422886782312,-9.53821566406598,10.545548696878118,-0.8824816256993447,-3.819445106670962,6.155308206078804,-0.23468690944740608,-3.5492851249830757
metal,metal.00033.wav,589.0762569502094,629.4176285491442,0.02944604057907966,0.24005637,-183.71484786638837,245.57086336468788,-21.353969830837165,-18.350612427751543,51.8044731903505,12.739250652680676,-9.385291224317795,17.152269727573405,10.560856177215886,-4.8351675972455865,2.783537579680351,3.1446147307464276,-3.3589491865839713
metal,metal.00034.wav,812.4677828428523,611.5681891519906,0.062048349284609436,0.07921226,-291.3383847796141,265.7388983303636,-44.507542811418155,-35.50560779365625,42.45185382111373,-1.9968584146710608,-20.25615175190019,9.963844611717752,6.47335208767076,-1.638428131109782,2.3896556233233937,-3.704793262714517,-3.8956149080522486
metal,metal.00035.wav,765.0203401559683,703.2394618947105,0.0454033588312065,0.23329549,-164.1705398859005,245.87636948901493,-40.18704018956696,-26.574715173298337,56.90013654320359,14.01580219652103,-12.626394461167978,15.705098260887558,9.756964329251891,-5.62572782215681,4.242650626504796,6.710932991483924,-0.7860750458322769
metal,metal.00036.wav,747.0154341870191,677.8318089610619,0.049432340003866974,0.098210536,-254.2270180051553,256.4867160916083,-40.996939531487754,-24.212345198710963,55.033189471034774,7.32027883603493,-13.557927285856525,14.276439527000749,5.092036598978258,-4.204521318688896,5.439241934466113,0.5082917221791265,-3.8088839717140135
metal,metal.00037.wav,792.9338798413265,609.8674952374236,0.062336106680201085,0.10337559,-255.02605060740058,272.00478554756694,-42.92899643243327,-45.074957995843576,41.95692144950193,10.53970457310675,-10.32794000779863,16.701461659059433,9.837916353136807,-6.607847869765436,0.6109846898705896,6.15889654199214,3.7546941537623844
metal,metal.00038.wav,694.8004127317417,729.6832980496146,0.03702289672757154,0.12567821,-261.2875368850171,186.18132286381896,-22.11872165091479,-2.6578665305721256,58.331918546693174,13.62908332039545,-12.095777947953575,11.985043274299485,5.846883136556303,-8.527845685307406,0.8661444718253535,0.7585283565301589,-9.314259372521702
metal,metal.00039.wav,587.4880167872597,612.7378900401881,0.031618948786736274,0.14760663,-238.4832990207497,224.04488808127692,-6.953552738647147,-20.601430541740754,47.11848598829731,21.81798249663085,-13.342596843664603,6.724882033552192,15.534054411066483,0.005570710078260206,-1.2811417873978777,3.067137064461751,-0.2550973992993984
metal,metal.00040.wav,860.8070568059436,695.6041203680045,0.06174171017014694,0.08666308,-259.15086195076964,256.4004099073353,-58.17411446928265,-30.68412550756531,57.81748071105789,12.450618768618636,-5.590951333909845,15.456365647554053,0.9835215436500875,-2.080837002884592,8.555499919794247,-1.5824085623442816,-5.910198262959779
metal,metal.00041.wav,834.7852497313992,691.0409477531535,0.05844080807714617,0.08346095,-272.5478976945647,264.9330153516995,-58.051933303765495,-28.657643025264747,59.363204257510056,8.163887583871267,-9.662467740762544,15.912985084135135,0.8295233626686599,-5.439569145804138,5.740822873544504,-2.8184212885288544,-8.468635773551242
metal,metal.00042.wav,907.6382046807888,704.14980620602,0.07012028410189482,0.07839914,-273.46186318105936,259.8107671967384,-63.03863356180672,-31.608940869276488,61.38448612447414,9.576938908387987,-12.35983600439705,16.33892880657069,6.538917995687339,-0.8716161394403203,7.131364440514271,-3.65669594208745,-11.784374849106747
metal,metal.00043.wav,871.8146797812202,689.1143974998253,0.06869622486465583,0.071487084,-288.1901146728076,250.46828164538462,-52.03953247834883,-24.813170478700307,56.3439882534325,4.21730310174949,-15.245952600455372,13.299346651798139,3.9062891480102957,-5.015181050244319,2.7276022233255204,-2.8523687666842767,-7.224871451773302
metal,metal.00044.wav,831.0330873120892,697.6916477962785,0.06182101338940449,0.08000295,-268.3037159353866,249.53875421003875,-51.64543479955136,-27.814103998875147,57.46337423419382,11.58569308313874,-8.21985066158207,17.72591228389647,5.9198800958501,-4.574683386421219,2.312977551318107,-5.3864160839088235,-8.846551719201159
metal,metal.00045.wav,780.8701143037521,662.093793420909,0.05519994985015468,0.07359858,-301.101217643154,246.61351256288438,-42.17252473761721,-23.590684553942,52.81799944140347,8.182817082973504,-9.722430171813595,13.60822954521483,1.4407572294783828,-6.1104118434983326,3.9643438973317013,-3.034298841924225,-10.404863011978916
metal,metal.00046.wav,760.2013243736479,680.3550363054997,0.0493813593629157,0.18295404,-191.42668063723565,263.5899662411292,-44.52891182621105,-23.218688786552015,55.19094852464927,1.7857421444977102,-17.46361250397801,13.125577066391001,5.082107239958868,-3.030559684022473,6.196764566682548,3.1390125252081438,0.788252475789235
metal,metal.00047.wav,766.7787195970218,681.7382090482654,0.049118525836233565,0.18325207,-197.3934100264121,260.7374414779638,-48.45074027009819,-20.98036482836527,54.77749409154749,1.6924479428447077,-12.8518636326526,12.719676165489938,2.9436769142151946,-0.032655352807909,6.457721370720942,1.0167985817723648,1.3447405648370063
metal,metal.00048.wav,791.7003389933267,678.715959296242,0.0551108281370843,0.18805389,-186.2470784668895,265.1158536981992,-48.00564999030858,-26.601745109551466,52.11530564252598,2.4490023559104603,-13.980565514218593,11.89394920120274,2.853500122802857,-1.268781553165155,5.04721556766922,-0.9045819342363345,0.6490652948006566
metal,metal.00049.wav,777.6752625093771,683.1289997006828,0.050985550198182523,0.17888369,-187.6274262609404,264.50179582793885,-48.33908334644101,-23.515802641612705,53.16818643382252,2.438412486042921,-11.308819786373158,13.560041927140418,2.9261476846304495,-0.3713058929922268,5.698084493537696,0.06548703254789623,1.7783992221621974
metal,metal.00050.wav,716.2374735866325,669.6456885767496,0.04391019250290023,0.21422273,-178.18075523269565,258.59158522402015,-38.55580459284266,-22.582784921730834,52.474100421603524,5.573847467591231,-12.941151093829044,12.63201512177389,5.273216779377412,-0.8519256536431699,5.923165424948863,1.9516504513750392,1.2216938741747456
metal,metal.00051.wav,758.1112705132532,695.0409185202072,0.04780586874033256,0.17858677,-197.17096820945616,256.7859686796797,-45.77512791871029,-21.383991478732316,54.10255443081869,3.8640182026554633,-11.20681214380628,14.539990306449214,5.61752569176656,1.17605669220534,6.911565298844913,1.9547663795525472,2.863534182568531
metal,metal.00052.wav,776.9998411755561,685.6337928469369,0.05043382637277649,0.20323001,-180.9799221717104,258.86508286991693,-46.25054135656656,-22.609400454182598,54.746452046579286,3.9357065784662724,-13.027706886522857,13.612996890318124,5.060658165053182,-0.6591573631063525,5.17565930903496,0.16394863217984315,0.5173980139929766
metal,metal.00053.wav,734.6608903239863,654.7820323416938,0.049022606704369684,0.19877279,-181.75428999218838,252.92105975984666,-35.61948297497325,-26.658891945979473,47.408148510716416,5.903835634277529,-13.341794135102388,11.647466057262159,5.71827229342396,-1.183522190397845,6.068195804818293,3.025824756689547,1.803714334997309
metal,metal.00054.wav,744.539847729934,685.6270551982918,0.04646375616299304,0.17200387,-196.44473131813564,257.67178941640947,-42.01428955398582,-21.829346565204666,54.14302938572323,4.200289453510982,-14.015970916149104,13.098070321180952,5.276610458848909,-1.0405862711801779,6.5105728593051895,3.068947233111175,1.9553961935393547
metal,metal.00055.wav,774.5464273459111,695.7747769678351,0.04846861707269915,0.19137098,-189.87890103045066,257.7667681078947,-47.85397371691918,-20.915909352509555,54.86213756418434,2.5393721522311536,-12.420588013507038,13.262942494745337,3.693411592445738,0.30276456751725317,6.654403993547083,0.7398695159992983,1.9785889599713644
metal,metal.00056.wav,737.2537534963849,665.8575386293321,0.04691616214713844,0.20821133,-183.7219054219071,258.0118895943451,-40.05194898015801,-22.307757433162944,50.976839465468345,1.9472690216056525,-15.611130984500788,10.358928213238705,3.9903542801078915,-0.04559128055002736,5.8405884095875615,0.5980984386415988,1.1760071865133095
metal,metal.00057.wav,706.0552533907329,696.3298301112218,0.04026224441705337,0.18042827,-202.29465107324282,244.3830683776549,-35.842383066893284,-14.756166303608168,58.56296006865813,8.770147704534871,-12.519364384551098,13.136629235482205,6.118948122786351,-1.9579411612953272,3.8459685987531422,1.1921958935650094,2.43286002610992
metal,metal.00058.wav,799.8133192220532,628.7414534081358,0.060932062064965195,0.16611736,-198.324090381601,273.4991038880385,-46.96203631454938,-36.77090596217013,47.25797468111589,4.236594740510925,-14.431435562084063,12.972466050341815,3.584077970721248,-3.6314141967324503,6.184782612373659,-2.1751629723245696,-8.146087770312487
metal,metal.00059.wav,826.0057458022748,669.2562290473155,0.06034937222061098,0.15777573,-197.63175169556726,271.0785500532129,-52.29359850165465,-31.23512990161802,53.10799346934021,1.1352972396256282,-16.30289285290671,16.317219793340236,5.930172343808043,-4.310966957541031,3.5164409969224044,-4.691610747310001,-8.084256892123276
metal,metal.00060.wav,767.0199027212257,654.2669472610988,0.05370791642498066,0.11191835,-232.32719954273236,267.7594934795386,-43.62199001879292,-31.038862351609634,52.940717833643156,6.611560113947604,-16.587022014004923,11.971813306168977,3.495916543971528,-7.63675203043458,1.9500840991673638,-2.802842870823581,-8.515855480382411
metal,metal.00061.wav,860.8070568059436,695.6041203680045,0.06174171017014694,0.08666308,-259.15086195076964,256.4004099073353,-58.17411446928265,-30.68412550756531,57.81748071105789,12.450618768618636,-5.590951333909845,15.456365647554053,0.9835215436500875,-2.080837002884592,8.555499919794247,-1.5824085623442816,-5.910198262959779
metal,metal.00062.wav,834.7852497313992,691.0409477531535,0.05844080807714617,0.08346095,-272.5478976945647,264.9330153516995,-58.051933303765495,-28.657643025264747,59.363204257510056,8.163887583871267,-9.662467740762544,15.912985084135135,0.8295233626686599,-5.439569145804138,5.740822873544504,-2.8184212885288544,-8.468635773551242
metal,metal.00063.wav,907.6382046807888,704.14980620602,0.07012028410189482,0.07839914,-273.46186318105936,259.8107671967384,-63.03863356180672,-31.608940869276488,61.38448612447414,9.576938908387987,-12.35983600439705,16.33892880657069,6.538917995687339,-0.8716161394403203,7.131364440514271,-3.65669594208745,-11.784374849106747
metal,metal.00064.wav,871.8146797812202,689.1143974998253,0.06869622486465583,0.071487084,-288.1901146728076,250.46828164538462,-52.03953247834883,-24.813170478700307,56.3439882534325,4.21730310174949,-15.245952600455372,13.299346651798139,3.9062891480102957,-5.015181050244319,2.7276022233255204,-2.8523687666842767,-7.224871451773302
metal,metal.00065.wav,831.0330873120892,697.6916477962785,0.06182101338940449,0.08000295,-268.3037159353866,249.53875421003875,-51.64543479955136,-27.814103998875147,57.46337423419382,11.58569308313874,-8.21985066158207,17.72591228389647,5.9198800958501,-4.574683386421219,2.312977551318107,-5.3864160839088235,-8.846551719201159
metal,metal.00066.wav,780.8701143037521,662.093793420909,0.05519994985015468,0.07359858,-301.101217643154,246.61351256288438,-42.17252473761721,-23.590684553942,52.81799944140347,8.182817082973504,-9.722430171813595,13.60822954521483,1.4407572294783828,-6.1104118434983326,3.9643438973317013,-3.034298841924225,-10.404863011978916
metal,metal.00067.wav,667.6100758080827,663.2429186870852,0.04015008700696056,0.12251294,-243.43891928033696,244.57426552878144,-28.97597878359158,-13.042355916820155,57.06642513971426,7.156577043256055,-14.973365334705404,10.066629494560324,-0.9421250667035583,-8.048765775690605,6.897076889736348,2.0687495413312647,-5.888067624798186
metal,metal.00068.wav,780.012031691634,631.0374884609407,0.05737512386407579,0.08838906,-271.8407230974628,266.33387520439885,-41.016068334133784,-33.90356090914224,47.04034935251118,6.876200294102067,-12.410969748280884,14.401450823066908,5.341844309916315,-6.333934501467703,3.2100001162679646,2.487736818406421,-2.359674239861368
metal,metal.00069.wav,469.64467457987007,553.5312786395567,0.02230572977088167,0.17013544,-263.0207419168475,247.91709171031073,-1.647757244261792,-12.841304109677852,52.74194351314474,19.07557973594179,-12.261701551889097,10.619589705367208,13.635123112845141,0.9538464940134324,6.67446673656568,6.481620077245394,-2.846990706241687
metal,metal.00070.wav,690.6656399717003,606.0753087908334,0.04881037618426141,0.04528249,-355.0038982886881,220.2219987652011,-11.301638391273181,-19.080360012399733,43.61745836982509,11.004479367868797,-21.352111095071056,-0.1907149808289281,7.5723161219044925,-2.596365268288702,-0.9022078434875974,1.0871442543211147,-0.6836708841617195
metal,metal.00071.wav,730.4463744588209,632.1029377398683,0.04844558137567672,0.10378247,-251.94962504979048,243.94689566734954,-30.160303047670602,-33.626691022589796,40.16695434629953,8.767068528637651,-13.980054494321417,9.24843033764948,8.252341771307465,0.13133852263646278,5.876786437056026,3.012336496214878,-0.2905195936013314
metal,metal.00072.wav,691.8959643345912,661.6370977158973,0.04064516567575406,0.17821947,-207.37350185918197,254.30191926024384,-36.12003910037604,-22.827108089859628,54.758700872573016,9.626449531957848,-11.488530217648105,15.665419304755192,5.604782164983455,-6.44849416806231,3.921897585185139,1.8538106712965792,-3.9153162601055986
metal,metal.00073.wav,632.9344059974467,655.0434403831521,0.03611015443735499,0.26921347,-173.07751327674674,243.92697738352575,-27.599338120011694,-17.088408310835984,58.161044383758046,16.215746149350252,-8.42616872923603,16.042845420432915,8.155427217325837,-3.4757473918640844,6.887945854559003,4.4247148579098035,-3.099637215476496
metal,metal.00074.wav,576.1044769929895,628.8478938402129,0.029940741613495747,0.037230987,-378.40239540779663,243.60827145775383,-20.209865413483914,-15.318482180308498,54.90765645730052,16.31768391982027,-8.247484696713714,13.04714554226888,6.994772732494312,-3.134993248596433,5.2469367616329885,3.197334047216563,-2.069574072125767
metal,metal.00075.wav,582.7422446037552,600.5855163135108,0.032823224816318636,0.23097089,-193.27651281176628,245.54300141067858,-11.686468405488522,-19.033220494147503,48.68049669468865,13.718352267058167,-14.293369301349667,10.470601419332882,10.438968979078343,-3.432155536913065,4.177815650176071,6.030652849278889,-2.550494275247847
metal,metal.00076.wav,697.7441484966065,670.4867461459864,0.04121690412316319,0.083702385,-266.0719018614004,228.03651544251585,-25.4399051702123,-17.238632482324896,48.05744977969985,5.6321387374011715,-14.540813663114815,13.58926502785348,9.222524685427636,-1.9947584187660665,4.457716303621949,-2.633310625751958,-13.1837153595484
metal,metal.00077.wav,722.4742508273629,633.0468089281123,0.05070081387761021,0.13164929,-233.2084377482195,269.42666924445336,-38.69204055252097,-25.575278547741604,49.90465152188645,3.864854200502203,-12.988670589564578,12.106854659496124,3.585803879793253,-0.7492079892592987,7.873724163846649,1.4124274806085804,-1.5285514564572298
metal,metal.00078.wav,618.0555015684852,661.3993735925067,0.03245994054524362,0.24585938,-185.27540123690602,249.40451654339716,-30.671410676141885,-19.403798145594216,58.891063878142404,17.40353804308278,-6.1195809661984155,20.017369412941395,12.46505975028745,-0.7538480293198924,6.923231996778666,3.7454803337261833,-3.159914738791451
metal,metal.00079.wav,793.9621006428961,688.828839180691,0.05089227450696056,0.11372974,-245.38836977345244,237.94953059903668,-42.01337579036032,-29.708558804379855,56.28066758977051,18.412763105940577,-12.343228612658708,8.596228450578224,4.148576727264444,-4.780359921888487,5.456388941779655,3.6258871138083655,-2.288344516857
metal,metal.00080.wav,661.8387665374386,662.4485103646521,0.03850888800270688,0.12698123,-242.36628119834816,233.1968973471557,-21.587657163943838,-21.937061891090213,52.58830544126163,18.885124013336764,-12.397749070610596,10.690534774690846,12.638854941826823,-1.1194315373372903,2.991181671899511,4.999444395255761,0.6754031218510488
metal,metal.00081.wav,830.9223114330082,632.1397326474494,0.06337686702436195,0.17343944,-186.99239937129394,274.00103885226775,-49.99125171823525,-44.0741164884956,45.43288118560619,8.824050084830045,-12.032675195614964,13.884163709456898,6.101598078813649,-3.6488611350299243,4.896417825955025,1.5953899214882732,-2.4082102827848137
metal,metal.00082.wav,768.853813177699,639.4426431176977,0.05682604347931168,0.118075036,-229.4044466960186,260.7694944643952,-40.42292451223671,-33.488445676673784,46.3809858593458,8.278483779878279,-11.844484497348242,10.351231569111862,1.3703983374975657,-5.7968603689890355,3.3538450281090575,-0.7840713106905447,-4.800469512869264
metal,metal.00083.wav,643.199048791449,623.8325787013094,0.03855042778422274,0.19139165,-200.15126317452695,260.5349079197181,-28.88707051889962,-16.65683383102653,51.131309455986134,0.7812563239837879,-17.35291922350041,9.118243133316174,0.791093519593318,-3.450884321296133,5.140262334023732,-5.526481043288011,-9.7134243231798
metal,metal.00084.wav,773.5990921509066,649.0460152051262,0.055685210025135344,0.20414579,-178.02092915986444,262.68898536095406,-40.0052786244662,-35.514462873835804,48.460621433159545,10.264955315246313,-14.629861268227645,12.835345143256815,10.310813238581979,-1.8490709099578686,3.1153512197211786,1.8399056163734593,-0.7031887976204304
metal,metal.00085.wav,816.1291929162406,663.7834935162402,0.06062731112238979,0.13289376,-221.409515191923,250.66261317082225,-38.315962247009026,-34.73444989111388,49.103005337732135,9.445012261532014,-22.48002252755917,6.757804682027118,8.78660363934648,-7.8582065750324235,-3.056150178032238,0.8403135378539472,-4.326977309148941
metal,metal.00086.wav,767.544289028663,637.5551934473256,0.05829768464810518,0.07660596,-282.6451590458807,268.49006347589994,-43.08301275511771,-29.677785974005737,47.78523975009741,4.006783915184157,-12.55302974842598,9.83821589674703,1.7398493920429063,1.3342999293921602,9.264827360317582,0.3063637284660744,-1.1322060350508036
metal,metal.00087.wav,666.227905204605,646.7740701995095,0.03866711680684455,0.231946,-181.2816846316863,261.57224132136673,-35.35207788002907,-19.338494590433243,52.22048363023791,5.114993265937747,-8.550838832687864,16.555173853886135,4.081010985989156,-1.6743973071167537,8.473368686027383,3.7440588131929573,0.8606489098889042
metal,metal.00088.wav,608.2336826812738,625.8953873408072,0.03642245806747873,0.12566206,-260.8018015459701,217.80435141232644,-8.025010329950653,-11.814179032356481,52.118300253978504,18.03708491039442,-15.747497630902194,6.0813465779789055,12.994292064858342,0.2905498387308463,2.23901471806514,4.442446955850164,-1.4076362450852602
metal,metal.00089.wav,488.7450377569231,590.196913612051,0.02162863133217324,0.26086256,-215.94782735203523,233.04659810335036,-6.801945680846114,-13.547915632586344,57.06121396997692,25.536233897754244,-9.64708411718596,12.67690250205258,17.876048860595382,2.369085251883292,5.364715888829859,5.683095764497337,-5.768600272674878
metal,metal.00090.wav,624.8850052498422,630.564076097358,0.032850414491492654,0.13695028,-256.02499575503396,251.0090260636483,-22.503502917308857,-28.121324698299556,52.62908019101204,24.311906634364778,-5.775673436521409,13.976136212118803,8.438278243637587,-7.6297738646535125,4.244456484024924,11.142319500022024,0.54110949606287
metal,metal.00091.wav,695.5133131716273,575.4401147491469,0.0533548282820959,0.105193734,-264.25938524283805,257.94772793063106,-18.468898476109132,-34.43520343887338,36.54478752138495,9.692462561748998,-13.25624907164339,8.543018257469662,2.530726835122679,-11.809242874244287,-0.1191289372326321,3.6768600842085353,-5.945838529286723
metal,metal.00092.wav,694.3319526742612,587.8823614628072,0.0436205469354215,0.15852629,-226.17487337186438,253.01409072908694,-26.60341901556309,-34.908139728417034,40.16220252960516,9.073766415697536,-17.736300142238917,2.800516745211963,0.11138749067855562,-8.637497096989993,-0.27036776221830733,-2.9319215032880788,-8.560287166209447
metal,metal.00093.wav,664.9418095542694,646.9488639095017,0.036610519987432324,0.08351884,-282.80128719251235,247.30587928916617,-31.508456350684433,-21.00867384124241,50.03993208527917,8.231922081288053,-9.046558867824361,15.174673643266845,4.636637740046433,-5.391666933497697,2.073500785508866,-2.1395925291816273,-5.469738882454978
metal,metal.00094.wav,812.4677828428523,611.5681891519906,0.062048349284609436,0.07921226,-291.3383847796141,265.7388983303636,-44.507542811418155,-35.50560779365625,42.45185382111373,-1.9968584146710608,-20.25615175190019,9.963844611717752,6.47335208767076,-1.638428131109782,2.3896556233233937,-3.704793262714517,-3.8956149080522486
metal,metal.00095.wav,697.6093175057136,617.7570052486876,0.04590145857501934,0.17286704,-198.95798307494337,245.98689604737768,-25.252240592682515,-34.83799237100327,41.07842514215596,16.85763862122619,-5.20979048390609,15.386775660528444,8.08856796915692,-6.036437343757713,4.25393869912029,6.456953278819068,-0.5025118823469588
metal,metal.00096.wav,626.1837433085003,621.1860706538813,0.03486773733565352,0.17398173,-215.49216138881988,238.14655945619725,-20.330741724486998,-21.077530698101484,48.78826791333575,13.586973552791026,-10.986842863320847,12.756692523680433,8.193466570969008,-4.92445865955763,4.0259625345369745,4.562567087261847,-2.717003560980008
metal,metal.00097.wav,546.8205613122597,601.5992497573495,0.029184339955529777,0.17580648,-228.3867468127872,230.30388423887442,-8.041130388315965,-9.726811720866728,54.741834295882946,20.778783456416807,-6.474884563219867,12.777251771593233,9.461020806970778,-2.8565824270424978,3.259448692239584,2.973014815633951,-2.82906847993986
metal,metal.00098.wav,691.318424170196,639.807425130911,0.04275614184551431,0.12613651,-234.69175930328726,216.8456159728714,-17.899112543277486,-22.56374229229809,46.275706116585106,19.267275711844697,-9.005179536669534,9.605150437989918,8.714087173437694,-4.096279170345213,2.613816488935302,4.510337413216238,-3.6139173601549635
metal,metal.00099.wav,667.9251425983001,639.3786644575596,0.037190566391144625,0.15820718,-219.12520952245484,227.19762608771072,-21.5798754281942,-26.010035192621608,46.1965980281637,17.52460936986856,-8.753661513304282,14.370858651220543,11.851487647372004,-4.276794018579177,3.4853283003315223,6.633857976137982,-1.615272270664505
pop,pop.00000.wav,519.7274639174269,550.5439616008092,0.029884096456883218,0.17797968,-252.67839140923476,208.7344937732481,7.768147471399437,-14.964866188990195,38.378106931172425,20.279950574746344,-9.451140672162857,5.277816274935806,12.080744473726565,-2.957033918395241,-4.98508735104269,0.9926296181272728,-1.9885454652111312
pop,pop.00001.wav,548.3668179837616,537.9077793954297,0.03461774337780356,0.24628648,-227.76162754962752,212.32243505928602,4.103932512712895,-19.764970964857106,33.221595856411106,16.635660808345673,-8.349674557584203,7.876915572791867,14.692206701658398,2.249611884123182,-0.8094981667249413,1.4549360342340099,-0.08053992898362339
pop,pop.00002.wav,524.737453686487,532.4317399310667,0.030745102837393658,0.20665489,-237.53806181366204,238.26877530214787,0.545917258038868,-28.152126340698956,35.65442219270316,22.228474896727267,-6.57741837179645,7.04781084265856,12.492323898243567,1.387250740167798,2.372949791551403,5.734876797504913,3.4097061180175476
pop,pop.00003.wav,648.5008987830387,611.3216812101163,0.044571430297757154,0.12269392,-251.6601851209406,236.60085633025915,-10.101902483759732,-26.73681959167367,45.166981639125545,22.64485299544456,-12.81594011072828,4.606400759224451,13.479361792776176,0.9337026625190186,-1.2024749877753291,-0.11386169571910998,-3.4557462043715197
pop,pop.00004.wav,703.4093046827704,593.4318964642891,0.051265754906225834,0.19724678,-200.58640445348504,258.8931808651795,-21.63712954129319,-34.934749015510036,40.60604374186978,10.806076946919669,-16.433668355972298,11.456648899261642,15.450935175819307,-0.7329172023704257,-0.7905804178046061,-0.9271125157954445,-3.2343056472313148
pop,pop.00005.wav,717.1458542584015,568.3302471494493,0.0570952967904099,0.12877159,-268.75515523913623,238.23207366494108,-19.438127584084985,-28.895078289831833,36.974642175185075,7.933574895825872,-13.131447897011817,9.717091110707301,7.19334776658295,-6.677133896409556,-4.2519826116569215,-4.443595741454753,-6.371828460811397
pop,pop.00006.wav,484.97375637965126,508.59261952030494,0.028682086233565354,0.09172941,-306.28513257745993,223.2390671091137,16.09327700274527,-19.214509877224025,34.196237812850406,24.58566423584612,-5.082886259729625,7.6239919692615885,18.292890985892857,4.010012556278456,-2.566104532985502,1.1628411525502191,-1.7422146222812396
pop,pop.00007.wav,661.2965559004515,514.991300173996,0.05427323508797371,0.080530874,-328.47312208745853,197.97392475318034,7.301981737555035,-29.864237405801962,17.530198986927687,13.278135731060031,-8.693664591842865,6.506584160986262,18.08137763178849,2.3505133081196847,-6.883611926635397,1.4362823967467855,8.001183424326342
pop,pop.00008.wav,624.8464331663615,598.794103546894,0.04188984858372003,0.18102579,-229.24749431285102,247.07014400527106,-14.542943005589985,-23.52811588795248,48.232253426034575,16.23574743642129,-14.754566215448714,9.65440830408558,15.471315911297452,1.3595513136932487,0.02300832377097886,-0.6992878175425025,-3.3078522016531275
pop,pop.00009.wav,690.0951465002979,600.5633482277674,0.052255156975058004,0.14262919,-223.73936140851654,246.78941486523036,-16.381095997883776,-25.05364692529549,41.01144491819477,5.1948042103004,-19.094414480091636,10.304505243720445,11.50618076609311,-6.003433959608122,-3.7477329674716136,-0.3868381079396782,-1.9083252622127227
pop,pop.00010.wav,506.7490419440448,540.6865901421096,0.03060311231148492,0.17824852,-257.449029543556,240.33452683876789,2.8693746345136026,-18.414741331431074,49.57805024038414,28.89196601476491,-8.072926931425007,6.179704801997988,12.542848928812361,-2.5344639629182693,-1.072173528143674,6.169171509993209,0.21760401019452696
pop,pop.00011.wav,730.8394152145297,481.95819976275357,0.056940844330046404,0.053510066,-348.918809798389,193.29850154867503,5.36183196695822,-43.175950374589746,0.6944382385921454,5.65526745911952,-17.746703559481425,-15.129376717593043,-5.267150213452276,-10.68485356467289,-13.304280008735162,-7.373660403573381,-6.9290338276390155
pop,pop.00012.wav,768.319743732773,619.0688505295029,0.05648503963650425,0.14786956,-229.1091970225601,253.4476397272025,-32.56467082869992,-34.948858729362534,46.735118471793,15.836269771024618,-12.741234155017548,7.207928282666386,4.539394562953331,-6.683198688052203,-0.8794925737095628,-0.2552385825282534,-1.9823027548609027
pop,pop.00013.wav,371.57291472992097,439.5895242238798,0.019790684817285385,0.1700844,-290.57294111368975,208.54272338389205,38.176471223071175,0.2270606858959879,36.58955821554219,27.272062897282762,-1.8007354024477011,1.668394469046452,12.454022761308012,7.474329967269784,2.0512938619549277,3.1494276775704444,4.025564413289689
pop,pop.00014.wav,699.9905735253736,591.1504763159103,0.05114528953982985,0.07481244,-300.1854794371312,264.562359772796,-26.23923340193042,-40.801606148550704,45.24460087123091,19.33851892956451,-14.245442995710267,11.07172525285408,13.32729138514666,-7.730927310343614,-3.3125818506865,6.242744754037548,2.289151183933937
pop,pop.00015.wav,680.3964735106,582.78658755106,0.04757815521075019,0.18060109,-225.44530471104068,241.72190136616888,-16.120190207392675,-33.93074688490459,36.74299631295631,15.101827475846568,-12.196570713507024,7.9592910288237535,12.40691046221882,0.7633411716176968,2.913525666511165,4.926628356327115,2.1963470343627813
pop,pop.00016.wav,645.0658241664414,577.3841580936161,0.03951188490912606,0.13371298,-259.21497997694007,208.80690123540515,-2.4948479582121883,-26.015695418371386,30.816070896914237,15.806587261710707,-11.554112600809153,3.6144009112847097,11.889846697661394,-0.47253347041124844,-3.6102128044731145,0.42737578579014424,-1.0792717175319029
pop,pop.00017.wav,705.0131101701285,587.832247070986,0.04783721239365816,0.13266286,-238.02929176839973,259.58385427134897,-25.741784897131666,-35.40169277036868,40.3525490307217,8.205989564835315,-18.95278219421571,6.903472076151639,10.45565256302261,-1.6670467119193384,-0.6237417772200199,-1.156566562885832,-1.7758146109485964
pop,pop.00018.wav,581.1694590061919,561.1994446468399,0.03693792899265275,0.19646691,-232.61101132359593,245.37653415269514,-2.3283542402236597,-28.25433864415629,39.885543504074484,22.62297267995421,-9.771273140481743,6.894537046088423,15.691633800681466,1.9019766010913894,-2.150783900470935,0.08356623153078238,-1.3704909658819786
pop,pop.00019.wav,768.0519568156295,574.3601846008306,0.05788946188611756,0.19271779,-199.0808395320147,240.34702265979752,-21.740523183657743,-42.93755958703391,31.799663753366556,13.755828081925952,-17.77137422858925,-1.0771644116591268,4.768834817350552,-6.685371745170125,-4.743799403374958,-0.23991383489665347,-1.9109943113189658
pop,pop.00020.wav,827.5691622114806,626.6973898872288,0.06158876824729312,0.21478853,-187.22185816743328,259.13756211971867,-43.40654271192467,-42.763454054005784,41.944199212978866,7.969361670059696,-16.45673776958008,9.94549212299394,8.375134222187205,-2.5587744932371166,2.9962194627860934,1.9758976498363268,0.28393148467003176
pop,pop.00021.wav,771.953358579402,636.9884187541675,0.05389522307617943,0.17053486,-201.58434080696745,228.36288498072554,-27.395919398293735,-36.61918254368347,37.790991216401565,14.645139826371615,-12.003904053275223,8.266884152619904,10.216761382412852,-1.4738844579733996,2.7041332066782355,5.1682654492375875,2.4162567530460053
pop,pop.00022.wav,681.4537470182856,585.0318851392765,0.0475558747824826,0.18056737,-223.98393827783383,240.15559991081864,-15.44834109582748,-33.790692086799076,36.343587292326745,15.314731784575761,-12.09688716425618,7.765821180795915,12.500875999790768,0.8270744021997393,2.8055925465461637,4.976764570391804,2.233946886272675
pop,pop.00023.wav,662.3068790823162,564.5631438374671,0.0472379066366976,0.18866052,-227.66298359004094,233.36003178302852,-9.88884705289639,-31.18067192097691,37.280330014547225,19.80493637337395,-11.09930768599583,4.117993567062436,10.909243712871653,0.056589841467905834,-0.6775036835078353,0.7694633051541346,-1.7164712480012287
pop,pop.00024.wav,707.5179585548099,591.6760985401144,0.05051086378576953,0.19263956,-221.5550581949248,239.20811002760732,-20.021990132856356,-37.56749841853088,37.03181456778893,17.566641227196957,-11.623794043211317,8.304224452057788,14.095016492123742,0.7996167151225816,0.4829005790110603,1.582431271002095,-2.0697115339898016
pop,pop.00025.wav,495.1743824692105,462.4991198284741,0.03312570995262954,0.18318227,-264.4912937302773,235.4585210396081,21.144935132966676,-22.21992877312465,28.86012083384089,22.81453850635899,-8.003591052960672,-3.377359500515439,5.211925556441909,-2.3219960760781877,-4.925337423213586,-2.0248303228253213,-4.453377373339771
pop,pop.00026.wav,690.1517969800324,526.3465461259792,0.05579887797273782,0.1871779,-225.4498053828605,243.68361304755908,-1.5638660841397993,-42.85080885508364,25.876511911458962,21.04506771442188,-15.8777054665767,-6.3096622435786,9.635262647227563,0.37386440795521936,-6.547917526262575,-2.7932523889087926,-1.5387694012440396
pop,pop.00027.wav,655.1555141622108,580.80018138044,0.04284979517111369,0.14938702,-239.87115644745728,242.66488599375774,-10.899978671537434,-32.82198660114118,39.61487465220324,20.817952209007764,-13.41316021382611,2.8315491652500473,11.585286924115216,-0.5135747638253553,-3.003215076300165,-1.7760447042482668,-4.504072431821655
pop,pop.00028.wav,654.7183791256796,564.647634105634,0.047882528518948184,0.1843067,-225.3676370887859,251.31406808196814,-13.157400310765532,-33.74809353649093,39.165678417189554,17.94503276561803,-11.617199069425716,8.11745649994618,11.725755715532278,-2.0207574730380125,0.7528918407742593,2.8695121356706816,-3.3462953337930976
pop,pop.00029.wav,612.7200474845329,560.393667949482,0.04205298663476412,0.22329012,-210.8058676145155,240.47956311679894,-5.360253624706364,-30.40771044795901,38.166528420509515,21.43571200534808,-9.652994209534478,7.078944597130984,12.572861996262755,-2.470319179656213,-2.160516869984726,3.139077476587108,0.8716099033946488
pop,pop.00030.wav,832.4520180604309,585.2443517151003,0.06414950696055685,0.18549943,-196.70656371588788,247.34814269353217,-33.01058452358873,-49.19788807032868,31.431875042766432,9.650248319893594,-19.399189599230905,2.8025631131590725,7.244917622009191,-5.02359774992582,-1.3754285841660736,1.6070284053472328,-0.07097077995800963
pop,pop.00031.wav,837.6562781702369,585.2902524833825,0.06457849961330239,0.18030578,-198.90756045842093,248.28178304732648,-33.11086012005376,-49.78604356683146,30.54925343876532,9.266084260511334,-19.012502236407855,2.9313406447690986,7.217463509089081,-4.5969415780469705,-1.3131183352651372,1.2414734542362567,0.03660336557077611
pop,pop.00032.wav,706.8355745691832,606.560750417284,0.04678814409319412,0.08187412,-292.76410468428054,220.43255929974686,-14.846220234955032,-27.32930392732988,39.07158493248698,14.6961450490129,-15.370563204779053,3.332735320403558,8.737543210968315,-2.832161184560742,-0.33960194476931777,3.608263908679547,0.9257274762757933
pop,pop.00033.wav,809.6725774096222,606.7885730330977,0.06193543660576179,0.12946546,-245.31939333636032,245.17016159785666,-35.31723438089023,-46.55287392581603,37.669611291789096,17.37290278027999,-12.925429936209728,4.235075068294562,7.5297725269091815,-1.9115240971210272,-0.6191824807551852,-1.2549462163819447,-1.1549741791445247
pop,pop.00034.wav,651.7291648129352,526.0839894112817,0.04746373199439288,0.17728315,-230.45108182532573,245.74414042522562,-4.04726877344718,-37.02256968113739,28.385732255232803,13.479189130899961,-17.248672194758047,0.6049823686124989,10.352650920723892,-3.3765444188304303,-5.7988883421264825,-1.5845819021773,-3.393596149729139
pop,pop.00035.wav,847.7143889345953,601.552904310334,0.06885596420630317,0.2539955,-168.8639932828357,261.0889898108025,-40.85378674483093,-49.47850606392732,38.07928880137245,11.841470263994621,-15.10227052555799,10.202136740277606,11.452115889309852,-1.8284373471942619,1.646122842859365,1.6241672585402906,-0.7681259863886443
pop,pop.00036.wav,597.2445618044618,563.0314269799582,0.040738063732598605,0.24408819,-212.35477129344764,240.7066135365719,-4.010709268849276,-25.00807466554318,43.089998638499566,20.92276180783943,-14.058870584451732,3.4809457986037193,13.423200615993759,1.6488395419257726,0.7749222959625294,4.792841004118166,3.14980628603248
pop,pop.00037.wav,801.4988865457955,608.4627257142826,0.06174473124516628,0.21235089,-183.91151038757528,250.58159235366233,-33.90277533062838,-42.287021109808215,39.65348118181773,13.877385742570336,-14.618078532653866,7.030781912441471,10.783823618746005,0.9505847736095586,3.6821776512163926,3.548533374178943,1.1891395681424093
pop,pop.00038.wav,777.9521786184824,630.9738073612026,0.050395685300657383,0.19887389,-199.08401240877578,239.52939494219532,-31.342650806465507,-37.848476468756836,41.13666892974209,12.897602762682586,-16.029930724804448,8.180565979593489,11.080808394454953,-2.1306532221612606,2.579256156812478,4.566347119427576,-1.0094761157710674
pop,pop.00039.wav,614.8340964218811,549.3302976321396,0.04378972713650425,0.24385461,-208.6451268092273,241.37082161046223,-3.531481937008017,-26.17471561816411,37.39264442647775,19.274674124545545,-7.818300548887907,6.5746637399568515,12.0035973502301,3.8829992538616955,3.960471930534405,3.8242626163937166,-0.28656692413220053
pop,pop.00040.wav,705.8446513110074,598.0165124047535,0.05437595163863109,0.18189557,-218.51164104880223,244.76325105008584,-11.008893708444845,-32.39050818574555,37.92804811813228,14.793462610032574,-16.97471949338038,4.595209229035943,9.905038393234998,-6.4412096457847055,-2.1764649296833505,5.675119903215973,-0.08164040421921788
pop,pop.00041.wav,610.976722498833,490.2209604312091,0.04598340523491879,0.080584876,-335.1873686401703,224.90390431222448,14.26964523953427,-27.026515920942742,23.491641145440106,16.85700714057556,-12.249996744784966,-5.842759586810054,2.54723809523747,-3.6859426157713795,-2.875731898213264,-0.19895995650162307,-6.486611610557424
pop,pop.00042.wav,679.7980345355348,607.0324855020618,0.05193001377610209,0.20446147,-210.74458276084516,237.81511623831457,-13.590493273610036,-25.92558400742666,43.184735159770604,17.879323940412966,-10.151127531973255,8.205613817740337,9.358809841149286,-2.3045213890060547,1.3779784620751285,2.447680931512085,-1.9624592138310413
pop,pop.00043.wav,540.2480923308934,584.0519893286976,0.03109365936774942,0.24207053,-220.70262247760678,231.35690786262347,-5.743698963347808,-20.832541997254314,44.909184978819155,24.750335060045984,-2.5496465478194232,11.038305238872274,11.879198204900204,2.957529124691866,5.739207456935537,4.098935386114534,0.3537673405046942
pop,pop.00044.wav,725.9990326589389,615.7040224458619,0.04755474187935035,0.20458937,-217.94921516454394,218.24306870122868,-24.248713801610972,-30.80801949742233,42.80125727504192,20.45083305861688,-9.121900882070861,7.9335082965612616,11.761953651008982,1.0503606646248658,2.396211757360348,2.9788333703070755,-1.3751120116957938
pop,pop.00045.wav,649.3560543385344,543.4836799234604,0.04552155839133797,0.18865353,-227.32289540210223,231.6114105635891,-4.546902383904936,-32.19648684031264,31.124583278150293,18.62903997511951,-9.067858099949735,3.447545486912916,8.970000259182788,-1.508380824755642,-2.5265964541871755,-0.17587409395995848,-2.2545224642083213
pop,pop.00046.wav,647.5677433169151,541.6213384613803,0.04530895023685228,0.19008885,-227.22669173768531,231.14887645077053,-4.10848884205552,-32.05293052622509,30.928878995846063,18.71319706479099,-8.860116992255614,3.5619514911664005,9.115664656539487,-1.4777530290477972,-2.646228513082164,-0.14737610126881956,-2.1504012779755826
pop,pop.00047.wav,679.8214262637686,587.1577536998724,0.04563975795146945,0.20270519,-208.93257365856408,228.87851285406364,-11.078263002464166,-36.37875921989314,34.85979589190745,23.587417792850978,-8.82359097755559,4.660423351938374,13.521044012169723,2.022790311324209,0.2260222638285968,3.123478782502716,0.4317734578698382
pop,pop.00048.wav,735.7123770193035,630.2645330926993,0.053386549569798915,0.13655525,-224.15186869654272,216.21653223251423,-15.525495152730038,-39.21917130456226,33.780116069545066,26.43261365336452,-6.605353745698704,4.847651727516754,15.378496217706681,3.2709440329084276,-1.6709685986368454,4.157583157094354,7.177158666955638
pop,pop.00049.wav,502.22343194351225,450.57260236576036,0.03424313007540603,0.14280786,-289.93894722701987,215.24437789126833,27.591906318753136,-16.63018539647255,22.25986687924578,17.145167015332053,-7.638733056809329,-1.747892885900441,7.914970819297717,-0.9405635634153818,-8.767217076182508,-4.483381260785547,0.013164025950875438
pop,pop.00050.wav,561.195947627574,541.7591385913393,0.03533638159802784,0.1954874,-241.69268618640706,224.18511791840442,3.195257919000733,-20.420359578262303,36.464540222425946,20.4819594077613,-5.516637294796061,5.7044580827418665,8.343631584844092,0.3554210533686262,2.914171994922574,4.340082748406403,1.4834524392030797
pop,pop.00051.wav,744.3841283263052,629.5599831313776,0.05186355012567672,0.17592922,-215.10658877054902,246.04011270739622,-30.224836164451972,-35.18365085078151,42.50461497200517,15.018060166960943,-10.897799998063922,9.200268470129698,10.098033049360486,1.3149560040973558,3.8979333857454477,1.9397519085993598,0.6049593875145622
pop,pop.00052.wav,625.2967800794762,614.3187419323361,0.03810104287509668,0.29895872,-208.160144976121,199.6708888190234,-16.27894226947492,-29.49627116129144,38.049984750936225,26.674703310470843,0.7481193953601672,14.340394200924653,20.67731198781907,9.947194760821462,4.7569380462904585,2.111618608752541,-0.1988652923880643
pop,pop.00053.wav,812.2355255964573,490.7549941629008,0.05758017933101315,0.16156825,-271.49574834921515,177.37479472200815,-24.795826472289626,-62.234098750783765,-4.969983195999998,0.05826276285763876,-24.24882621085709,-18.984241593112287,-6.794781245650172,-11.824553269774713,-19.660714185358376,-19.393370631230397,-15.169819924179826
pop,pop.00054.wav,598.8092665651757,539.0205438397408,0.03725287606341841,0.25435305,-213.19128786325302,218.0540579150265,0.8867911104937375,-26.501308694909426,28.22296653296144,13.565928178748953,-11.803170028088465,3.8434251819169227,13.174601831177736,3.6781012055640865,-0.057038720097586135,0.9447659512673894,0.8638718249204639
pop,pop.00055.wav,712.8721081264094,574.1913579068298,0.043031437306651196,0.22437614,-224.6408462017108,202.69078300568702,-18.798167045164284,-44.58812307595276,23.947536638637562,18.16470467612205,-10.93607351051056,3.4260036071715954,14.83524202938834,3.364156554933358,0.44212067858054255,4.934873081280414,2.576967217742144
pop,pop.00056.wav,561.517436683249,590.2268221720351,0.026879637350154677,0.23104322,-241.62165824411244,192.41938175178942,-2.181704091555585,-16.885593819689426,38.32621985771583,20.828667937700253,-6.231767595412108,7.155826243972259,12.641731666327711,2.4093999853265635,3.194666693403314,6.753198559854166,3.1124384492682147
pop,pop.00057.wav,617.455679453138,608.7142245770419,0.03769999516627997,0.30643097,-208.75393389981136,198.90895963714468,-15.745584092690159,-28.466677200943327,38.56513235469216,26.64513841720996,0.6935402994992974,14.416707767790303,20.814767684387576,9.92117292663678,4.449841337261863,1.9607164631847187,0.08779044808519951
pop,pop.00058.wav,792.5692118454598,587.0909980030596,0.05647068953016241,0.1545231,-245.43345892019116,213.78960538023767,-24.691173737110578,-39.47966119648871,30.542018841442925,12.893666783215512,-15.251933625989018,1.210901019607621,6.126726944968485,-5.287698152860101,-5.094647484662273,-2.9746838649270386,-4.8012674101547
pop,pop.00059.wav,563.1973017499413,592.4142323743062,0.026656833067478732,0.23197846,-240.63357768068892,190.30755890448353,-2.630611670274763,-16.624170086787096,38.43854498561186,20.831489998328856,-6.129682119550885,7.2325246731022546,12.502524481961355,2.2330688717817533,3.2104536489820803,6.820775555407952,3.182903420766169
pop,pop.00060.wav,598.8092665651757,539.0205438397408,0.03725287606341841,0.25435305,-213.19128786325302,218.0540579150265,0.8867911104937375,-26.501308694909426,28.22296653296144,13.565928178748953,-11.803170028088465,3.8434251819169227,13.174601831177736,3.6781012055640865,-0.057038720097586135,0.9447659512673894,0.8638718249204639
pop,pop.00061.wav,604.9889525018334,607.7840200493492,0.0315052808391338,0.20762813,-215.5087314926477,206.46774530724701,-4.507764801368818,-19.29833591805397,38.610756324559176,16.248788828167356,-11.969631471055997,6.987411283141038,15.377716363172938,1.8826163484838725,-4.250952600096361,-4.6070168211517855,-2.509577166102022
pop,pop.00062.wav,663.9227034663047,573.4912442200006,0.04782739389984532,0.38114336,-178.70847872022566,234.26415210571975,-14.542298892297818,-29.978761465519263,40.096916757924944,18.09888254398406,-12.698029203674391,5.352745764050653,14.101866779261758,3.7392836576316237,-1.3311224752528579,-3.9024097719665987,-3.879676561596697
pop,pop.00063.wav,669.0079709342942,522.6682399672218,0.05220153289346481,0.12307006,-268.90637058678783,250.73905877778952,-6.7308487896188,-41.14038266105002,28.76131490781338,15.277988707507243,-17.824485561039126,0.09741306096971791,12.059720093442936,-0.03197870738793806,-0.5681568099263984,3.9482368840841624,-1.749603602426159
pop,pop.00064.wav,910.9303219585855,590.1176643121028,0.06905006827629544,0.14402995,-240.1706562844291,179.3066150895723,-26.800687359721874,-43.93408680008541,17.15254454169489,7.987419502744926,-14.510996516727587,-1.4771646657067483,5.2012274077281235,-3.5915080757605593,-7.215480267184367,-6.451644237474213,-4.094467029423824
pop,pop.00065.wav,685.5327606902607,571.8976819709137,0.04635650799980665,0.12535784,-260.4819004097212,226.09916121673567,-6.843106812324614,-35.47494691714857,29.72488312530721,16.055834350498664,-18.785595454506755,-5.306647838579397,8.131239628305392,-2.4460001896407926,-7.038393068878389,-2.326357650667672,-2.291976710932178
pop,pop.00066.wav,512.8025428558893,504.36083831560956,0.035938330795630316,0.23408276,-227.06000529897594,239.40652994062253,15.087151254735392,-22.498195472918916,34.025880538942744,26.09795785167419,-3.5952416263164353,4.183662017241982,12.882343243971249,5.01028409807194,1.7243165923209463,3.511919108412519,2.184229097088597
pop,pop.00067.wav,690.378696363387,620.3545110799637,0.043943801962490335,0.17249814,-232.2012345556131,214.53050432518017,-17.07369510399803,-26.664697683820588,42.524934974015224,19.28792433657529,-12.346715750800785,4.533083346624978,8.616501609877902,-4.2460967952890165,-1.8718049945118964,2.4213086064628753,-0.5310764671935653
pop,pop.00068.wav,740.4703416135326,595.6565550972933,0.047021522138437744,0.22556318,-198.36241592465635,216.94088282663074,-21.47612037406553,-37.152924506018714,30.903607539152883,12.919764114358413,-14.897839773317715,0.4042557485677322,5.739255609035531,-4.184181194955173,-5.624790438886201,-4.779436963119472,-4.418261467732262
pop,pop.00069.wav,642.0125173722918,613.8672728950216,0.037112018440641915,0.20330802,-198.46447519191537,248.74357538181394,-20.24199234963244,-28.430939440619706,46.729160428653316,14.885315512125233,-14.967262338699202,9.794208362027872,11.003885671294164,-3.6219280049582023,2.560976390753487,5.089471090727605,-0.3957708775066188
pop,pop.00070.wav,663.0232991882988,558.0106623336748,0.04312660116976025,0.15596278,-245.87286561778555,205.29691991935954,-5.453120736845325,-29.427843697828187,24.099136568194186,8.177802530406405,-15.37822048951887,-0.039683826545377436,3.856256753002553,-7.10844305970829,-4.304723310860844,0.7564836153315647,-1.1678239588533141
pop,pop.00071.wav,690.378696363387,620.3545110799637,0.043943801962490335,0.17249814,-232.2012345556131,214.53050432518017,-17.07369510399803,-26.664697683820588,42.524934974015224,19.28792433657529,-12.346715750800785,4.533083346624978,8.616501609877902,-4.2460967952890165,-1.8718049945118964,2.4213086064628753,-0.5310764671935653
pop,pop.00072.wav,847.9214559131331,587.368618474061,0.06836466188128383,0.21518095,-168.5464220032801,261.3968759992985,-41.921608597297954,-52.459331911705014,33.87825095664019,7.673782679542702,-18.569113372808307,6.049474197447034,5.0819917415853375,-8.630424965202131,-3.255507078585515,-2.075523834409695,-3.985158920781644
pop,pop.00073.wav,662.2173994863042,591.4055224423558,0.04376895724574632,0.23473914,-193.17569564992658,237.20379879831012,-13.21555778776883,-31.61467770238606,36.86580358949834,18.09089347464751,-7.766398144494302,8.436295603515045,9.337594282946625,-2.708222589525422,-0.571905623868112,0.9538916066716205,-2.655787842596687
pop,pop.00074.wav,564.0285011778682,518.913616076471,0.03636845635150812,0.20198658,-233.1296359412437,193.69805545779184,14.01845620895864,-20.83178605926116,23.14273271918968,13.837806892204066,-15.90708949312343,-6.56013210993616,7.932702611229905,1.245386918094683,-2.734203734280402,0.9860817950513704,-1.80055662508635
pop,pop.00075.wav,568.1018831894999,591.2482842031425,0.033659307327919566,0.16917008,-244.98377432774404,212.52632751318964,-0.869088655085445,-13.191846164746506,41.37537874838611,16.3957880220649,-8.19912951502503,8.814581371509606,11.476187383104289,1.2066370739688823,2.325708490580049,1.870479683548059,-2.662855661832201
pop,pop.00076.wav,586.8358303787721,601.5686552701903,0.03320425790313225,0.22787099,-211.96352089308465,218.13117051645838,-7.868461698199079,-21.52869944883446,45.344446098356734,26.86112208924244,-4.318134404334775,8.098646944366378,13.558851337409811,5.026960867316734,4.884329821656965,3.2650268916229668,-0.19437845677105997
pop,pop.00077.wav,700.9212448445419,615.6754254638112,0.0495471408546017,0.20174976,-213.5744818856601,217.51029856441102,-14.566152270001924,-29.991030830234585,37.36378318462435,22.811260251634067,-3.4589733570508256,8.2024114209666,10.08746087048965,0.12706596518993182,0.908317542372646,3.344077669005746,1.3271205316976569
pop,pop.00078.wav,680.2757745441312,593.8327443670445,0.04053942805007734,0.20209847,-203.19021666043952,216.02841957175775,-10.676539469749661,-27.47284922115074,35.38891710349253,14.955623268980842,-14.05970702508672,2.9585297956442265,9.81767832082966,-1.3975496362104434,-1.0420926266713681,2.009052349414106,-1.6620929945604936
pop,pop.00079.wav,526.4373980728747,522.9823538990742,0.03335871036349575,0.036549225,-396.8827942442392,214.66395494468225,11.822558189878265,-19.248442161496676,32.73482840385035,19.722600153630818,-11.909603378923988,-2.5054500917297515,6.5700269607440696,-3.255914568763767,-5.140459337053919,-0.9877645038845234,-3.8541886279638202
pop,pop.00080.wav,678.9166148477279,585.2500738174816,0.04566279364849188,0.20262074,-208.7238612003535,228.70944872129365,-11.03123178979175,-36.40116600317275,34.82858141313408,23.688345884305175,-8.785159720149672,4.569609435229332,13.513822506976709,2.0653600531607483,0.20984061467608883,3.127882167731509,0.4683323855363917
pop,pop.00081.wav,606.3068792039688,509.2788362996758,0.0400077188466744,0.08933638,-299.3382308872099,255.44302220371156,-3.3813781935634433,-34.70557581461995,29.410018671941007,10.815606531622446,-18.205728128227957,-2.030569085590487,3.31925921743577,-5.724890160424165,-1.5060665209165534,-0.11576118489182755,-7.712799312791146
pop,pop.00082.wav,498.63393263746906,552.1939377448945,0.024108933923047176,0.20110781,-224.70678084626283,222.15715211572655,6.7507778700881484,-20.14191110508397,37.77657391394759,22.208509125525126,-8.151508728640534,6.878786558515333,14.531169180054091,0.21749303454041538,-0.7583754254438346,5.391575014547567,1.8026634320594968
pop,pop.00083.wav,538.5161997554404,517.4742090322247,0.03972524833236659,0.13914205,-272.74535855596224,249.68663870785454,7.4728127473885895,-23.55378030162598,36.84188310184851,18.561879796680046,-11.837272764471761,4.405469799277276,12.734747048409599,1.7927395913622628,1.045404382722998,3.0245465974627526,-0.5348427339454778
pop,pop.00084.wav,615.3451183490599,556.1430886716523,0.038298923288863106,0.16554484,-262.71652753606116,203.30779159551466,-1.6247149275998678,-24.036726359611198,32.51533213800393,16.409271455823497,-15.085243871660836,-2.983046637833906,6.402210859359234,-2.9964729273714887,-3.6002333872240078,1.8259458150795167,1.0108232919075972
pop,pop.00085.wav,769.734284635404,609.2282207527345,0.05787813285479505,0.17582372,-233.04611493948283,220.5301417293934,-24.792055436505855,-32.51134694799393,39.220535421019164,13.843070842962685,-14.24961200647604,7.871401568059236,11.778992954273773,-2.2732256655579395,0.2611550802487629,4.811420688085925,3.27379774932488
pop,pop.00086.wav,735.0490825080279,589.105416708917,0.054011156830046404,0.117227696,-246.23636959224524,251.14007562547172,-24.163907107136204,-39.25065637319057,32.82956481530829,8.467521543967095,-14.770592200400616,5.945733396348795,6.4036011070294165,-2.975962514869072,1.5142024431393504,0.8404613644483122,-2.9078551769098553
pop,pop.00087.wav,611.712535643032,572.285527704109,0.03889105399265275,0.1742139,-236.55705055677325,244.55859500982817,-9.888191173001522,-24.66608279756104,42.71345299163797,15.121976615392404,-13.959231421710495,6.375082330770163,9.478300570907994,-2.7953794079417422,-1.079836073112446,-2.1125001781155173,-7.506899689104467
pop,pop.00088.wav,666.8256390021963,589.0745283699108,0.04512428702629544,0.20916998,-214.40133486040065,222.3099621194728,-8.434885554519216,-27.65215397616655,33.94135946333053,15.756215553787628,-8.889143642749268,7.9052479490795005,10.988987980019493,-2.170140203566949,-2.7507521975444273,-0.5937919067371944,-3.753425882226195
pop,pop.00089.wav,640.817784966969,571.5948063037316,0.044678300826566125,0.19706707,-223.43114623382635,227.60926121052893,-7.785380467912826,-24.60521229804648,34.465458909050106,11.497747879832772,-12.08332542419363,4.96879637039075,6.835881315153804,-2.732087788028156,-0.3038213611561255,0.18409252688433891,-3.657882915047894
pop,pop.00090.wav,614.3351562375485,572.6431652916857,0.03924678557617943,0.17677298,-234.1892377728951,243.7134483832199,-10.143318487849097,-24.687908482808314,42.56618951840314,14.919288193488164,-14.043888623561463,6.3573676246535005,9.549590500477953,-2.7388347528407175,-1.3606701815899664,-2.6069917194525583,-7.688965729073746
pop,pop.00091.wav,731.1915986203669,608.6637007760187,0.05066569388051044,0.23650646,-201.06015271659894,233.48207942375612,-27.984875308563623,-30.449127000013245,46.552706818600086,16.761836011298257,-14.53845293227488,5.224542781808388,8.21222725614444,-2.2586833062461333,0.28355497069183805,-0.07088556513312591,-3.3120272175798466
pop,pop.00092.wav,685.4373741180281,615.6757629613321,0.0425231414346481,0.2088556,-205.18031677279785,235.946277811657,-19.95503339841994,-35.154293888575744,39.49309532174688,17.35103104767219,-13.759725632368452,7.82343324288296,14.36229819338245,-1.0282604667285045,0.6543399477155272,8.066882800228289,4.687406662459829
pop,pop.00093.wav,643.7170935140679,587.6792835842975,0.04264511733855375,0.2328056,-209.11645692637697,244.63204332560252,-16.480402233083904,-31.9717214526146,43.5471117154984,20.69862844347533,-12.339721639353277,5.216990610495001,9.08056214878204,-4.662086791455263,-4.267813058139972,-2.750054931880449,-4.45009042958452
pop,pop.00094.wav,734.46458184048,609.3421088925696,0.056525824149265276,0.18355776,-210.6447743541325,244.38395828600903,-21.44237950903904,-32.71615848407933,42.714152310384826,15.414180775349298,-15.238843838394944,6.990033606862991,10.32719089925393,-5.246968433445985,-4.7430020540747275,-2.0982409691998516,-2.69252613922675
pop,pop.00095.wav,516.2206545761998,503.50266056669204,0.03213139863689095,0.29222855,-201.0017184138742,233.46211414248634,13.744226362784582,-21.241719160535418,32.26825447408561,19.589081717954222,-9.44919362516655,2.5445717952935274,11.194718442208494,-0.31026106869311176,-4.837718286245692,-2.9764775714224467,-5.715525244729242
pop,pop.00096.wav,549.2406719811304,540.9450336769913,0.035461000942575406,0.23883803,-223.0943784331028,220.4508660910023,4.443006817787339,-20.987388384265113,36.07775721387539,20.82265004508152,-5.750793068250707,10.764399497651382,17.11740630113302,1.4167594247771782,-3.7034992386524146,-1.7975295679351675,-2.6943315296778616
pop,pop.00097.wav,518.2336059668771,505.0641835195156,0.030394280500773394,0.19411716,-262.8749614745289,183.80112842809893,18.78330135048153,-16.651923853536946,25.072834188887594,23.59915620183657,-2.6279779777088392,-0.6621126706242619,9.706250514352515,5.032444395626414,-0.8233445772263236,0.4476810911422357,1.6193711026096398
pop,pop.00098.wav,775.5249464067617,597.9003396250782,0.06019227631960557,0.18712582,-219.2879131879666,238.28721051302173,-28.448420672784657,-39.11483979488655,39.29788640262569,19.316052295872655,-9.541837132273121,5.546844106452086,8.52501800205092,-0.18184575884301687,0.3199256750766755,0.9595773484154462,2.77040457815353
pop,pop.00099.wav,539.6388852361165,513.7481890562668,0.03530352740719257,0.13313502,-278.00482551284324,240.56789776754223,9.043963709551289,-27.631260235205126,32.29474267616686,21.351734239342946,-12.247977582309872,-1.663005753412924,10.988383882428185,1.7924780688636193,-4.047243010406525,-1.5945050396957516,-0.8444080689971858
reggae,reggae.00000.wav,679.1789640209748,575.609247679526,0.04961813611755607,0.08942109,-302.1061611836212,235.65937566812002,-8.902387139651713,-31.189719049304657,38.55664595808245,18.820454626884572,-15.872743970419032,1.9852591720120594,12.309523318566697,1.008688221469386,1.6632068357321084,3.3482306844464373,-4.1391470811271605
reggae,reggae.00001.wav,588.6260275680359,507.9486291460057,0.03931966901102088,0.08058144,-305.9150438724767,227.00651164657646,10.894032140803409,-36.20118475741118,21.092822312109003,24.197286881356327,-7.60396669458092,-5.933405860123616,6.632750118945068,2.6381508501495063,-2.1808144156448566,-3.354169535053706,-7.923536941865085
reggae,reggae.00002.wav,539.5266826063878,507.96828762782997,0.03620380776295437,0.08915525,-311.7144694494518,219.2111629879463,13.99849312417049,-16.29146382749215,32.21754068665436,16.77463032813184,-10.287999058518041,0.2811274986416494,5.206448590186143,-3.0241304756511553,-0.610282708484946,1.5357972628080685,-4.662540432113332
reggae,reggae.00003.wav,647.218863927745,597.8884416256739,0.04155413162219644,0.09073788,-309.99252605061474,198.6276397804068,-3.1126668509872712,-25.047855398313782,42.282809338796234,33.447582546158365,-6.4278874222561715,1.3021749754396352,15.485341112046262,3.773048945862917,-2.1297074714227047,3.744782571088098,1.158316167670196
reggae,reggae.00004.wav,666.9526204111437,580.4689240562067,0.04445511890951276,0.09660882,-298.29287144285104,213.95271905571553,-6.592557382102829,-34.66806131176373,28.73710575014779,20.645385731759763,-7.958851631380114,3.41540755991926,9.968750611877798,-0.5733221557314636,0.763163283628392,4.922468664629064,0.023111417382776736
reggae,reggae.00005.wav,656.8907092538519,563.7256717933922,0.042805989583333336,0.09675733,-301.9553418192846,226.25814359687138,-6.466918629028863,-31.772894947944064,36.349195611081235,24.00725851680069,-9.288154054852482,2.107434057090738,8.9349380985462,-2.9270076033851633,-2.033946458193455,4.1488037219303076,1.4395429411666334
reggae,reggae.00006.wav,557.3407443011022,511.50461955727616,0.0368540941608662,0.103081554,-308.92983293064134,219.56818205993508,10.697442018121459,-21.46004619245531,35.14271670585139,25.211748670149127,-7.276059380695603,0.44438738147551016,7.7711135890511756,-2.575835953958209,-2.5208659251523438,2.519714863092193,-1.2419655250748893
reggae,reggae.00007.wav,635.2530710169482,545.4905123475158,0.04274632335170147,0.087724224,-302.49908918009396,211.70511790739292,3.134093483069267,-28.88426127238013,29.40564869538254,22.500621008222485,-8.895092802458834,-1.0575728013378374,9.382189085212945,1.2700085968607946,-1.8816815088996588,1.1902428775901894,0.80247938609268
reggae,reggae.00008.wav,574.9401854362524,527.6022238942342,0.03858026090003867,0.099143006,-311.6850010686757,220.6717934451072,7.556386426531968,-23.796461344773,33.76155491713661,23.58131610290581,-9.369969802776934,-1.6616275510469805,10.268872598291566,4.855391265258855,0.7970456860677265,0.22280947315836513,-0.5571216395273317
reggae,reggae.00009.wav,540.1604135642289,510.32402283733865,0.0335951094837587,0.085058674,-328.9141795764768,214.22173585780635,13.55971161780019,-26.731738598474948,28.813761641273597,28.494474289881033,-5.839746327770091,-5.130008633709227,7.370855778254303,2.5776949243184575,-1.5495821615765426,1.9145251601006479,1.6997639983215733
reggae,reggae.00010.wav,668.5436437225859,584.3561841393124,0.04411184926044084,0.05718985,-351.8268594786445,188.71479820927115,-2.4700791238857125,-21.45760659329817,36.32905153873233,19.33384000333745,-18.760543156366115,-8.408706724408445,4.243778774752166,-8.302332356376668,-13.135133082027837,-6.154909991554423,-7.269381739046822
reggae,reggae.00011.wav,609.7425464018559,557.1285111131535,0.03848585230568446,0.07643586,-325.7982351172978,215.83111793725018,-2.175142761318152,-30.522891040781882,30.246942210577206,21.452942385304624,-4.676990425966563,8.465311470454987,13.867927053617018,1.1424384084339605,1.1532234785594777,5.922070774614364,3.322209596855134
reggae,reggae.00012.wav,708.3101116781102,580.2646181297631,0.050026736513921116,0.0723973,-323.4434749497542,216.19531177417684,-13.655832013134603,-36.35855916175474,35.52098223442937,24.207543017728966,-10.987815652584436,1.9357602125598123,12.643086566091355,1.4183410729780028,0.4360644415813168,4.08051438009407,-0.7944147038195672
reggae,reggae.00013.wav,561.109227111897,522.4401680867566,0.03698588855858469,0.10918666,-306.9501777050135,209.0362327555524,12.021162597844777,-21.89271866759554,34.68196326041282,29.897158329735404,-6.172549380401967,-3.926151088934323,8.47359104369169,2.6071939233699473,-1.9970471518104247,-0.13226121614360958,-2.2022239857148835
reggae,reggae.00014.wav,517.7101139784841,523.3293537933317,0.032553593870843,0.11136261,-299.9226513735645,181.29304391090164,17.100741579779143,-11.650070523861336,34.22363703349176,29.014983303200104,-1.4273979789059055,0.3368848770858383,9.89974129160204,4.128627757096473,0.6301538666282488,3.444963384683948,2.352957784548259
reggae,reggae.00015.wav,494.3455862710455,512.8070785851652,0.030853483903712297,0.12905127,-286.0280320343958,225.69607815806233,12.756172905646862,-16.83954755869344,38.964969076851226,23.875314554943788,-8.89069377456101,1.6027078587350811,8.848386121463438,-2.243290923383149,-1.8154844820171057,2.7626551601409886,-1.905583976557937
reggae,reggae.00016.wav,601.4096088850263,574.6288388678822,0.03659239353731632,0.17745876,-237.26106565876407,251.2365255184049,-14.071989848095003,-28.408568037194108,43.30881206360952,19.392408677349998,-7.601257884132737,8.006530410471676,5.6795392296610645,-3.4208819086776443,3.4283055035731094,3.1983404792295964,-0.9106212828507908
reggae,reggae.00017.wav,630.0619481163534,575.009967660124,0.04142007141821346,0.1336109,-278.6904161073014,219.3992279167577,-7.007072293047247,-29.15352871235983,39.964925714188894,27.35748252341961,-7.847131743482991,2.701354834126184,11.687497420500922,1.7454550436093417,0.6140479341072087,3.142830705620007,0.034178067092819286
reggae,reggae.00018.wav,538.3452977308417,536.5192522130927,0.03147771352958237,0.10254163,-288.0632094981221,209.9243774696778,11.727239403730438,-16.952133724077115,35.51252181321425,22.963875829557924,-8.1519363422047,0.8672201188704228,9.089053165880278,-0.5657596114736102,-1.8872937494091526,1.7064616878317787,-1.408575501902241
reggae,reggae.00019.wav,525.9245805015117,527.1098979214335,0.03612979142498066,0.13448143,-295.3698405717905,203.79490785675233,13.342945887683067,-15.940591331340759,37.74607403938212,30.243646972495732,-1.2152781567497113,5.286348148468501,15.160812094400008,5.355088371088101,0.7592853858390537,5.541916307551942,5.488660606593326
reggae,reggae.00020.wav,517.0936227148438,526.4897239979672,0.0320630468145785,0.13659595,-292.8462728021752,215.32306724626974,11.864191541972053,-22.261494525307693,35.16492743801885,30.72466699420933,-3.2986135120385174,-1.3401488360492166,8.420554835628659,4.291021752261728,4.0816582069295615,5.723619915900448,0.49685451024169086
reggae,reggae.00021.wav,683.0789062716145,592.5716833904125,0.04807738785769528,0.14892034,-228.7274303051727,235.4393914073314,-15.289706490284932,-34.46766211086439,39.151639036718926,19.593015593853583,-13.426954696880845,5.383427517560661,12.856693503316723,0.19435819225228396,1.705225982214712,2.5578290775918355,-5.655135142470283
reggae,reggae.00022.wav,594.9945400855866,615.6366805674222,0.031527183633023974,0.1750719,-244.20830568941818,238.73787213796186,-19.738873993007,-28.99614425385527,45.812106782068064,19.786374643250625,-9.465673198917441,11.192404121071565,12.810232915729857,0.10455702723949192,4.362739647690526,5.020530203641339,0.84988804211573
reggae,reggae.00023.wav,624.1243428072753,636.7506661437507,0.04013573690061872,0.10156719,-309.86772140238355,214.2161917586508,-16.544486645490405,-14.9970541344998,58.10433484768913,27.495414183938813,-8.807647491322475,8.69712777064817,12.915510366734127,-0.5741545932350482,0.7236304309740201,3.3512043627380015,0.8029646157317963
reggae,reggae.00024.wav,587.4605993042952,555.7954308090441,0.03679895954176334,0.11836329,-292.21611963038583,219.11386236722862,2.7302717526683207,-21.366360143680364,39.335796917676845,22.668327629839904,-12.454729490113293,-1.8298651994427306,6.538216313411109,-2.9814486056922065,-1.1468971313023637,4.115965112258029,-0.6102274020130605
reggae,reggae.00025.wav,612.066419854556,547.748994667175,0.04100165252803557,0.12151796,-284.08337178105035,202.01924114661864,1.4809819281734276,-24.71292533874413,32.642633347227594,24.75166085089449,-3.6172751229967113,4.794014373741828,12.552912040285943,4.654695624316261,2.7572628374391903,3.386206807308783,-0.19580896746090853
reggae,reggae.00026.wav,559.5516564560617,548.4229128957511,0.03719018875676721,0.12888889,-294.3222486956562,207.5268137257382,3.7071187292154186,-16.945116575726914,41.827851022741754,26.37095500604129,-6.561075276082183,4.1934137779179315,13.132704067757752,3.183312694256059,1.4492526203051843,4.719288675121614,1.4644707582337968
reggae,reggae.00027.wav,534.338650359083,521.6592713947966,0.03377410817865429,0.12512733,-291.9842493775808,191.12083970828147,13.69724773228408,-16.40456701180583,31.055011290228087,22.939906839734817,-8.265664105562166,-2.712149115273844,10.936225235256199,6.91144213092741,1.3699071960681743,-0.20866834815331864,-3.7467558505047025
reggae,reggae.00028.wav,495.6019192013185,517.3614715970713,0.03096715185131477,0.07129599,-361.7683852010811,192.53313716904248,13.90285257443138,-8.26210756000805,43.085814951857444,31.774491564893268,0.9048386113043582,7.264250530283981,14.251617128230126,4.462141142283262,2.24361344438786,5.798009891633405,2.330445338436867
reggae,reggae.00029.wav,422.04245055362054,482.49522464406226,0.020933028808971386,0.10235818,-321.0754651754674,215.8455345506203,20.330643958341884,-10.886074560620308,37.876862774739045,26.677584365772415,-1.4873794182539073,6.085167592672587,11.210979088607598,0.9840228870028751,0.3191903135622461,5.253575452595855,4.27156632427646
reggae,reggae.00030.wav,421.33741474420157,467.34847230490783,0.026083961716937356,0.078992836,-351.82484311673664,198.18122582482096,28.941023204655128,-6.213616780494036,35.10067471734311,30.038036827113487,1.3461841265806567,1.5306627690246284,9.399521844958693,6.550840351159842,7.164991884405552,10.907169473688963,7.911425947355542
reggae,reggae.00031.wav,465.85699678020484,502.15532709344484,0.029010250507540605,0.089980386,-333.12966871609444,195.58912639268132,13.595649322900433,-13.238985212586726,40.35646489804172,36.876916882273605,7.553215376635581,8.196255853141718,12.952413276980808,5.237064262561256,2.5029876525379247,6.171324543869088,7.489078819771028
reggae,reggae.00032.wav,544.4031650143285,541.7356787235019,0.03568833683778035,0.06283853,-342.3997783088633,204.35585805745686,7.216394950339609,-22.735257600479592,35.17042465223844,30.668507017960085,-0.25945440963210054,5.56050434706746,13.621294185113221,2.8413286033942273,-0.8382184429131746,3.6445272136501603,1.7677427097714418
reggae,reggae.00033.wav,467.3577710600155,458.9057718918845,0.029055944267208044,0.073112436,-355.94747731228836,203.96552981341233,24.033540064841176,-15.8109678157391,29.18356434716552,30.950971125836382,6.128784395118514,4.565313218664398,7.5846144284586146,1.270391016861466,0.9775981597484893,4.9474041290753465,2.9532028413085762
reggae,reggae.00034.wav,451.4070131922082,476.1858295700926,0.02610171053267595,0.081659086,-333.41792087531974,209.25672427496954,23.075230769478196,-17.754938400059416,27.53500940550964,27.0110753843192,3.274535469625343,8.353488033092043,14.255185087288785,3.533413116939162,0.6383696626874278,7.51654730507874,6.6055177012873
reggae,reggae.00035.wav,522.649342225979,512.3296116415306,0.03277866395978345,0.071758084,-331.07842502650817,205.6534280090805,13.85994586493599,-22.71816281808445,27.77259184738763,25.967394106813995,-0.46226201347810697,4.518188537980554,12.293973329972516,3.821069318536269,-0.18803563998745398,2.069953647839308,0.21271632756553527
reggae,reggae.00036.wav,472.2800205525231,510.578411786261,0.02581130969644238,0.07852367,-339.36103032079154,178.8863284000448,18.87368972936686,-13.284993178335036,31.34472516108234,33.64541795563596,8.826325945358382,6.558677130469209,10.020676071371582,2.6758797989583964,-0.21623678466936727,3.758569195691156,4.126134518111384
reggae,reggae.00037.wav,484.9987545503549,529.2720451768054,0.02854047334203403,0.084740065,-348.59926313201106,189.10731062517038,12.34176360303987,-14.004391196383366,34.84061334518796,30.190442640251096,7.868114139079603,15.254191545968341,18.43931158348884,5.919802431313085,2.687089019991327,7.901702081537658,8.482950692169592
reggae,reggae.00038.wav,571.3454596852184,508.333034859588,0.035322409126063416,0.074064866,-343.78145211696744,197.28601370200457,8.190318280724197,-27.015184139968223,22.168857339976313,19.60585199639339,-5.076256872043706,2.379385575584334,12.307892068295343,4.8335169902535124,0.029973369194806355,2.251313914735965,1.603343196084458
reggae,reggae.00039.wav,299.3727285909687,367.92631856995786,0.013730408328499614,0.1030248,-371.076925057263,163.52406771885683,51.945231667203906,18.360736117026647,31.93233469337785,21.381719934140722,2.0289827739076096,5.5403484862654,15.659871391271013,16.42764154794499,15.00099466504052,13.613044123027523,9.201207771628972
reggae,reggae.00040.wav,740.709229024522,540.9625529807926,0.04791387217227378,0.035256602,-402.95507333616985,183.587084971399,-12.144897272033909,-35.26116773082394,16.07555588514472,2.8643817571890935,-23.199102796706445,-15.085529266197977,-11.15640716194173,-15.688987749885618,-8.62571557704737,-2.395499551403301,-5.00828938691989
reggae,reggae.00041.wav,444.52920220242873,501.2080253785525,0.02479887193058778,0.11584592,-324.37754326118204,224.0095545237257,12.59854535668689,-4.023956774082851,42.14697384844572,16.29863462241446,-2.223035625630249,14.04437369766375,9.453399174364842,-2.511788714519847,2.1138350266159542,3.6724433095512965,0.6031809544753043
reggae,reggae.00042.wav,792.5210787120898,653.6165741338675,0.0535787654679041,0.06586465,-308.5644564156359,201.90039675426615,-25.36748114933578,-33.91890188154274,46.60735442697366,31.384197697599983,-8.831055059147376,2.7579380807343488,12.68082353922415,1.3030425640825953,0.7012360742564505,3.959656102218671,-1.9244133707595512
reggae,reggae.00043.wav,683.3753778342319,613.8751223779038,0.04428858214907193,0.10232493,-270.5576409675035,229.0000219025213,-14.766846743421027,-26.42447449603051,42.15968818502578,14.076508753930677,-14.91838074595555,8.669640433874942,7.488729929073022,-12.964797849601764,-5.644402568640826,3.1635625179710765,-3.588890445424366
reggae,reggae.00044.wav,531.8079941930722,532.2035982355719,0.03357811593677494,0.1469822,-263.86700959401605,236.69582362159707,2.8115610584234725,-22.303759191196548,38.372722858627505,20.916551716827406,-7.041231593311584,7.04737169627706,10.624533376019984,-1.0994652229933575,0.41801631277196866,4.002778845452102,0.2860571025248058
reggae,reggae.00045.wav,647.292571495422,636.6669332351789,0.038468103489945865,0.069708355,-324.2864694500771,221.42657642999828,-18.267754698997013,-12.358255398833341,49.46167955817927,12.709662477866999,-9.780756272834703,10.184305601344462,7.581480704969349,-1.9396552963840354,3.0685136337776497,3.6715006774171237,-0.37973384448360126
reggae,reggae.00046.wav,535.8697480675328,520.0491419128194,0.03372765915023202,0.090777166,-321.59166639428037,223.00692222174428,6.838557212155285,-15.319347749742878,42.80341531546564,20.684874348347076,-15.614880018524975,-2.4199208905366087,7.570696451294671,-2.6727746688215825,-2.6657092928591464,1.632161888513798,-3.133593975905688
reggae,reggae.00047.wav,688.1803115607678,607.8982559661088,0.04232903736465584,0.09407943,-297.6198278380217,216.41642627925106,-14.490987947209788,-14.11543142839974,44.600900742511286,7.875843376787131,-17.03536262816596,3.2544075426610273,1.511294385035197,-7.913277758423063,-2.0825030002829075,-3.997994216553043,-8.4608827931756
reggae,reggae.00048.wav,589.6262949591813,596.1753368127672,0.03622533292246713,0.1102796,-291.73257184587186,226.82178398661725,-6.135072675483048,-12.910827276474896,52.74335519117529,22.02036477404994,-10.989267671326168,7.053413460545217,9.878297556662735,-2.66403309196368,1.448172134729084,4.578221861606887,0.3343970963921061
reggae,reggae.00049.wav,520.2733182386576,494.0074842664493,0.03288591212296984,0.12984018,-278.4344536506737,238.9595979699,9.584701194749622,-18.06358166634544,34.253544701286664,12.25263437617887,-12.52606337122689,3.805447948869803,4.423308000501072,-7.085203056881999,-2.48094232164925,-1.9120873658823725,-8.466068328358022
reggae,reggae.00050.wav,685.4947047146452,610.2995404884506,0.04211378576952823,0.1157652,-257.70359812488704,210.94840550866795,-13.696687847349613,-28.17950095051894,36.792565640931706,16.926626778745216,-12.475288467654275,3.852282325962314,9.437506303263786,-1.5825033118309737,1.3102805441454157,6.84271200892725,4.077657798751455
reggae,reggae.00051.wav,623.8034743223658,641.9840784716789,0.03423973136600928,0.09288126,-341.6566057107168,183.60564666346394,-11.099605879515353,-20.112214544837762,40.09535466533425,28.61390206510612,6.354950646779438,14.948530292371533,12.78681929156888,3.81264767266638,10.039138829452353,11.400953983836786,1.4955207470159855
reggae,reggae.00052.wav,502.37160782589217,531.3632916565052,0.029069161470417635,0.1812983,-247.59722499269654,219.59254465379718,8.452556119424246,-19.181274042989628,35.42732803492619,22.066301301502744,-4.160453627704755,7.837010986767297,10.449119044432438,-1.9649123555171195,1.4478297057999066,8.509255073345008,5.194875362186993
reggae,reggae.00053.wav,524.5727179876528,529.438781355503,0.031851949197602474,0.06043898,-344.33412872935077,183.90188835062838,17.437056287521457,-14.055482175678756,29.520516733939907,25.43014541951152,-1.6425166769124573,0.9571346723652743,9.460247916010012,4.228958570385123,2.036591304647297,5.0671990948887355,3.4646246919680865
reggae,reggae.00054.wav,615.8299692520956,604.1614761611753,0.03769433065061872,0.09244261,-309.85762457195773,202.97635031153507,-3.923914453788184,-25.78483244991483,42.85938698916184,33.566290606687716,-5.904982158148859,2.8899799626112848,16.65925493525419,4.423453435342427,-1.0860693859515964,4.717228345935601,1.6256727116025724
reggae,reggae.00055.wav,530.7656398734337,521.99942864175,0.02879046729988399,0.109043434,-304.39483489906894,254.58939040686823,2.844633043486449,-25.16908802303721,39.70386298038332,20.246778691030155,-11.133123277205778,3.6515679446866174,8.41537848034593,-2.4281829821092984,0.6894586704699687,5.037652599085033,2.740897205587377
reggae,reggae.00056.wav,635.4063135564347,567.8788934116918,0.04192685675270688,0.09641266,-297.23320962610023,222.67424379203396,-4.1617771737143885,-30.742895505272475,35.63663772742994,24.812356240904343,-8.10326671044583,2.7782591559155514,10.443074973881323,-1.1937980086571547,-1.1285353857426255,5.0616402068580655,2.566266570154209
reggae,reggae.00057.wav,552.6038899636826,532.2110143707291,0.03717772682231245,0.10012674,-309.9529131534702,221.9401514801243,7.791284438762093,-23.779259329487,34.10704965279714,24.076043583030252,-8.654319973036682,-0.595833368405188,11.166178038612152,5.347781121125722,1.460364469580086,1.2010836985760547,0.23838002118160614
reggae,reggae.00058.wav,640.4404580377509,563.7035763108146,0.043771223052010824,0.085685074,-304.2184822240195,211.39975613278472,-0.7400313665160959,-27.107141672547503,35.70622896422611,24.781999029548544,-10.865743379480412,-2.1896569310548535,8.929579306638901,-0.016915841339208128,-2.33158035340948,0.7572783759989475,-2.5744953989762505
reggae,reggae.00059.wav,728.8815901657906,580.5283463420215,0.05484535116976025,0.11762556,-267.4309550007287,248.94877311804444,-22.742734099959574,-38.43327002402039,38.10637512888967,16.244038081533514,-13.430810002892521,3.0415776095800044,4.547793834527334,-5.4194827294059955,-1.2607573414752669,0.20661996084701595,-1.721744822044002
reggae,reggae.00060.wav,699.377388755782,603.8404592314282,0.04993572662896365,0.02357342,-427.2881294321212,189.15950830145675,-4.535696811599342,-23.648694127016647,36.270066363047974,20.949360249703,-16.66971197923291,-5.867354537708595,7.35762645801515,-5.040663232982753,-9.811791254886755,-2.4699122994917757,-3.299179568088041
reggae,reggae.00061.wav,651.8439814045834,604.5787838109678,0.04086268307714617,0.1653057,-246.57052791676406,225.58284134143247,-14.30225221810151,-21.165318851123892,42.028643095950706,10.576353505853845,-16.817918400921233,2.3409386669964896,3.543909715754451,-4.295037169331899,2.1906447497207133,1.9770122983273855,-1.7328871300938014
reggae,reggae.00062.wav,453.4670541974151,543.7914519455636,0.022164872148105183,0.05584712,-377.6694162464596,180.75022817040696,13.44956947175128,-6.938430438780391,40.75479836681863,29.831753171346907,2.469801174991194,9.963474814253754,15.445947959466757,4.965363192295906,3.748922311243181,8.071092388848507,4.827754325651526
reggae,reggae.00063.wav,645.924381345834,597.2251455901206,0.041693101073085846,0.092817605,-288.16710681109754,212.97379058518104,-5.365462149049919,-24.300093165472415,35.25261426959644,15.906014962145541,-12.231643021029047,3.7046872025331523,8.092583813089751,-4.578815919881885,-1.9580793639330982,4.553747133037409,2.990408853613826
reggae,reggae.00064.wav,577.3272081647618,603.2681337622,0.02836827206593194,0.25643882,-235.11010095553985,215.96354923434612,-11.262674708663244,-21.279569821686003,49.24176090583694,24.386198352406783,-11.851133147845259,7.554733024575988,14.464981639250421,-2.445334799834851,0.2064284576311672,8.18358804428725,1.9753173815014464
reggae,reggae.00065.wav,637.0568261442371,593.6599114324813,0.040060210025135344,0.28065866,-199.5525145435462,218.96558228709947,-16.22396884651079,-29.491999644463817,39.299018124276074,20.674923043705867,-6.839380736120141,8.303222262597545,10.632894720883185,2.43102660722655,9.487275130586289,10.810061375612536,2.690643396462193
reggae,reggae.00066.wav,622.0881097345008,581.0877184605124,0.040410277093000775,0.1245598,-263.0029793210966,219.47774507995805,-4.2130207515527465,-25.649004815637383,39.10744875074996,22.1324363602231,-9.479376098343723,8.021836198047987,15.571345199054065,-1.0778714077109708,-1.504471905142922,6.838918273107954,4.283815376879366
reggae,reggae.00067.wav,567.7877717490862,559.7313903631986,0.034781636697602474,0.13711162,-262.362338221519,234.81364181980032,-2.28014332284918,-26.549934969840518,41.41562130079676,24.15592517050653,-9.818152357237672,6.0202770492992865,12.110435741367274,-3.498634325539756,-1.0860446685326692,6.411299406073744,0.6843935144222523
reggae,reggae.00068.wav,583.7561082925012,552.1450364146012,0.03898206387761021,0.0919395,-322.4042598512337,198.79224557261827,2.2383606570815293,-24.05131098780671,33.54550686510151,26.636949417333472,-2.3566233161404373,7.284811822522647,17.440712841773042,8.31291494844239,5.489316808291013,8.46182393931741,4.530340318384726
reggae,reggae.00069.wav,517.8044274720966,516.8497054869515,0.030628413814771847,0.119502656,-297.0305678356344,230.6019671675542,7.385582363640568,-15.876300279249751,32.13929379682713,10.999453375551814,-4.61327156717802,11.750882728377583,7.352920312371884,-0.7043808904141069,6.017389401814576,3.6418929219833927,-0.10829688590713556
reggae,reggae.00070.wav,595.066543619322,575.7613094403589,0.028555578717130704,0.14541742,-280.4667024663973,208.9148770441855,-9.165911785786186,-33.25823603024411,30.94225847335896,21.379913261361427,-8.46918264513731,2.091543363272821,10.570857590269796,3.229951461048105,3.855981283843673,6.1729006198793925,2.335495315498711
reggae,reggae.00071.wav,522.4674241751414,584.440277597767,0.027332043334300078,0.1343621,-289.2372628472534,184.95591538540526,6.661568548986413,-1.6350944592838916,44.80121543107389,20.335732154638368,-4.917772587193417,7.666150512739605,10.062521022675428,2.017395697401782,4.298272545940204,4.7935187498292,1.3439409585282363
reggae,reggae.00072.wav,717.8955131742091,585.8022539493477,0.0475222653228925,0.13244034,-245.8573050468229,213.86096311127275,-14.51875646017944,-33.8581764490124,30.827783994829687,12.239087925199893,-17.65886794879902,-0.9791012587782645,5.4660308815399095,-5.146404152895572,-2.4287435154906505,-0.2554092822828408,-5.215679959864819
reggae,reggae.00073.wav,462.2506928104473,522.1275689682817,0.021657331544856922,0.18933235,-260.0282625330163,234.2780278831909,6.991795896990357,-22.370999615542857,39.97863483804393,25.672018888801045,-7.848745928964468,5.568167058017997,15.39665918351423,4.28179498411592,5.147050304073228,11.31535340864409,6.928466938525985
reggae,reggae.00074.wav,462.0268976125032,521.3257941749357,0.021726438635924206,0.18932787,-259.9825715532865,234.4005808855975,6.985777956813095,-22.437466373050622,39.928013396240615,25.643474061554404,-7.8638218198704966,5.581997254833562,15.422227955667301,4.262362815358672,5.082881361939639,11.276728497422157,6.9387817776724505
reggae,reggae.00075.wav,849.9605447852126,600.1152058981988,0.06759806409512761,0.1537206,-212.35189968642243,225.563318723342,-29.56346555640597,-43.626831036930675,31.0932661639691,13.183953860475174,-12.858451654445092,5.278213521871806,7.186307284990066,-4.056045585385154,1.3761486099912092,5.584672228497626,2.7470520619528607
reggae,reggae.00076.wav,507.354509042409,527.3730790327103,0.027051838626256767,0.19886604,-252.13400379214582,214.027699720791,10.214032289227319,-16.059709402510766,33.91341750648596,17.471647951994367,-9.735685843014995,4.117025709436162,15.337962040182024,7.314292836753096,0.43144953294960897,-1.833821534583898,-0.9394786799746734
reggae,reggae.00077.wav,517.3434702917026,557.3531371110015,0.02795476242266048,0.11307218,-295.70882936416393,236.05855082950228,-2.3825298051749586,-18.601520575433156,47.82379961508412,24.61298061839902,-6.926303949472761,10.076939052885416,13.330958198997504,-2.2869164442451093,-1.400991598891349,2.519209206279913,-2.9500366565148686
reggae,reggae.00078.wav,554.978626762799,602.1065084152333,0.033772597641144625,0.08660317,-326.13347483771474,218.1732365813565,-6.11711645702721,-10.749170600553455,55.124346552103496,27.667974248303754,-6.758947396927438,8.19885610119166,15.190663374196903,2.7350107404378092,-0.15966949866132193,3.547767452286062,1.2342877072345586
reggae,reggae.00079.wav,857.846739032485,647.5797810077864,0.060560469837587005,0.060678557,-308.53920307162065,197.37559041497684,-32.64649794883072,-41.02319525928671,35.312029329010976,22.099180962674886,-8.040168056287335,5.6591693992893255,12.862416209052277,2.946524592613885,1.2704046626658554,3.7248457739462153,3.5666842285554257
reggae,reggae.00080.wav,589.13309773518,572.2114707002172,0.03541644008604022,0.18437329,-241.65843293144883,195.17972083128734,-0.7611756972889205,-25.08098038546924,29.996923395028695,23.775230369978612,0.983909001405618,9.887161437209585,15.466383072221985,8.959403783190323,7.765189565806083,7.4144787613362215,6.421991557170514
reggae,reggae.00081.wav,588.0660797023563,571.0218534902938,0.03534922116686001,0.16848557,-250.60718697179323,190.9679661666262,0.5799023449688983,-24.257880665264356,29.174547298722203,23.955284289451075,1.462407986149902,9.554834996399308,15.422875429751649,9.397804898944703,7.963072975981792,7.500855857461326,6.516087031347466
reggae,reggae.00082.wav,588.0660797023563,571.0218534902938,0.03534922116686001,0.16848557,-250.60718697179323,190.9679661666262,0.5799023449688983,-24.257880665264356,29.174547298722203,23.955284289451075,1.462407986149902,9.554834996399308,15.422875429751649,9.397804898944703,7.963072975981792,7.500855857461326,6.516087031347466
reggae,reggae.00083.wav,562.1371506928491,454.60590713948073,0.04915817744586234,0.052714914,-370.16118917332864,208.29084129509906,37.55365640223624,-13.77944733024677,12.775669220924291,14.5005646090731,-2.3548429491695733,-4.572084560116687,1.4254848436619318,3.805187545786867,0.4041671210061256,-4.550634725050628,-4.839631515874054
reggae,reggae.00084.wav,564.523962720375,516.8677157109626,0.04050695149361949,0.1104324,-294.76533164187117,243.22608044879567,5.418035612422404,-23.38398808685605,35.18555266588376,19.57516882515424,-9.149212518500935,-0.8815559731469504,3.921886815050075,-1.1524321630468097,-1.6165047255177094,-2.2468966549754126,-1.8569959362917752
reggae,reggae.00085.wav,697.5049062830194,622.1600103134043,0.04418057871713071,0.105485894,-283.07665700924537,202.23129455742506,-19.807027475227386,-22.127762457671285,41.151353824664675,15.119228208078372,-10.641877974982025,5.587435079282915,7.3623496719983486,-1.1252871274830125,2.887253411720509,5.053514293423808,1.6210654253121373
reggae,reggae.00086.wav,958.234079992782,656.8818841769594,0.09051518392304718,0.169604,-179.30656991746247,264.0944396162798,-65.57174577688677,-38.533879860301724,47.46609492860322,3.7917154819073717,-11.955776861323352,9.719937065042412,5.313233008729601,1.2529328991978936,0.3888189739034189,-2.003095965749995,2.8118830708985714
reggae,reggae.00087.wav,577.5991658881453,515.373223709114,0.03532958417923434,0.19599685,-258.75788295259514,191.74650937089112,10.929879000099712,-23.44544705963999,21.494821654928007,14.471761499124652,-13.820465958471415,-7.7796524211008,3.2182696691357378,-1.402673342474016,-2.3387966000385365,1.8645907210041104,1.1321444998708754
reggae,reggae.00088.wav,780.2207903619355,584.4265620608854,0.05820365368812838,0.1070765,-265.1922522305215,234.2343042616211,-27.86798295910147,-42.70169040242035,29.333396528105414,7.479925523770497,-17.51282436738374,2.4294092312284326,4.3377263526169525,-6.041369200403929,-1.2737319420358457,0.3834961468395207,-3.2697027791010167
reggae,reggae.00089.wav,476.2461145569216,495.6598808507628,0.025763727764887858,0.14775306,-283.7236525155232,226.9286736794368,15.697919400762629,-20.6655633707808,32.550091660842774,24.612910473660097,-5.128126477323054,1.3787093437196325,9.228770692770986,1.1657846010202002,-0.6192542781318048,2.6056455330450325,0.09748302694190134
reggae,reggae.00090.wav,641.7433475964978,622.6659546438223,0.0383702961861949,0.13140425,-254.74394171935467,183.75234594492017,0.5363229138509902,-16.35032716459332,38.954065868411455,23.080655473623512,-9.435066227537572,3.9327273655524633,16.10757400287597,4.23680339474717,-0.5816068689494853,4.552857243755405,4.610995372830537
reggae,reggae.00091.wav,789.852104166069,608.8751681713018,0.06010202170340294,0.06269468,-305.5103475651502,225.31890979097554,-24.502598760933004,-37.977625641749135,34.83421874791401,15.742096618990995,-10.609964339003268,7.740796441909928,9.303031510752293,-3.012829637183501,2.1010649585979473,6.257850796137326,2.7083320663549006
reggae,reggae.00092.wav,779.4601190326298,611.5687524584458,0.060095224284609436,0.0841695,-277.8413017678316,226.19000349328306,-24.655569650680135,-38.037260327898075,35.13134852514044,15.905682618292298,-10.597312406127928,7.800655676754203,9.359173282392156,-2.996353078651426,2.24171387512834,6.568898563518014,2.874379959565183
reggae,reggae.00093.wav,691.2342384082465,560.7671615014939,0.052942829176334104,0.1021969,-282.74592367034217,238.50200861375106,-11.714040311328363,-35.1040132678833,35.16856360982702,19.03622365691429,-13.503627740874945,0.07842342693174928,9.618421074211131,1.7347475527905152,-0.7046271299278253,-0.11687130636299362,0.3022913135473358
reggae,reggae.00094.wav,776.2811900060234,632.7012887717425,0.05502434986465584,0.1237642,-255.98239340526212,257.2885174506576,-32.33237454510246,-40.40767576696541,47.917154831359134,17.3163029474226,-21.270903555418954,4.651940930836282,12.085547506935422,-6.860525950646808,-4.597415527500508,4.3752705547207364,-0.11069246726811272
reggae,reggae.00095.wav,597.803270709183,552.1036212925505,0.03633522452629544,0.15262939,-241.1140618126675,244.98697940700143,-5.958776725795061,-27.579814800163643,36.18947483574668,11.195666209448756,-17.42283951349595,3.67225373593909,8.897972977311628,-4.455573147657003,-1.9847306286816182,1.0558181745738064,-5.15684498041517
reggae,reggae.00096.wav,592.5911409991019,595.4858422815605,0.03343234906709203,0.14874753,-274.0502439951024,201.34951928715208,-8.280231176265035,-13.562948995823907,46.630144556948,22.244253209782507,-5.058550927990354,8.589377459688155,9.475563639383191,1.6148070428905332,7.249849521274218,8.239713106345787,2.5490683403345673
reggae,reggae.00097.wav,675.8018111949632,548.3583779635783,0.046918050319025524,0.10394087,-282.17248015359417,228.49830200504903,-7.479842537408006,-31.63401281102753,27.452426892621574,7.954947101785975,-17.255900883186246,-0.43858883115919123,0.8917146176194752,-13.369912989374365,-9.295857693303272,-1.5811633932455127,-5.296805924932949
reggae,reggae.00098.wav,541.2760477763826,541.052391703297,0.031003782385924206,0.13254115,-273.8890807013447,222.1445550488371,6.287542559364277,-21.706737744404172,34.239185815344015,21.836558516825946,-4.974203487255981,4.743961896138509,7.491734963705505,-1.2098843865477673,4.995542835041682,11.70978357387702,5.666317226331569
reggae,reggae.00099.wav,819.6361167565248,688.9698124097297,0.059582774434454755,0.14740975,-233.14859060024742,233.94790297055962,-41.12059036790151,-28.726723604072905,53.41768503852749,16.800897558819695,-10.515741639063505,11.093547797555845,8.229078935666982,-1.511555047677662,4.132206293305015,1.8508071914293938,-3.7213954827818423
rock,rock.00000.wav,681.9532851655633,582.5254463683629,0.04634820004350348,0.12293214,-257.75864995898746,236.284243688732,-14.716434135545665,-33.40484483108584,36.92091066140463,15.86115543707293,-15.418087578160772,1.5712466540576426,6.933026814931602,-3.6004236812068955,-0.5168837894300778,0.9843659737096743,-4.989230051836855
rock,rock.00001.wav,596.2400266023898,562.2376118299696,0.034437611779775716,0.17715606,-238.88299163780852,245.25495358649073,-7.971433696432925,-32.780460068964764,41.50234387020473,25.23255951219154,-11.821421789477109,0.45562555580646247,6.271494129439063,-4.869028846237062,0.8598832668213957,7.206439883319419,-0.37451681108146356
rock,rock.00002.wav,646.327874074286,581.5148190256725,0.03735219390467904,0.14136958,-255.03111643273905,237.04257967379544,-15.572605463271621,-30.97118520471602,39.77120966992596,16.600002751883235,-13.448885510295582,5.147919082493365,9.100676330640836,-2.654606299090951,2.1363250834126046,7.476769785583997,3.2128645297499654
rock,rock.00003.wav,484.7106022366151,503.8409695897879,0.02583698883410673,0.14876027,-270.88478647110077,229.9010776344928,12.66017890979655,-25.673513550088703,33.704110901723375,31.922839334946335,0.9466232446433812,3.041086945053817,8.871498750849858,1.67623006667234,2.1026970756216987,6.332064841777662,2.7769421087626656
rock,rock.00004.wav,424.2586899278725,472.53221763687617,0.021452653712296984,0.20625392,-257.5373461078448,248.89997082798155,13.748574871537276,-17.423974886663395,45.25327494782289,28.473555450748368,-8.366937582965503,1.63736262329895,7.748573437967899,-4.236102072868563,-1.223297190269652,5.414167615596974,-1.1117015581519991
rock,rock.00005.wav,791.378176444697,597.6074875563462,0.0552988900570379,0.1953357,-195.60192503446763,270.2836986608922,-38.32645079837935,-50.582575023277215,42.21003271956266,12.347357973065588,-24.286682533576126,4.303090484427195,8.649406082733998,-10.299596530840164,-2.7920800686428624,5.638462306828549,0.10978878059378654
rock,rock.00006.wav,737.4798072469289,579.6706568623591,0.0521139217179041,0.1679945,-232.8307707917138,253.19980771375822,-26.640633859534894,-37.70690202325444,36.56928342059489,4.69197553616445,-19.88013498865263,8.176490812763703,5.347563802896502,-11.60619872656091,-3.4088827684727283,-2.1602027570994067,-9.336998661294547
rock,rock.00007.wav,517.6555841156447,499.8360909210621,0.03143881718870843,0.15537235,-258.22206284505785,250.6782781743972,6.818158145888774,-27.759643524659005,36.683266928401174,22.285944056912445,-12.831486068595835,-0.24449414482902918,8.75596372307152,-3.4535180612327276,-3.9723273116195132,1.0864754747237861,-2.840494346876392
rock,rock.00008.wav,810.0977175968568,574.366828351168,0.06371145108275329,0.25146186,-169.28878894387012,279.41255046196596,-36.737347209758994,-57.78536934703756,38.3965129629173,19.339228225571535,-18.344670989393556,0.63611019157884,5.95853757041759,-4.593528427614666,2.8798167553384855,5.44462477086173,-0.3629349828348041
rock,rock.00009.wav,532.1632017619862,486.86300270310846,0.03370122474381284,0.12685055,-269.95441121199724,228.5814785413289,16.454499021975646,-33.440288028031965,21.869789150251357,28.51619791170674,-1.1376004130070128,-2.272903986429447,6.810941372584355,1.2324495924239136,-2.3903811542567133,1.550146818610921,1.9110151075289459
rock,rock.00010.wav,546.5599286632362,528.0570879925579,0.033120800705723125,0.1492922,-252.38126087073695,245.1508540616719,0.27580531875870123,-25.236773363990604,37.64809982785826,13.994548962211123,-16.036825612989723,8.11654555132945,15.4440774528176,-5.1049584235819365,-7.02543934074995,0.5570419632279136,-3.6050409187554706
rock,rock.00011.wav,454.9030927777036,477.2557723842538,0.029470964447989172,0.1215134,-295.2606843250962,229.94423925727145,18.525059874243823,-11.819071945690101,40.592601781509494,23.589352633502557,-6.347585478594433,8.037125085650546,13.871260845722913,-2.76361505986027,-5.551105898805029,-0.8452374529196353,-5.662131705908782
rock,rock.00012.wav,531.4031277657833,553.5216567810297,0.027395863544083528,0.07350787,-322.317262396083,209.19733574981677,4.456656816885698,-19.12995738764273,38.653326497180295,23.938513057468285,-7.6965102596330945,5.1264587251251195,13.173099449529598,-1.716297661753499,-5.861793975000408,0.08817546121989536,-0.42417160580397184
rock,rock.00013.wav,314.57999235712015,388.8146477645587,0.017164615356728537,0.13212353,-334.6346980507024,207.1626209619337,45.30231731608294,10.063610280740452,41.077824748559365,26.14571657656593,-1.3083108002875583,6.998825618354221,16.40349013965388,5.122823750767547,-2.618262998052982,-0.3872134947393836,-1.0119384850967348
rock,rock.00014.wav,553.6175755916358,549.8494261100999,0.030364069750580047,0.05105058,-368.00719178729963,199.39637698673047,7.5737225285033,-15.9044457222515,32.4637969820909,16.21545528411994,-8.447224588376802,6.129830387205194,10.206934068652851,-4.388262413158862,-4.350840895217281,2.627318317903725,0.06528757368006717
rock,rock.00015.wav,697.434256688503,587.729925531293,0.042526917778422275,0.07375287,-289.55167389428465,189.2054524419775,-1.3003071750491781,-24.159787626670067,26.106520386303753,10.858985861782763,-14.977722792595426,0.30110887754155563,7.416399356078011,-6.3077728600926415,-7.488452197439619,-0.322500808412237,-1.0852885842472604
rock,rock.00016.wav,799.8133192220532,628.7414534081358,0.060932062064965195,0.16611736,-198.324090381601,273.4991038880385,-46.96203631454938,-36.77090596217013,47.25797468111589,4.236594740510925,-14.431435562084063,12.972466050341815,3.584077970721248,-3.6314141967324503,6.184782612373659,-2.1751629723245696,-8.146087770312487
rock,rock.00017.wav,803.2281961206347,645.6964554658329,0.06420501921403712,0.14588937,-215.88606385472247,268.4060551785788,-45.864832895237804,-32.28872970612936,49.94161343230867,4.066105635310826,-16.48651002644257,10.424171532305984,2.383071177349072,-5.196274256384211,3.625610381426391,-1.7768360582862863,-6.2433515131368695
rock,rock.00018.wav,736.202788343468,626.874725524033,0.05091077859145398,0.1299536,-229.50393026402384,258.6501673331429,-31.20395833553013,-34.844967917627066,47.36085913627228,14.218916488999971,-15.496015698825948,8.311955183826775,8.41845089578312,-2.8559232605215685,3.7048035261940933,2.366023737860276,-4.479577984128825
rock,rock.00019.wav,791.6877568525573,633.7042119671349,0.05609041171210363,0.10030317,-253.5710430002334,260.0122833831261,-42.252095148068406,-36.61190300227953,47.61839025720628,8.821663108698559,-17.252606296117097,6.674126129989855,0.26609761709604624,-10.808282606539352,-2.6813751433129105,-5.616066762216133,-10.008605636299276
rock,rock.00020.wav,762.3247991469815,575.6165774243715,0.05726749806651199,0.13813819,-216.50820660059594,262.3235678275813,-28.604638186129044,-41.86324492694723,35.26601856222208,9.298343856734125,-18.08982939833416,-0.539433587257949,1.4277723810100922,-5.3478209876551634,-1.8379225562826957,-2.2476839392700727,-5.012157520400015
rock,rock.00021.wav,784.8721568379904,575.1306807043178,0.061476233202822896,0.14531144,-211.63791880914258,257.44956193150574,-29.566928307788068,-41.67091885820003,33.7135622173733,7.96300669160455,-17.89874032795482,-1.6947279349326507,-1.2497055407928055,-5.854144185791688,0.368781823333725,-0.42065984498085,-5.16142813274071
rock,rock.00022.wav,852.8544539177012,580.0779472641733,0.06966825575212683,0.15525742,-202.98383753444193,263.34299205442153,-42.64046172937572,-47.88345670816128,34.854210304156375,5.471197632677725,-19.162688972293765,-0.37867716524714834,-2.9028101844642435,-8.01152828647459,-1.46354596679868,-4.915958696273922,-8.002240608403513
rock,rock.00023.wav,724.6473867720944,565.3852471760925,0.05380836716937355,0.12606712,-251.64870477868647,256.95512571125244,-24.925288508015555,-37.33075716105642,36.558699886213425,9.30100210643596,-17.131208323027582,-0.2516585333404296,-2.271116135060697,-8.824865655617893,0.30843303362309193,-0.2576980855203571,-7.288746998336949
rock,rock.00024.wav,831.7419024790889,626.4625392289481,0.06359816076952823,0.13509873,-219.48343847009008,254.11013315180472,-45.44513526423208,-38.44427555017123,43.882665185021104,6.501266128797652,-18.148539214264908,2.9219293596560068,-1.8075145319012473,-8.567332055909457,-1.9238355005467636,-4.940560496898251,-6.614458267980319
rock,rock.00025.wav,836.6728710568366,639.4262478309612,0.06415932545436968,0.12641463,-224.10924018650002,262.0677506395677,-48.227281660843595,-33.022833635755966,45.39587428137497,1.124503705422336,-16.631842919630486,7.448014633767342,1.633127127905204,-2.862091631305973,1.1717167160711695,-4.470882870893552,-4.429727643330615
rock,rock.00026.wav,744.5072809319688,613.5024525349976,0.05623164696925754,0.13813499,-229.57584641229843,266.0041626437083,-34.55983301548318,-33.88770645302031,45.637113744355055,11.018238986257657,-11.814175817789806,8.746042788031328,3.370644556650439,-3.859359090009616,2.693495724213912,-0.7550745070516348,-4.0873318982177835
rock,rock.00027.wav,759.1989752346011,648.5767046881094,0.04825292061726006,0.070794135,-305.7883078965812,251.419811647149,-37.51164286846205,-32.64523647621015,49.49056556732769,14.459566583268392,-13.475859063432104,6.9227219552586226,5.772876703571906,-0.8116013291074856,6.099321755433059,3.75423717232838,-1.7558410642433007
rock,rock.00028.wav,697.6765084076984,666.4944467007269,0.04639313853441609,0.12806992,-254.8728342938432,252.4044510711376,-34.92886913625844,-25.433887107443365,60.60244561670601,22.803366158331084,-8.532761888630532,13.701997632800065,10.789482758276474,-4.599277334643571,-3.574262662201491,-4.548136383224918,-6.187890543447108
rock,rock.00029.wav,653.4739243941472,609.5372087808457,0.04155413162219644,0.16711567,-223.60930292843176,259.30710614955956,-24.44540100132191,-27.56826349668053,49.33664265690359,14.550378336163442,-14.168462031082967,6.108539003132714,4.095284468525221,-4.597189803594037,1.1759588275912374,-1.0440642694067332,-2.0197428246610047
rock,rock.00030.wav,534.1217512112539,523.9022517452875,0.031144640008700698,0.088941835,-316.5998674513951,250.19039056590637,2.949283569490443,-19.981420055946767,39.06129355979067,16.534025178144613,-9.426671361960175,3.763497620624534,4.100887968105431,-4.434826499717453,-2.5569058579157145,-3.7382210440577976,-5.451867423906731
rock,rock.00031.wav,772.1947983562902,577.5796948188936,0.06328434660189482,0.115710735,-246.05195186755438,228.59004996930435,-19.67750100569709,-38.58383911884932,27.9539113086924,9.160934152349181,-15.760462088917029,-0.4575062500119208,0.2933344834863476,-8.03200403608169,-2.523734259140615,-1.9871260841477654,-6.650201366837883
rock,rock.00032.wav,733.1612523933408,644.0814864297165,0.05328564825858779,0.20306458,-195.84330997115165,246.9373571353655,-29.42135740726523,-29.099588454926568,51.37812446043258,15.559750740709514,-15.808447107716598,8.3782651479734,7.206287635885023,-5.572325090091413,3.8143912109789624,5.200189210270783,-1.9740165988801224
rock,rock.00033.wav,665.5663029788311,567.3043822400201,0.046291177252513534,0.12298049,-250.76410213620457,246.49950348539332,-9.352698807906004,-35.174429178451774,36.299087640520284,15.947442093875555,-19.344896133460864,0.333377487568268,8.690475571200249,-8.533512559814092,-8.61152505319905,-0.8335471193447231,-3.5590382415782122
rock,rock.00034.wav,728.3481403089465,657.2649288791415,0.05124899954606269,0.17344454,-225.1385091347893,260.07436203102463,-38.89847989384975,-26.048114915306037,56.871579671169954,13.642688992766956,-11.950068640214013,12.914467348165015,8.367447936354955,-0.6572178875644269,4.628874993536269,0.1685872160839284,-2.238361614758795
rock,rock.00035.wav,506.960615010214,548.0274167458508,0.028218728852474863,0.12181364,-279.71846603787174,256.0413515638067,-3.042723997137124,-24.883743338215584,42.87738555264753,21.96078852604367,-3.714836547903939,13.069499208775788,10.634626023419289,-0.48930719950233886,7.679714384951609,7.941959549935349,-0.219538013375628
rock,rock.00036.wav,799.3338167548804,667.6013006625715,0.05602961865421456,0.19141133,-199.27447356262584,269.33670920680584,-47.24893769283471,-33.76176009835481,55.085765667985626,8.566007027455491,-16.904753535641387,14.72347668488011,9.726457586344722,-1.5614920321478918,8.002740385368309,2.688391819273467,-4.758945160395086
rock,rock.00037.wav,787.1794555920782,649.2784574499285,0.058754622244779585,0.097115085,-260.59404872426535,264.4028100135958,-46.32818037897388,-31.105249807047084,49.9730937365144,5.581691513649052,-12.20982465596825,12.528697716343512,0.9363380593612133,-5.755723124227999,5.273568790439239,-0.26742610606767026,-5.314818488720482
rock,rock.00038.wav,837.1473993867615,626.7178267556912,0.06510467056888544,0.19759868,-191.32339382108248,236.62309496082457,-40.38406373812614,-42.13234672771288,42.0855167458657,16.5343804909208,-9.223044634134023,12.33314998658594,9.504626606916213,-2.799727305206406,2.987022938181067,1.511153239231465,-2.0704480629785267
rock,rock.00039.wav,812.340081492615,651.7803990989862,0.06477940110208817,0.13190053,-236.98540464506505,269.2700558767292,-43.91467935127566,-39.52973813931662,55.11010862821083,14.747143801710424,-19.7790258768211,10.711586311045131,9.85578179577565,-7.917629786891631,0.4709199151013295,2.055601222730388,-7.207304223251027
rock,rock.00040.wav,735.9103279828767,645.3497213730408,0.05232766277552204,0.12679516,-248.9503831746813,239.46416517381266,-25.949625883985913,-23.438112974747103,49.49389391283954,12.173579425585796,-14.521920294381932,9.357906548318683,8.308428070514733,-1.622239584982367,3.68376430891784,-0.47579348318503867,-6.396494102530458
rock,rock.00041.wav,867.018017348038,654.2827918552103,0.07266591744006187,0.14195481,-224.76188019319017,259.399596365439,-48.580638889085435,-39.860688530677784,53.969108829215934,17.116032357897293,-13.60881010152686,10.681721485611922,7.053170200009799,-4.602494530038423,2.4207708958881473,-1.0129662680626452,-4.286133527981848
rock,rock.00042.wav,725.112776476057,619.3277380303568,0.051004054282675945,0.10648704,-253.8565129133044,250.95746799500333,-25.860859942900273,-30.35939029053657,46.25973477395687,13.22177930979319,-15.55074724338366,7.470213271640806,7.069973322614089,-6.1319871970952144,-0.6796809222299905,1.007877011062676,-3.834497348481565
rock,rock.00043.wav,880.9987963212379,632.7125996878383,0.06958555382347255,0.12149321,-240.65464625739273,247.92344852481145,-45.565528509587786,-43.611441537643074,42.69433379403719,13.654883476558394,-11.468462248862966,11.008732223987314,10.299139662209972,0.26851138439790717,3.643541840775638,1.1601386704045424,-3.050073859632846
rock,rock.00044.wav,647.4010174356173,532.4631325393499,0.049922887060131475,0.14074817,-245.9485012412022,245.18695393232187,1.12461605554586,-39.290226921412746,28.217250774918938,24.324502587871418,-7.8128640572674755,1.3497420155828512,8.760905105893443,-4.541778821705491,-6.442112938643278,-0.047715419852168144,-1.5056420074733465
rock,rock.00045.wav,635.0682116506405,611.3456342400151,0.03742696551140758,0.091828465,-304.5385942592628,253.48907100932246,-25.675184970686907,-15.333714165256941,55.77457119419915,6.387188817319245,-22.678508361223653,1.5831614839400938,-1.1804546772472833,-11.727966609380758,-7.413468826318386,-8.501411656606123,-10.100148589849756
rock,rock.00046.wav,811.069232006672,614.4487607712479,0.0693650153470611,0.11146228,-248.85894035806623,250.1344680787865,-29.428673456488394,-40.17360626878918,43.6478928205926,14.411071620056031,-25.89959392325101,-5.600871782310766,5.5797806747561465,-1.0971859045466306,3.093314601366092,2.6206535550339582,-3.9610278111704558
rock,rock.00047.wav,780.5914555181412,657.3709877559182,0.052746081665699926,0.121545434,-243.55675005119,242.98775650553716,-37.23296899259192,-27.320496622822443,48.45582781433261,7.794074306602566,-15.265578670870845,7.981793867650231,2.456477579239307,-5.3958752538184696,2.0556261197709986,-0.7772959706409978,-2.4470583687654526
rock,rock.00048.wav,745.9002380869067,597.5506747680577,0.05568218895011601,0.13820456,-241.90292942220924,271.1246943668101,-35.312717531490314,-42.2986061611296,42.62769918351657,9.913068167232458,-18.951256137835536,5.512794310684293,4.681931609313628,-7.64456774575927,-3.2796742457816785,-5.038596646627361,-7.581662199782552
rock,rock.00049.wav,583.620743769875,542.8757142555374,0.04074297297950503,0.09592124,-280.64290332144856,243.15527354517698,1.2818363619565425,-24.984969860263043,33.816129056895235,11.627806267155556,-14.308367188915929,6.658419689349235,10.662476358028904,-4.86927180347495,-2.06741931927392,4.640108207698062,-0.9946119288927036
rock,rock.00050.wav,459.40741310541574,481.75221642606846,0.028197958961716937,0.1391955,-260.9866704985556,221.85969283012756,26.38967229980478,-21.535105391314755,22.30540529880036,23.748951083023044,-0.3326607482793745,1.4197697036058303,7.534207004434001,1.655173905844411,0.8548454413751756,5.560182340134349,5.0337102628264585
rock,rock.00051.wav,562.6300274246629,543.2678807850207,0.0356041243716164,0.15263668,-248.13249432367698,245.33483215122814,-3.519218776619948,-25.069563681422654,39.4603939920792,16.646942543871887,-12.815518364397775,3.1274476479916835,5.816960947345325,-2.946220384918642,4.057749897735063,5.7216927308092895,-2.535847517031695
rock,rock.00052.wav,584.8062111016277,513.808259769968,0.039334396751740136,0.108776405,-299.382058525374,210.66202105650106,9.738230131854614,-24.43646822253988,27.161016490603895,19.017079431805055,-12.413339339606171,-8.769830772048797,0.059747847113202635,-4.205187079764487,-5.547593648891599,-4.903755814405295,-6.6750662741663485
rock,rock.00053.wav,844.6145402278992,675.1085643779629,0.06330889283642692,0.15883364,-196.70059714882166,252.35784471186705,-48.21966771432988,-34.36085798579752,51.504004651115324,10.980373693886458,-13.063743606356516,11.05494640974662,4.997104706777203,-1.743125360587667,7.033643203640037,1.4407832724637304,-2.1259264549550254
rock,rock.00054.wav,806.8363894347954,615.3906411633675,0.061348215148878574,0.05890718,-308.1063678302798,218.4619532914382,-25.410147863864715,-39.19124871032736,36.13708236122493,15.752622493332206,-19.261592382283318,-3.515659485614683,0.8187355625765281,-11.894838201944363,-5.993376181930609,0.2246982657880768,-5.4202177579216295
rock,rock.00055.wav,621.59402085347,511.8661712064485,0.04412506646365043,0.14398354,-240.06062169399289,268.69600847926074,-5.822405794816751,-41.664421236884245,28.94539240945916,12.312723451103038,-19.483951237717516,-1.4543853231359596,4.999149776739601,-8.088282304832454,-3.7997917085910355,3.3460791581403826,-1.093516934410101
rock,rock.00056.wav,710.2873564928283,637.4342231757153,0.04861664974864656,0.15154287,-206.28505086178416,256.1088853527514,-30.63310865372465,-27.96585968451093,47.69113890353027,10.326613373333903,-11.746836476828756,11.269739953125447,4.697377274426314,-3.3127738297669196,5.886535857549998,1.6528275612736685,-3.4247725810799103
rock,rock.00057.wav,726.1896749958763,586.1053481026958,0.059329004132830626,0.11086033,-255.45662673200158,262.07873210317484,-25.02144231669269,-40.32558758540017,40.31509816698959,15.89868936567734,-13.199932893132713,6.968434541657379,5.791078730351909,-6.701555215320553,1.5223713302791453,3.1969875400745242,-3.9938305464482773
rock,rock.00058.wav,625.4260428347825,511.81500773554893,0.049873794591067284,0.0841334,-309.6252182991369,260.07622953353894,-0.8005902658012497,-35.630860648051275,31.61810129923367,16.896071996914298,-14.264962037058751,-0.19077612612934378,5.085690466196746,-5.501937967655452,-2.635537486375048,-0.889925688306043,-6.737955495567936
rock,rock.00059.wav,514.0478556139772,466.28202425971267,0.04105187790023202,0.050006945,-381.8017121222399,252.88478709701803,18.35981911413119,-26.36211853693364,31.79556232030456,25.215829861032994,-6.528827499441429,1.0573473324773839,6.856163652290508,-5.309059933117726,-3.368447319135056,4.886037908596463,-1.1254244806040117
rock,rock.00060.wav,752.5856256031302,601.769111732082,0.06289840426817479,0.09546315,-271.24237402928026,269.4529203672883,-32.1719881721119,-41.22404246322807,44.67951739665689,15.797649095282676,-14.645526716077997,6.168449472021577,4.7205757380886775,-6.1115117875187,0.985555996659384,0.2246316754237555,-3.7343109289865746
rock,rock.00061.wav,479.52280711866695,437.05049463854783,0.03608145422467131,0.08663567,-345.7490694682772,245.39166064255852,23.801974515567917,-17.187131836274993,32.61440444157406,20.443365655038637,-9.698353314120308,-3.5208083313993317,-0.5267950500854752,-10.777693660237802,-8.447660320347948,-1.7607892290454474,-2.62140524834865
rock,rock.00062.wav,534.5889451799875,471.05582723384185,0.039505465124709975,0.058122467,-373.3688467137883,223.68952341978664,18.021138176606282,-18.140730271636258,30.864011433480364,20.373832153294817,-7.515693229198857,0.717754986480588,5.949986924321812,-4.382214862490965,-4.672368241200618,-1.3978138792549795,-5.469581455485039
rock,rock.00063.wav,429.1039760761982,423.65487656622633,0.02989315968194122,0.052221194,-415.1268838467912,220.31051675593935,38.653059810710744,-7.71791379165177,27.900547937026243,23.168348943793042,-2.4161071311593783,-1.335170957862361,3.9392839901363095,-1.3607322666008441,-0.45482252637549997,4.03516622228054,0.7843310234072317
rock,rock.00064.wav,740.0379596994289,599.1461217405314,0.05347038440158546,0.10050418,-272.5011618930643,245.42843339835366,-25.8953137828189,-35.05996894160652,42.398167132858184,15.086931540230152,-15.406506958653889,2.789047474188198,1.6109730611600923,-10.02930866617207,-2.8593857190653496,-0.8756201434323767,-6.822483017212068
rock,rock.00065.wav,767.9931029718515,628.7035360106012,0.06141279062741686,0.10092816,-257.38030640809393,252.55539940604345,-32.19937381633733,-33.4363980537302,44.526492825954065,9.605749856410439,-14.921580605194588,12.104321461965725,9.988972938869118,-3.0318617380587245,4.159394535432894,2.652499873001849,-4.968358114591163
rock,rock.00066.wav,681.2777326120937,606.658604618238,0.04533840571829079,0.03913782,-376.80702471770906,212.70428951748056,-12.094759769288977,-22.130644125983405,38.0990379017392,10.211835742092378,-17.625803847242747,0.5661915187174421,2.204324789101781,-8.335077235830253,-2.810278879862933,-2.2629948954838186,-9.055679119099576
rock,rock.00067.wav,636.8321130188268,581.8084756792513,0.0434883749033256,0.09374687,-279.0432850354654,238.01435068843645,-8.45637689903826,-21.422787377134426,38.93713464539331,7.018784345043299,-16.520068433882834,8.03267371299576,7.139306411282076,-6.3250854342168585,0.9382634843524373,1.8008363213787777,-6.470047380957678
rock,rock.00068.wav,642.4383908939633,604.8025259398622,0.04203599308778035,0.08383193,-296.83889978019795,258.23880396423215,-23.816603690659026,-24.206299816347713,49.70660991444018,13.273629467200728,-12.261367522532021,7.131387711374461,1.4158857110137264,-6.9534003498457535,0.9601429053284097,0.005430598472080926,-1.8013130959042722
rock,rock.00069.wav,656.5894665095171,584.0921874242243,0.04621791618329466,0.04231866,-359.5906183338804,230.01860431413527,-11.904529093289332,-19.002974429560336,41.54739902244084,7.339866089127728,-20.80931895868079,-2.9682370536485316,-2.9578160998365632,-10.623888624411585,-1.987909574519063,1.394829969207808,-2.6894070677257598
rock,rock.00070.wav,651.0875495992756,618.7119836496485,0.04144310711523588,0.047058452,-342.26558321644046,200.3742587442036,-3.15544286014891,-10.913079261951474,43.48173859189304,14.765429583615587,-14.30015525940988,1.3764296014050599,1.603693541554927,-13.715687646058223,-10.776778005518535,-2.531564846566838,-3.875091456849206
rock,rock.00071.wav,617.1997690903587,582.0957878332739,0.042774268295630316,0.15383829,-242.5264006215171,261.11624544103057,-18.189107383908176,-30.768990806111738,46.07034385630652,19.21225206272476,-9.379109718226319,9.584407403955293,8.419218656771823,-0.9658822271455124,6.400364106560505,3.688505804021441,-3.711630931357082
rock,rock.00072.wav,555.6272549192016,534.1270464680769,0.03747152636794277,0.15905055,-244.65473579164026,249.47802727279023,0.1750548809969574,-25.164458861612903,39.883409312681145,19.313254846777404,-11.636685769344929,3.915830326101897,9.1626507012181,-0.11227412042612184,2.8322068408018626,2.929896172253577,-2.112670937060127
rock,rock.00073.wav,633.1232372734439,593.1037508020045,0.04495888316898685,0.15890704,-229.583719043478,260.6080429953114,-20.357720140632857,-29.77631874516964,45.976413543155346,14.87654920202389,-13.050387117649198,9.275823941308667,8.89691003515344,-2.694135930573086,2.5688585134131428,1.9094318551066325,-2.1928988634165605
rock,rock.00074.wav,587.9500648143131,580.3364103598817,0.03640697505800464,0.14718148,-241.4986252357727,248.9545450742166,-9.876926393357119,-24.68141962109346,45.44276805366893,17.839731185791216,-12.917971658864937,7.261809601135464,9.971481741041707,-3.348592403221322,-0.7978614362047048,0.545883269707801,-2.1019675782007
rock,rock.00075.wav,590.3490922521304,564.7437698799415,0.04368361187645012,0.11885129,-277.0390473234944,247.8249133162835,-8.10117246707675,-23.54371233687582,43.95718724657968,17.584748032007923,-11.538132369575758,6.313757890375184,9.153386753052025,-0.13686386328703368,2.6356851914224153,0.4531470539681634,-4.479480228206737
rock,rock.00076.wav,550.8937966601022,531.5633731211135,0.036837478248259864,0.14083734,-267.30674894660825,244.91483132468804,1.0153012240906039,-26.047200971006387,40.2069622187813,23.355212039377207,-8.831152775383016,4.544264317097982,8.74283812783151,-3.192070846514398,-0.15833506621780236,3.114082911488372,-2.310529898995052
rock,rock.00077.wav,612.2187427290633,569.5005341911307,0.044225894842420725,0.12270121,-262.8919484706355,249.651835783096,-12.374032209282714,-29.360101731541924,40.37587240610107,17.09377400158227,-8.810405707914423,9.792721204563442,9.73409880794537,-1.1428234356262084,3.752636942027612,2.580290659843357,-4.197944022233149
rock,rock.00078.wav,536.3265457270392,543.0696124548804,0.033514295726991494,0.14073032,-265.86671657495276,232.81897401495726,3.995956474645817,-25.203105900501523,40.32672205983671,26.35700380702331,-11.53802438765812,0.31723328427324443,12.920531520177725,1.6247891548696423,-0.976707769320094,4.112575550039433,0.4892216446309426
rock,rock.00079.wav,722.3344040170898,591.0820253035195,0.054081774458623354,0.10821949,-256.7304324323335,265.1226661921801,-26.066927031145344,-35.475176356991106,43.65314909703225,11.546227866169362,-17.767391844861628,6.388101928011403,7.208446115761871,-5.674161615095381,0.09811842603602412,1.029883973674164,-5.573680382254258
rock,rock.00080.wav,762.7550812630254,615.2715417243703,0.05878521062935035,0.09235364,-259.53450950479873,254.14929771820215,-26.600539792460783,-33.83843115937251,42.39415426686572,10.253585548002064,-18.10141624534784,5.975730118744689,7.4417524674946645,-6.620490582061569,-3.6488081540964417,-1.401095307070302,-3.9105251717214675
rock,rock.00081.wav,815.4078556142008,598.8919326501751,0.061706967807424594,0.08524525,-287.3222682886785,243.6406103094158,-33.99168067661888,-39.58076293915977,36.11838097081002,6.958764353532288,-18.754747073071247,2.391605271926243,4.7721340814098765,-3.5441907028269064,-1.2471306934556963,-1.7681950591555444,-2.6987826773507586
rock,rock.00082.wav,829.5385729701594,630.4413841614283,0.06534396449632637,0.0780171,-279.6573706093738,254.33575734267671,-38.79684270461131,-35.4291074579751,43.931488231637644,7.988517949539608,-15.78088150074543,9.01796257522781,7.490652445655268,-3.820337825803628,0.04898429351513289,-0.2501551537548581,-3.1894520458818936
rock,rock.00083.wav,600.7072712165045,572.7383395758786,0.04021013087296984,0.09695675,-283.7305231995822,260.0897553950687,-10.988584540744226,-22.156669646698784,47.36531906382228,12.42290846052937,-16.799615197285743,6.91810464377995,6.425019433785482,-7.587668356152031,-0.9537215548980655,1.0855554336209436,-4.502351002296381
rock,rock.00084.wav,729.8013084588889,604.1009417091065,0.05851897839327146,0.096445784,-271.62489623405185,260.1926170276526,-27.208398685903738,-32.46350370345045,46.73344269669127,14.468114081316871,-14.269444080637568,7.743117741624432,6.964661329936403,-5.425650296835159,-0.5729777546087219,-0.07698816392252311,-5.108516998470347
rock,rock.00085.wav,781.4644897847113,606.9951860575811,0.05629433427590874,0.057281304,-336.08414953273683,235.36037035474968,-28.595591080543493,-36.22080810036712,38.860272212221005,9.868536013425487,-20.39744042361177,1.5931935242083628,5.154213458592211,-7.238202752755212,-4.670056969445645,-4.872773562276716,-8.501396295600607
rock,rock.00086.wav,813.8570526707152,637.2846369938502,0.059788962804524365,0.06416893,-311.3159533319239,226.99937331629206,-31.34816648198868,-28.792381196949187,41.099430373046694,6.453986280551913,-18.37019873081653,1.6873977540627383,0.024495644914672387,-6.397275796712291,0.7172564392097951,-0.6326749198324816,-2.9596465395929434
rock,rock.00087.wav,799.3339686700997,644.0903589594991,0.06433492543986852,0.14918168,-218.03597421521036,268.58548390450903,-44.21352198866908,-34.86040494109926,50.85885795810302,7.229678243621872,-17.724229620403747,11.528025521753884,7.482340820585171,-3.9508302811731775,3.0484827327679187,0.4102539844757542,-4.2528012811700995
rock,rock.00088.wav,920.8929958559745,663.7866595211146,0.07096127586040217,0.07566157,-279.69509540702467,232.81840877929295,-46.802161973834274,-37.540988913716745,44.59397954502261,5.7298873243506385,-21.611079431163574,6.373888801284983,6.2619005623181705,-5.735240722729596,0.9948904335321774,0.9595079426490488,-4.3622465246794695
rock,rock.00089.wav,629.2264025762734,551.6739202451611,0.04591543104698376,0.10217973,-290.3337769530428,248.37648363611328,-9.280470018322669,-34.78454969274692,37.06310150658317,20.355506284133117,-10.726793296121762,5.983920739282385,10.339750088779647,-4.2699493682506775,-2.0278374751032557,2.7822877890554745,-3.852104915232769
rock,rock.00090.wav,741.6671046157977,560.7305235762254,0.05941737057714617,0.14356583,-256.42816159728517,241.95487921307912,-24.922457534506748,-36.718428340423586,32.946199680977124,7.563201254869834,-13.128829862540535,7.405238554878582,2.727354053639643,-9.5395270856582,-2.454166341691443,-0.9921234984752164,-4.5151009382439735
rock,rock.00091.wav,838.0245721528383,651.3733486311784,0.06421936932037896,0.09370092,-265.2470400942504,283.21976653209333,-61.53154183746973,-33.28594176825231,52.37793693964449,0.9698434166732489,-11.746761289924345,12.172799472599205,-0.695650874280452,-1.7922097528661503,5.50406132188807,-1.7930231866132487,-1.3001545346581718
rock,rock.00092.wav,893.9036827393079,664.1500744908626,0.06959386177977571,0.09111943,-255.58064064404525,270.7100454213005,-60.868231775038005,-36.27174020846293,52.6330184155829,-0.6869750180136889,-22.56132422253032,6.811115055508927,-1.8592959568205147,-8.929605036365645,0.6760947921770156,-3.407541611772258,-4.807941830714919
rock,rock.00093.wav,794.8470539660793,636.9499350882784,0.0553056874758314,0.09898843,-273.96816063447625,265.1916866593326,-46.46324160730409,-38.96781419318178,51.24772593150101,9.410278018735767,-19.74823930075259,8.627941337709252,4.997561479785698,-4.878779906537432,4.865636666245788,-2.544410348834578,-10.469857681307158
rock,rock.00094.wav,837.7037903859683,698.4168050832482,0.06296335738109049,0.08602937,-272.8985603199569,253.3111903053979,-55.281689921539225,-27.024773824933316,59.64325368622424,7.389672458539674,-15.493354012052233,12.387578845521412,3.474019174506649,-4.746329430063279,2.1533762641398035,-6.315570573639565,-10.498976334241341
rock,rock.00095.wav,630.1428370320688,590.3803680020317,0.04024487323569219,0.07526979,-318.7305570440119,263.0756417363338,-23.3436473192583,-21.17838045515359,51.29534759223134,7.708794549713266,-17.923317201942638,6.559518131373097,0.6382126317789831,-7.51089531546335,4.635481524391655,1.5732456950117264,-5.483291868931774
rock,rock.00096.wav,700.0813873558806,611.9619203402294,0.04761742918600154,0.07175054,-306.15536017485874,267.9942877224912,-32.08769349208608,-30.92226486562617,50.789776074868314,9.627898779568064,-18.302356265086566,7.8795794817394285,0.45422983771249725,-11.470252512386029,3.8758794674327106,2.670111821854037,-8.750195650953572
rock,rock.00097.wav,774.1936524540084,637.4134416175825,0.05740344644238206,0.073286936,-296.94134624742406,275.2436885079282,-48.593977700139234,-33.02712546393428,52.78713056100756,5.277909413345706,-14.629920843912043,13.14278261973994,-0.25722876712647696,-10.73084985294099,1.9980483902302653,-2.690667731515908,-9.585451060749545
rock,rock.00098.wav,493.7314794737413,533.1594288956032,0.02706958744199536,0.08188675,-341.459632241646,224.17103721630292,6.7653605369302205,-10.435936852165902,47.841066657252085,21.169131340628958,-13.457590312206802,3.287752108211572,10.720508226607555,-1.510343387186775,-0.4991903869259189,1.5360144893180303,-4.6606548829058045
rock,rock.00099.wav,610.1627967852867,571.7745519893356,0.0428501728054911,0.05071121,-372.26244136249596,245.91969114529124,-11.015178152355388,-22.06825263492801,46.53565473408875,19.413902230664565,-9.868445279185094,4.216803822036039,5.416566063579961,1.5249720187676183,7.488573772945523,1.6991383665291238,-7.236030260814317
